LINESTRING (-124 40, -123.9995 40.02308, -123.999 40.04371, -123.9985 40.05978, -123.998 40.06979, -123.9975 40.07305, -123.997 40.06981, -123.9965 40.06117, -123.996 40.04899, -123.9955 40.03557, -123.995 40.02342, -123.9945 40.01486, -123.994 40.0117, -123.9935 40.01506, -123.993 40.02514, -123.9925 40.04126, -123.992 40.0619, -123.9915 40.08493, -123.991 40.10791, -123.9905 40.12839, -123.99 40.14427, -123.9895 40.15405, -123.989 40.15708, -123.9885 40.15361, -123.988 40.14476, -123.9875 40.1324, -123.987 40.11884, -123.9865 40.10659, -123.986 40.09794, -123.9855 40.09473, -123.985 40.09803, -123.9845 40.10805, -123.984 40.12408, -123.9835 40.14458, -123.983 40.16742, -123.9825 40.19016, -123.982 40.21035, -123.9815 40.22589, -123.981 40.23531, -123.9805 40.23797, -123.98 40.23412, -123.9795 40.22492, -123.979 40.21224, -123.9785 40.1984, -123.978 40.1859, -123.9775 40.17704, -123.977 40.17364, -123.9765 40.17675, -123.976 40.18657, -123.9755 40.20236, -123.975 40.22259, -123.9745 40.24511, -123.974 40.26747, -123.9735 40.28723, -123.973 40.3023, -123.9725 40.31122, -123.972 40.31337, -123.9715 40.30902, -123.971 40.29934, -123.9705 40.2862, -123.97 40.27195, -123.9695 40.25908, -123.969 40.24988, -123.9685 40.24615, -123.968 40.24895, -123.9675 40.25843, -123.967 40.27386, -123.9665 40.29369, -123.966 40.31576, -123.9655 40.33761, -123.965 40.35682, -123.9645 40.37129, -123.964 40.37959, -123.9635 40.38111, -123.963 40.37613, -123.9625 40.36585, -123.962 40.35215, -123.9615 40.33737, -123.961 40.324, -123.9605 40.31434, -123.96 40.31017, -123.9595 40.31253, -123.959 40.32157, -123.9585 40.33653, -123.958 40.35584, -123.9575 40.37734, -123.957 40.39858, -123.9565 40.41712, -123.956 40.43089, -123.9555 40.43846, -123.955 40.43923, -123.9545 40.43353, -123.954 40.42254, -123.9535 40.40816, -123.953 40.39275, -123.9525 40.37879, -123.952 40.36857, -123.9515 40.36386, -123.951 40.36568, -123.9505 40.37417, -123.95 40.38856, -123.9495 40.40726, -123.949 40.4281, -123.9485 40.44862, -123.948 40.4664, -123.9475 40.47937, -123.947 40.48612, -123.9465 40.48606, -123.946 40.47954, -123.9455 40.46775, -123.945 40.45262, -123.9445 40.43648, -123.944 40.42185, -123.9435 40.41098, -123.943 40.40565, -123.9425 40.40686, -123.942 40.41473, -123.9415 40.42846, -123.941 40.44647, -123.9405 40.46657, -123.94 40.4863, -123.9395 40.50324, -123.939 40.51534, -123.9385 40.5212, -123.938 40.52024, -123.9375 40.51283, -123.937 40.50019, -123.9365 40.48422, -123.936 40.46731, -123.9355 40.45193, -123.935 40.44036, -123.9345 40.43435, -123.934 40.43488, -123.9335 40.44207, -123.933 40.45509, -123.9325 40.47235, -123.932 40.49166, -123.9315 40.51055, -123.931 40.5266, -123.9305 40.53778, -123.93 40.54269, -123.9295 40.54079, -123.929 40.53245, -123.9285 40.5189, -123.928 40.50207, -123.9275 40.48433, -123.927 40.46817, -123.9265 40.45586, -123.926 40.44912, -123.9255 40.44895, -123.925 40.45541, -123.9245 40.46769, -123.924 40.48417, -123.9235 40.50265, -123.923 40.52067, -123.9225 40.53581, -123.922 40.54603, -123.9215 40.54998, -123.921 40.54711, -123.9205 40.53781, -123.92 40.52333, -123.9195 40.50561, -123.919 40.48704, -123.9185 40.47008, -123.918 40.45701, -123.9175 40.44954, -123.917 40.44864, -123.9165 40.45437, -123.916 40.4659, -123.9155 40.48159, -123.915 40.49924, -123.9145 40.51638, -123.914 40.5306, -123.9135 40.53987, -123.913 40.54285, -123.9125 40.53901, -123.912 40.52875, -123.9115 40.51335, -123.911 40.49476, -123.9105 40.47535, -123.91 40.45761, -123.9095 40.44378, -123.909 40.43559, -123.9085 40.43398, -123.908 40.439, -123.9075 40.44978, -123.907 40.4647, -123.9065 40.48153, -123.906 40.49781, -123.9055 40.51113, -123.905 40.51947, -123.9045 40.5215, -123.904 40.51672, -123.9035 40.50554, -123.903 40.48925, -123.9025 40.4698, -123.902 40.44959, -123.9015 40.43109, -123.901 40.41655, -123.9005 40.40768, -123.9 40.40539, -123.8995 40.40973, -123.899 40.41981, -123.8985 40.43399, -123.898 40.45005, -123.8975 40.46551, -123.897 40.47797, -123.8965 40.48543, -123.896 40.48656, -123.8955 40.48088, -123.895 40.46883, -123.8945 40.4517, -123.894 40.43145, -123.8935 40.41049, -123.893 40.3913, -123.8925 40.3761, -123.892 40.3666, -123.8915 40.36369, -123.891 40.36741, -123.8905 40.37686, -123.89 40.39036, -123.8895 40.40571, -123.889 40.42042, -123.8885 40.43209, -123.888 40.43873, -123.8875 40.43904, -123.887 40.43253, -123.8865 40.41968, -123.886 40.40177, -123.8855 40.38081, -123.885 40.35918, -123.8845 40.33936, -123.884 40.32359, -123.8835 40.31353, -123.883 40.3101, -123.8825 40.31327, -123.882 40.32216, -123.8815 40.33508, -123.881 40.3498, -123.8805 40.36384, -123.88 40.37481, -123.8795 40.38073, -123.879 40.38029, -123.8785 40.37305, -123.878 40.35949, -123.8775 40.34091, -123.877 40.31932, -123.8765 40.29712, -123.876 40.27678, -123.8755 40.26052, -123.875 40.25002, -123.8745 40.24614, -123.874 40.24888, -123.8735 40.25732, -123.873 40.26975, -123.8725 40.28394, -123.872 40.29742, -123.8715 40.30779, -123.871 40.31309, -123.8705 40.31202, -123.87 40.30416, -123.8695 40.28999, -123.869 40.27085, -123.8685 40.24875, -123.868 40.22608, -123.8675 40.20533, -123.867 40.18871, -123.8665 40.17788, -123.866 40.17368, -123.8655 40.1761, -123.865 40.18419, -123.8645 40.19626, -123.864 40.21005, -123.8635 40.22308, -123.863 40.23297, -123.8625 40.23777, -123.862 40.23619, -123.8615 40.22783, -123.861 40.21318, -123.8605 40.19361, -123.86 40.17112, -123.8595 40.14812, -123.859 40.12709, -123.8585 40.11023, -123.858 40.09919, -123.8575 40.0948, -123.857 40.09703, -123.8565 40.10491, -123.856 40.11674, -123.8555 40.13025, -123.855 40.14297, -123.8545 40.15252, -123.854 40.15695, -123.8535 40.15499, -123.853 40.14626, -123.8525 40.13128, -123.852 40.1114, -123.8515 40.08866, -123.851 40.06547, -123.8505 40.04429, -123.85 40.02733, -123.8495 40.01622, -123.849 40.01178, -123.8485 40.01395, -123.848 40.02177, -123.8475 40.03349, -123.847 40.04687, -123.8465 40.05941, -123.846 40.06876, -123.8455 40.07295, -123.845 40.07076, -123.8445 40.06181, -123.844 40.04663, -123.8435 40.02659, -123.843 40.00374, -123.8425 39.98049, -123.842 39.95932, -123.8415 39.9424, -123.841 39.93136, -123.8405 39.92701, -123.84 39.92927, -123.8395 39.93716, -123.839 39.94893, -123.8385 39.96231, -123.838 39.97482, -123.8375 39.9841, -123.837 39.98822, -123.8365 39.98594, -123.836 39.9769, -123.8355 39.96166, -123.835 39.94161, -123.8345 39.9188, -123.834 39.89564, -123.8335 39.87461, -123.833 39.85788, -123.8325 39.84706, -123.832 39.84295, -123.8315 39.84544, -123.831 39.85354, -123.8305 39.86549, -123.83 39.87902, -123.8295 39.89165, -123.829 39.90101, -123.8285 39.90518, -123.828 39.90295, -123.8275 39.89398, -123.827 39.87882, -123.8265 39.85891, -123.826 39.83627, -123.8255 39.81335, -123.825 39.7926, -123.8245 39.7762, -123.824 39.76574, -123.8235 39.762, -123.823 39.76487, -123.8225 39.77332, -123.822 39.7856, -123.8215 39.79942, -123.821 39.8123, -123.8205 39.82187, -123.82 39.82624, -123.8195 39.8242, -123.819 39.81542, -123.8185 39.8005, -123.818 39.78085, -123.8175 39.75853, -123.817 39.73598, -123.8165 39.71565, -123.816 39.69972, -123.8155 39.68975, -123.815 39.68652, -123.8145 39.68989, -123.814 39.69883, -123.8135 39.71157, -123.813 39.7258, -123.8125 39.73906, -123.812 39.74898, -123.8115 39.75367, -123.811 39.75195, -123.8105 39.74351, -123.81 39.72894, -123.8095 39.70968, -123.809 39.68781, -123.8085 39.66575, -123.808 39.64597, -123.8075 39.63063, -123.807 39.62128, -123.8065 39.61868, -123.806 39.62268, -123.8055 39.63223, -123.805 39.64553, -123.8045 39.66031, -123.804 39.67406, -123.8035 39.68445, -123.803 39.68958, -123.8025 39.6883, -123.802 39.68029, -123.8015 39.66619, -123.801 39.64744, -123.8005 39.62613, -123.8 39.60468, -123.7995 39.58556, -123.799 39.57092, -123.7985 39.5623, -123.798 39.56044, -123.7975 39.56517, -123.797 39.57543, -123.7965 39.58942, -123.796 39.60483, -123.7955 39.61919, -123.795 39.63014, -123.7945 39.63582, -123.794 39.63506, -123.7935 39.6276, -123.793 39.61407, -123.7925 39.59593, -123.792 39.57527, -123.7915 39.55452, -123.791 39.53616, -123.7905 39.52231, -123.79 39.51451, -123.7895 39.51348, -123.789 39.51903, -123.7885 39.53009, -123.788 39.54484, -123.7875 39.56098, -123.787 39.57602, -123.7865 39.58762, -123.786 39.59392, -123.7855 39.59379, -123.785 39.58695, -123.7845 39.57406, -123.784 39.5566, -123.7835 39.53667, -123.783 39.51671, -123.7825 39.49918, -123.782 39.48619, -123.7815 39.47928, -123.781 39.47915, -123.7805 39.48559, -123.78 39.49752, -123.7795 39.5131, -123.779 39.53003, -123.7785 39.54582, -123.778 39.55813, -123.7775 39.56512, -123.777 39.56565, -123.7765 39.5595, -123.776 39.54732, -123.7755 39.5306, -123.775 39.51146, -123.7745 39.49233, -123.774 39.47567, -123.7735 39.46361, -123.773 39.45764, -123.7725 39.45845, -123.772 39.46583, -123.7715 39.47867, -123.771 39.49513, -123.7705 39.51289, -123.77 39.52946, -123.7695 39.54252, -123.769 39.55023, -123.7685 39.55148, -123.768 39.54604, -123.7675 39.5346, -123.767 39.51865, -123.7665 39.50033, -123.766 39.48207, -123.7655 39.46632, -123.765 39.4552, -123.7645 39.4502, -123.764 39.45198, -123.7635 39.46032, -123.763 39.47409, -123.7625 39.49144, -123.762 39.51005, -123.7615 39.52742, -123.761 39.54125, -123.7605 39.54969, -123.76 39.55167, -123.7595 39.54696, -123.759 39.53626, -123.7585 39.5211, -123.758 39.5036, -123.7575 39.48622, -123.757 39.47138, -123.7565 39.46121, -123.756 39.45717, -123.7555 39.45993, -123.755 39.46923, -123.7545 39.48392, -123.754 39.50216, -123.7535 39.52161, -123.753 39.53978, -123.7525 39.55436, -123.752 39.56353, -123.7515 39.56621, -123.751 39.56222, -123.7505 39.55226, -123.75 39.53787, -123.7495 39.52118, -123.749 39.50464, -123.7485 39.49071, -123.748 39.48146, -123.7475 39.47837, -123.747 39.48207, -123.7465 39.49229, -123.746 39.50789, -123.7455 39.52699, -123.745 39.54724, -123.7445 39.56617, -123.744 39.58147, -123.7435 39.59134, -123.743 39.5947, -123.7425 39.59138, -123.742 39.58212, -123.7415 39.56846, -123.741 39.55253, -123.7405 39.53681, -123.74 39.52372, -123.7395 39.51536, -123.739 39.51316, -123.7385 39.51776, -123.738 39.52887, -123.7375 39.54531, -123.737 39.56521, -123.7365 39.58622, -123.736 39.60586, -123.7355 39.62182, -123.735 39.63232, -123.7345 39.6363, -123.734 39.6336, -123.7335 39.62497, -123.733 39.61197, -123.7325 39.59676, -123.732 39.58178, -123.7315 39.56948, -123.731 39.56192, -123.7305 39.56056, -123.73 39.56598, -123.7295 39.5779, -123.729 39.59511, -123.7285 39.61574, -123.728 39.63743, -123.7275 39.6577, -123.727 39.67425, -123.7265 39.68529, -123.726 39.68981, -123.7255 39.68765, -123.725 39.67958, -123.7245 39.66716, -123.724 39.65256, -123.7235 39.63825, -123.723 39.62664, -123.7225 39.61981, -123.722 39.61919, -123.7215 39.62535, -123.721 39.63798, -123.7205 39.65587, -123.72 39.67714, -123.7195 39.69941, -123.719 39.72021, -123.7185 39.73724, -123.718 39.74874, -123.7175 39.75369, -123.717 39.75197, -123.7165 39.74435, -123.716 39.73241, -123.7155 39.71833, -123.715 39.70458, -123.7145 39.69356, -123.714 39.68735, -123.7135 39.68736, -123.713 39.69414, -123.7125 39.70738, -123.712 39.72584, -123.7115 39.74763, -123.711 39.77037, -123.7105 39.79159, -123.71 39.80899, -123.7095 39.82083, -123.709 39.8261, -123.7085 39.8247, -123.708 39.81741, -123.7075 39.80584, -123.707 39.79216, -123.7065 39.77884, -123.706 39.7683, -123.7055 39.76259, -123.705 39.7631, -123.7045 39.7704, -123.704 39.78411, -123.7035 39.80302, -123.703 39.8252, -123.7025 39.84829, -123.702 39.86979, -123.7015 39.88744, -123.701 39.89949, -123.7005 39.90495, -123.7 39.90374, -123.6995 39.89666, -123.699 39.88532, -123.6985 39.87191, -123.698 39.8589, -123.6975 39.8487, -123.697 39.84335, -123.6965 39.84424, -123.696 39.8519, -123.6955 39.86596, -123.695 39.88518, -123.6945 39.90762, -123.694 39.93091, -123.6935 39.95257, -123.693 39.97032, -123.6925 39.98245, -123.692 39.98797, -123.6915 39.98681, -123.691 39.97979, -123.6905 39.96855, -123.69 39.95527, -123.6895 39.94243, -123.689 39.93243, -123.6885 39.92731, -123.688 39.92843, -123.6875 39.93632, -123.687 39.95059, -123.6865 39.96997, -123.686 39.99253, -123.6855 40.01588, -123.685 40.03755, -123.6845 40.05527, -123.684 40.06732, -123.6835 40.07275, -123.683 40.0715, -123.6825 40.06441, -123.682 40.05312, -123.6815 40.03983, -123.681 40.02701, -123.6805 40.01707, -123.68 40.01203, -123.6795 40.01325, -123.679 40.02122, -123.6785 40.03555, -123.678 40.05495, -123.6775 40.07748, -123.677 40.10075, -123.6765 40.12228, -123.676 40.13982, -123.6755 40.15166, -123.675 40.15685, -123.6745 40.15537, -123.674 40.14806, -123.6735 40.13658, -123.673 40.12314, -123.6725 40.1102, -123.672 40.10018, -123.6715 40.09508, -123.671 40.09624, -123.6705 40.10416, -123.67 40.1184, -123.6695 40.13768, -123.669 40.16004, -123.6685 40.18308, -123.668 40.20434, -123.6675 40.22155, -123.667 40.23303, -123.6665 40.23786, -123.666 40.236, -123.6655 40.22833, -123.665 40.21652, -123.6645 40.20278, -123.664 40.18959, -123.6635 40.17935, -123.663 40.17405, -123.6625 40.17502, -123.662 40.18274, -123.6615 40.19676, -123.661 40.21578, -123.6605 40.23783, -123.66 40.26052, -123.6595 40.28135, -123.659 40.29811, -123.6585 40.3091, -123.658 40.31342, -123.6575 40.31105, -123.657 40.3029, -123.6565 40.29063, -123.656 40.27646, -123.6555 40.26288, -123.655 40.25229, -123.6545 40.24666, -123.654 40.24732, -123.6535 40.25471, -123.653 40.26838, -123.6525 40.28702, -123.652 40.30863, -123.6515 40.33083, -123.651 40.35112, -123.6505 40.3673, -123.65 40.37767, -123.6495 40.38136, -123.649 40.37837, -123.6485 40.3696, -123.648 40.35675, -123.6475 40.34204, -123.647 40.32796, -123.6465 40.31689, -123.646 40.31082, -123.6455 40.31104, -123.645 40.318, -123.6445 40.3312, -123.644 40.34934, -123.6435 40.3704, -123.643 40.392, -123.6425 40.41164, -123.642 40.42712, -123.6415 40.43677, -123.641 40.43972, -123.6405 40.43599, -123.64 40.42651, -123.6395 40.41297, -123.639 40.39762, -123.6385 40.38293, -123.638 40.37129, -123.6375 40.36468, -123.637 40.36436, -123.6365 40.37078, -123.636 40.38342, -123.6355 40.40096, -123.635 40.42137, -123.6345 40.44227, -123.634 40.46117, -123.6335 40.47586, -123.633 40.48469, -123.6325 40.48681, -123.632 40.48226, -123.6315 40.47197, -123.631 40.45766, -123.6305 40.44158, -123.63 40.4262, -123.6295 40.41391, -123.629 40.40667, -123.6285 40.40574, -123.628 40.41153, -123.6275 40.42353, -123.627 40.44039, -123.6265 40.46009, -123.626 40.48021, -123.6255 40.49829, -123.625 40.51212, -123.6245 40.52006, -123.624 40.52128, -123.6235 40.51584, -123.623 40.50468, -123.6225 40.48953, -123.622 40.47265, -123.6215 40.45652, -123.621 40.44352, -123.6205 40.43558, -123.62 40.43398, -123.6195 40.43909, -123.619 40.45039, -123.6185 40.46652, -123.618 40.48543, -123.6175 40.50473, -123.617 40.52193, -123.6165 40.53485, -123.616 40.54186, -123.6155 40.54213, -123.615 40.53575, -123.6145 40.52367, -123.614 40.50764, -123.6135 40.48992, -123.613 40.473, -123.6125 40.45924, -123.612 40.45058, -123.6115 40.44827, -123.611 40.45266, -123.6105 40.46323, -123.61 40.47859, -123.6095 40.49669, -123.609 40.51513, -123.6085 40.53143, -123.608 40.54341, -123.6075 40.54945, -123.607 40.54876, -123.6065 40.54141, -123.606 40.5284, -123.6055 40.51147, -123.605 40.4929, -123.6045 40.47516, -123.604 40.46063, -123.6035 40.45124, -123.603 40.44819, -123.6025 40.45186, -123.602 40.46169, -123.6015 40.47626, -123.601 40.49355, -123.6005 40.51112, -123.6 40.52652, -123.5995 40.53755, -123.599 40.54263, -123.5985 40.54096, -123.598 40.53266, -123.5975 40.51871, -123.597 40.50089, -123.5965 40.48147, -123.596 40.46293, -123.5955 40.44764, -123.595 40.43752, -123.5945 40.43376, -123.594 40.43672, -123.5935 40.44581, -123.593 40.45962, -123.5925 40.47611, -123.592 40.49284, -123.5915 40.50734, -123.591 40.51745, -123.5905 40.52159, -123.59 40.51898, -123.5895 40.50973, -123.589 40.49488, -123.5885 40.4762, -123.588 40.45596, -123.5875 40.43665, -123.587 40.42064, -123.5865 40.40982, -123.586 40.40538, -123.5855 40.40766, -123.585 40.41606, -123.5845 40.42916, -123.584 40.44488, -123.5835 40.4608, -123.583 40.47446, -123.5825 40.4837, -123.582 40.48694, -123.5815 40.48342, -123.581 40.4733, -123.5805 40.4576, -123.58 40.4381, -123.5795 40.41709, -123.579 40.39708, -123.5785 40.38039, -123.578 40.36893, -123.5775 40.36388, -123.577 40.36554, -123.5765 40.37331, -123.576 40.38575, -123.5755 40.40077, -123.575 40.41595, -123.5745 40.42883, -123.574 40.43726, -123.5735 40.43968, -123.573 40.43533, -123.5725 40.4244, -123.572 40.40791, -123.5715 40.38768, -123.571 40.36599, -123.5705 40.34533, -123.57 40.32806, -123.5695 40.31604, -123.569 40.31046, -123.5685 40.31158, -123.568 40.3188, -123.5675 40.33066, -123.567 40.34507, -123.5665 40.35959, -123.566 40.37178, -123.5655 40.37949, -123.565 40.38116, -123.5645 40.37609, -123.564 40.36443, -123.5635 40.34726, -123.563 40.32638, -123.5625 40.3041, -123.562 40.28291, -123.5615 40.26514, -123.561 40.25267, -123.5605 40.24664, -123.56 40.24733, -123.5595 40.2541, -123.559 40.26548, -123.5585 40.27938, -123.558 40.29336, -123.5575 40.30496, -123.557 40.31205, -123.5565 40.31309, -123.556 40.30739, -123.5555 40.29512, -123.555 40.27738, -123.5545 40.25597, -123.554 40.23321, -123.5535 40.21159, -123.553 40.19345, -123.5525 40.18063, -123.552 40.17428, -123.5515 40.17465, -123.551 40.18109, -123.5505 40.19211, -123.55 40.20562, -123.5495 40.21916, -123.549 40.23029, -123.5485 40.23689, -123.548 40.23743, -123.5475 40.23122, -123.547 40.21846, -123.5465 40.20027, -123.546 40.17846, -123.5455 40.15535, -123.545 40.13343, -123.5445 40.11504, -123.544 40.102, -123.5435 40.09546, -123.543 40.09564, -123.5425 40.10188, -123.542 40.11267, -123.5415 40.12591, -123.541 40.13916, -123.5405 40.14995, -123.54 40.15619, -123.5395 40.15635, -123.539 40.14977, -123.5385 40.13666, -123.538 40.11815, -123.5375 40.09607, -123.537 40.07275, -123.5365 40.05067, -123.536 40.03216, -123.5355 40.01906, -123.535 40.01246, -123.5345 40.01259, -123.534 40.01876, -123.5335 40.02946, -123.533 40.04258, -123.5325 40.05566, -123.532 40.06626, -123.5315 40.07227, -123.531 40.0722, -123.5305 40.06538, -123.53 40.05207, -123.5295 40.03339, -123.529 40.01118, -123.5285 39.98779, -123.528 39.96569, -123.5275 39.94721, -123.527 39.93417, -123.5265 39.92766, -123.526 39.92788, -123.5255 39.93413, -123.525 39.94489, -123.5245 39.95802, -123.524 39.97108, -123.5235 39.98163, -123.523 39.98756, -123.5225 39.9874, -123.522 39.9805, -123.5215 39.96712, -123.521 39.94841, -123.5205 39.92622, -123.52 39.9029, -123.5195 39.88093, -123.519 39.86263, -123.5185 39.8498, -123.518 39.84352, -123.5175 39.84397, -123.517 39.85044, -123.5165 39.8614, -123.516 39.87469, -123.5155 39.88788, -123.515 39.89851, -123.5145 39.9045, -123.514 39.90439, -123.5135 39.89755, -123.513 39.88425, -123.5125 39.86565, -123.512 39.84363, -123.5115 39.82053, -123.511 39.79883, -123.5105 39.78084, -123.51 39.76836, -123.5095 39.76245, -123.509 39.76328, -123.5085 39.77012, -123.508 39.78141, -123.5075 39.795, -123.507 39.80845, -123.5065 39.81931, -123.506 39.8255, -123.5055 39.82558, -123.505 39.81893, -123.5045 39.80585, -123.504 39.78751, -123.5035 39.76578, -123.503 39.74303, -123.5025 39.72174, -123.502 39.70421, -123.5015 39.69222, -123.501 39.68681, -123.5005 39.68815, -123.5 39.69548, -123.4995 39.70723, -123.499 39.72126, -123.4985 39.73509, -123.498 39.74631, -123.4975 39.75284, -123.497 39.75324, -123.4965 39.74691, -123.496 39.73417, -123.4955 39.71621, -123.495 39.69491, -123.4945 39.67264, -123.494 39.65188, -123.4935 39.63493, -123.493 39.62354, -123.4925 39.61877, -123.492 39.62074, -123.4915 39.62868, -123.491 39.64102, -123.4905 39.6556, -123.49 39.66994, -123.4895 39.68163, -123.489 39.68861, -123.4885 39.68944, -123.488 39.68355, -123.4875 39.67127, -123.487 39.6538, -123.4865 39.63305, -123.486 39.61137, -123.4855 39.59126, -123.485 39.57499, -123.4845 39.56433, -123.484 39.56029, -123.4835 39.563, -123.483 39.57166, -123.4825 39.58469, -123.482 39.59992, -123.4815 39.61488, -123.481 39.62714, -123.4805 39.63467, -123.48 39.63604, -123.4795 39.63069, -123.479 39.61897, -123.4785 39.60209, -123.478 39.58198, -123.4775 39.56099, -123.477 39.54161, -123.4765 39.52612, -123.476 39.51627, -123.4755 39.51306, -123.475 39.5166, -123.4745 39.52607, -123.474 39.53988, -123.4735 39.55584, -123.473 39.5715, -123.4725 39.58442, -123.472 39.59258, -123.4715 39.59456, -123.471 39.58983, -123.4705 39.57875, -123.47 39.56254, -123.4695 39.54314, -123.469 39.52292, -123.4685 39.50436, -123.468 39.48973, -123.4675 39.48076, -123.467 39.47845, -123.4665 39.48288, -123.466 39.49322, -123.4655 39.50788, -123.465 39.52465, -123.4645 39.54106, -123.464 39.55471, -123.4635 39.56355, -123.463 39.56622, -123.4625 39.56216, -123.462 39.55178, -123.4615 39.5363, -123.461 39.51767, -123.4605 39.49827, -123.46 39.48057, -123.4595 39.46685, -123.459 39.45882, -123.4585 39.45745, -123.458 39.46282, -123.4575 39.47409, -123.457 39.48963, -123.4565 39.50724, -123.456 39.52446, -123.4555 39.53886, -123.455 39.54844, -123.4545 39.55181, -123.454 39.54848, -123.4535 39.53882, -123.453 39.5241, -123.4525 39.50628, -123.452 39.48773, -123.4515 39.47093, -123.451 39.45814, -123.4505 39.45107, -123.45 39.45067, -123.4495 39.45701, -123.449 39.46922, -123.4485 39.48566, -123.448 39.50414, -123.4475 39.52217, -123.447 39.53735, -123.4465 39.54767, -123.446 39.55177, -123.4455 39.54916, -123.445 39.54024, -123.4445 39.5263, -123.444 39.50929, -123.4435 39.49159, -123.443 39.47569, -123.4425 39.46384, -123.442 39.45773, -123.4415 39.45831, -123.441 39.46561, -123.4405 39.47876, -123.44 39.4961, -123.4395 39.51543, -123.439 39.53428, -123.4385 39.55023, -123.438 39.56128, -123.4375 39.56609, -123.437 39.56419, -123.4365 39.556, -123.436 39.54281, -123.4355 39.5266, -123.435 39.50974, -123.4345 39.49473, -123.434 39.48379, -123.4335 39.47863, -123.433 39.48015, -123.4325 39.48838, -123.432 39.50244, -123.4315 39.52066, -123.431 39.54082, -123.4305 39.56044, -123.43 39.57712, -123.4295 39.58887, -123.429 39.59436, -123.4285 39.59314, -123.428 39.58564, -123.4275 39.57316, -123.427 39.5577, -123.4265 39.54165, -123.426 39.52747, -123.4255 39.51741, -123.425 39.51313, -123.4245 39.51556, -123.424 39.52468, -123.4235 39.5396, -123.423 39.55863, -123.4225 39.57956, -123.422 39.5999, -123.4215 39.61726, -123.421 39.62965, -123.4205 39.63576, -123.42 39.63515, -123.4195 39.62828, -123.419 39.61647, -123.4185 39.6017, -123.418 39.58637, -123.4175 39.57297, -123.417 39.56371, -123.4165 39.56027, -123.416 39.56352, -123.4155 39.57345, -123.415 39.58916, -123.4145 39.60894, -123.414 39.63056, -123.4135 39.65155, -123.413 39.6695, -123.4125 39.68245, -123.412 39.68911, -123.4115 39.68903, -123.411 39.68271, -123.4105 39.67146, -123.41 39.6573, -123.4095 39.64263, -123.409 39.62991, -123.4085 39.62137, -123.408 39.61866, -123.4075 39.62265, -123.407 39.63331, -123.4065 39.6497, -123.406 39.67014, -123.4055 39.69236, -123.405 39.71389, -123.4045 39.73234, -123.404 39.74576, -123.4035 39.75285, -123.403 39.75321, -123.4025 39.74733, -123.402 39.73656, -123.4015 39.7229, -123.401 39.70877, -123.4005 39.69664, -123.4 39.68871, -123.3995 39.68663, -123.399 39.69125, -123.3985 39.70252, -123.398 39.7195, -123.3975 39.74047, -123.397 39.76318, -123.3965 39.78514, -123.396 39.80398, -123.3955 39.81774, -123.395 39.82516, -123.3945 39.82584, -123.394 39.82029, -123.3935 39.80987, -123.393 39.7966, -123.3925 39.78289, -123.392 39.77122, -123.3915 39.76379, -123.391 39.76221, -123.3905 39.76734, -123.39 39.7791, -123.3895 39.79654, -123.389 39.81792, -123.3885 39.84099, -123.388 39.86326, -123.3875 39.88235, -123.387 39.89634, -123.3865 39.90395, -123.386 39.90482, -123.3855 39.89947, -123.385 39.88927, -123.3845 39.87626, -123.384 39.86285, -123.3835 39.85151, -123.383 39.84443, -123.3825 39.84323, -123.382 39.84873, -123.3815 39.86085, -123.381 39.87861, -123.3805 39.90026, -123.38 39.92355, -123.3795 39.94599, -123.379 39.96521, -123.3785 39.97927, -123.378 39.98695, -123.3775 39.98787, -123.377 39.98258, -123.3765 39.97247, -123.376 39.95957, -123.3755 39.94632, -123.375 39.93517, -123.3745 39.92831, -123.374 39.92735, -123.3735 39.93308, -123.373 39.94541, -123.3725 39.96335, -123.372 39.98514, -123.3715 40.00851, -123.371 40.03097, -123.3705 40.05017, -123.37 40.06417, -123.3695 40.07176, -123.369 40.07259, -123.3685 40.06722, -123.368 40.05705, -123.3675 40.04413, -123.367 40.03089, -123.3665 40.01979, -123.366 40.01301, -123.3655 40.01213, -123.365 40.01795, -123.3645 40.03035, -123.364 40.04833, -123.3635 40.0701, -123.363 40.09341, -123.3625 40.11576, -123.362 40.13478, -123.3615 40.14858, -123.361 40.15594, -123.3605 40.15653, -123.36 40.15094, -123.3595 40.14057, -123.359 40.12748, -123.3585 40.11411, -123.358 40.10292, -123.3575 40.09607, -123.357 40.09514, -123.3565 40.10091, -123.356 40.11324, -123.3555 40.1311, -123.355 40.15272, -123.3545 40.17582, -123.354 40.19791, -123.3535 40.21662, -123.353 40.23007, -123.3525 40.23706, -123.352 40.23728, -123.3515 40.23132, -123.351 40.22061, -123.3505 40.20722, -123.35 40.19358, -123.3495 40.18216, -123.349 40.1751, -123.3485 40.17399, -123.348 40.17956, -123.3475 40.19167, -123.347 40.20929, -123.3465 40.23062, -123.346 40.25338, -123.3455 40.27506, -123.345 40.29333, -123.3445 40.3063, -123.344 40.31279, -123.3435 40.31249, -123.343 40.30604, -123.3425 40.29485, -123.342 40.28103, -123.3415 40.26699, -123.341 40.25521, -123.3405 40.24782, -123.34 40.24638, -123.3395 40.25163, -123.339 40.26341, -123.3385 40.28065, -123.338 40.30157, -123.3375 40.32385, -123.337 40.34501, -123.3365 40.36271, -123.336 40.37507, -123.3355 40.38093, -123.335 40.38001, -123.3345 40.37293, -123.334 40.36116, -123.3335 40.34678, -123.333 40.33223, -123.3325 40.31996, -123.332 40.31212, -123.3315 40.31025, -123.331 40.31506, -123.3305 40.32638, -123.33 40.34314, -123.3295 40.36352, -123.329 40.38521, -123.3285 40.40574, -123.328 40.42276, -123.3275 40.4344, -123.327 40.43953, -123.3265 40.43786, -123.326 40.43006, -123.3255 40.41759, -123.325 40.40255, -123.3245 40.38738, -123.324 40.37454, -123.3235 40.36615, -123.323 40.36374, -123.3225 40.36801, -123.322 40.37878, -123.3215 40.39495, -123.321 40.4147, -123.3205 40.43571, -123.32 40.45551, -123.3195 40.47175, -123.319 40.48259, -123.3185 40.48688, -123.318 40.4844, -123.3175 40.47578, -123.317 40.46253, -123.3165 40.44674, -123.316 40.43087, -123.3155 40.41736, -123.315 40.40834, -123.3145 40.40531, -123.314 40.40897, -123.3135 40.4191, -123.313 40.43461, -123.3125 40.45365, -123.312 40.47391, -123.3115 40.49289, -123.311 40.50829, -123.3105 40.51824, -123.31 40.52164, -123.3095 40.51825, -123.309 40.50876, -123.3085 40.49466, -123.308 40.47807, -123.3075 40.46143, -123.307 40.44719, -123.3065 40.43747, -123.306 40.43376, -123.3055 40.43675, -123.305 40.44619, -123.3045 40.46097, -123.304 40.47925, -123.3035 40.49869, -123.303 40.51682, -123.3025 40.53131, -123.302 40.54034, -123.3015 40.54279, -123.301 40.53846, -123.3005 40.52804, -123.3 40.51305, -123.2995 40.4956, -123.299 40.47816, -123.2985 40.46315, -123.298 40.4527, -123.2975 40.44828, -123.297 40.45055, -123.2965 40.45926, -123.296 40.47329, -123.2955 40.49077, -123.295 40.50937, -123.2945 40.52661, -123.294 40.54017, -123.2935 40.54824, -123.293 40.54972, -123.2925 40.54443, -123.292 40.53306, -123.2915 40.51716, -123.291 40.49884, -123.2905 40.48057, -123.29 40.46478, -123.2895 40.45358, -123.289 40.44843, -123.2885 40.44998, -123.288 40.45796, -123.2875 40.47122, -123.287 40.48789, -123.2865 40.50565, -123.286 40.52199, -123.2855 40.53462, -123.285 40.54173, -123.2845 40.54224, -123.284 40.53598, -123.2835 40.52367, -123.283 40.50686, -123.2825 40.48768, -123.282 40.46859, -123.2815 40.45203, -123.281 40.44009, -123.2805 40.43423, -123.28 40.43506, -123.2795 40.44232, -123.279 40.45483, -123.2785 40.47071, -123.278 40.48763, -123.2775 40.5031, -123.277 40.51482, -123.2765 40.52099, -123.276 40.52055, -123.2755 40.51335, -123.275 40.50013, -123.2745 40.48243, -123.274 40.46242, -123.2735 40.44255, -123.273 40.42525, -123.2725 40.41261, -123.272 40.40606, -123.2715 40.40623, -123.271 40.41279, -123.2705 40.42459, -123.27 40.43973, -123.2695 40.45586, -123.269 40.4705, -123.2685 40.48134, -123.268 40.48662, -123.2675 40.48529, -123.267 40.4772, -123.2665 40.46311, -123.266 40.44459, -123.2655 40.4238, -123.265 40.4032, -123.2645 40.38522, -123.264 40.37193, -123.2635 40.36476, -123.263 40.36431, -123.2625 40.37025, -123.262 40.3814, -123.2615 40.39585, -123.261 40.41125, -123.2605 40.42512, -123.26 40.43517, -123.2595 40.43962, -123.259 40.43746, -123.2585 40.42855, -123.258 40.41367, -123.2575 40.3944, -123.257 40.3729, -123.2565 40.35165, -123.256 40.33307, -123.2555 40.31921, -123.255 40.3115, -123.2545 40.31051, -123.254 40.31591, -123.2535 40.32649, -123.253 40.34034, -123.2525 40.35511, -123.252 40.36829, -123.2515 40.37763, -123.251 40.38135, -123.2505 40.37844, -123.25 40.36881, -123.2495 40.35323, -123.249 40.3333, -123.2485 40.3112, -123.248 40.28939, -123.2475 40.2703, -123.247 40.25598, -123.2465 40.24783, -123.246 40.2464, -123.2455 40.25136, -123.245 40.26147, -123.2445 40.27483, -123.244 40.28905, -123.2435 40.30166, -123.243 40.31039, -123.2425 40.31348, -123.242 40.30995, -123.2415 40.29969, -123.241 40.28352, -123.2405 40.26305, -123.24 40.24045, -123.2395 40.21821, -123.239 40.19872, -123.2385 40.18405, -123.238 40.17557, -123.2375 40.17383, -123.237 40.17846, -123.2365 40.18822, -123.236 40.20119, -123.2355 40.215, -123.235 40.22715, -123.2345 40.23539, -123.234 40.23797, -123.2335 40.23393, -123.233 40.22319, -123.2325 40.20656, -123.232 40.18566, -123.2315 40.1627, -123.231 40.14014, -123.2305 40.12039, -123.23 40.10549, -123.2295 40.09681, -123.229 40.09488, -123.2285 40.09931, -123.228 40.10886, -123.2275 40.12158, -123.227 40.13509, -123.2265 40.14692, -123.226 40.1548, -123.2255 40.15702, -123.225 40.1526, -123.2245 40.14149, -123.224 40.12454, -123.2235 40.10336, -123.223 40.08016, -123.2225 40.05742, -123.222 40.03755, -123.2215 40.02256, -123.221 40.01382, -123.2205 40.01184, -123.22 40.01621, -123.2195 40.02568, -123.219 40.03828, -123.2185 40.05165, -123.218 40.06329, -123.2175 40.07096, -123.217 40.07294, -123.2165 40.06829, -123.216 40.05696, -123.2155 40.03982, -123.215 40.0185, -123.2145 39.99522, -123.214 39.97244, -123.2135 39.95258, -123.213 39.93765, -123.2125 39.92899, -123.212 39.9271, -123.2115 39.93156, -123.211 39.94109, -123.2105 39.95373, -123.21 39.96708, -123.2095 39.97868, -123.209 39.98627, -123.2085 39.98817, -123.208 39.98343, -123.2075 39.97203, -123.207 39.95484, -123.2065 39.93353, -123.206 39.9103, -123.2055 39.88764, -123.205 39.86794, -123.2045 39.85321, -123.204 39.84478, -123.2035 39.84312, -123.203 39.84781, -123.2025 39.85754, -123.202 39.87035, -123.2015 39.88384, -123.201 39.89554, -123.2005 39.9032, -123.2 39.90515, -123.1995 39.90046, -123.199 39.88913, -123.1985 39.87205, -123.198 39.85088, -123.1975 39.82785, -123.197 39.80544, -123.1965 39.78605, -123.196 39.77166, -123.1955 39.76359, -123.195 39.76232, -123.1945 39.76737, -123.194 39.77745, -123.1935 39.79057, -123.193 39.80433, -123.1925 39.81626, -123.192 39.82414, -123.1915 39.82628, -123.191 39.82178, -123.1905 39.81066, -123.19 39.79382, -123.1895 39.77293, -123.189 39.75024, -123.1885 39.72822, -123.188 39.70926, -123.1875 39.69535, -123.187 39.68779, -123.1865 39.68702, -123.186 39.69257, -123.1855 39.70313, -123.185 39.71669, -123.1845 39.73086, -123.184 39.74316, -123.1835 39.75137, -123.183 39.75383, -123.1825 39.74965, -123.182 39.73887, -123.1815 39.72239, -123.181 39.70192, -123.1805 39.67969, -123.18 39.65819, -123.1795 39.63979, -123.179 39.62648, -123.1785 39.61955, -123.178 39.61941, -123.1775 39.62558, -123.177 39.63673, -123.1765 39.65086, -123.176 39.66555, -123.1755 39.67833, -123.175 39.687, -123.1745 39.68989, -123.174 39.68616, -123.1735 39.67582, -123.173 39.65983, -123.1725 39.63988, -123.172 39.61823, -123.1715 39.59735, -123.171 39.57963, -123.1705 39.56704, -123.17 39.56083, -123.1695 39.56143, -123.169 39.56834, -123.1685 39.58019, -123.168 39.59498, -123.1675 39.61029, -123.167 39.62367, -123.1665 39.63289, -123.166 39.63632, -123.1655 39.63312, -123.165 39.62333, -123.1645 39.60792, -123.164 39.5886, -123.1635 39.56761, -123.163 39.54746, -123.1625 39.53051, -123.162 39.51872, -123.1615 39.51334, -123.161 39.51477, -123.1605 39.52249, -123.16 39.53513, -123.1595 39.55067, -123.159 39.5667, -123.1585 39.58074, -123.158 39.5906, -123.1575 39.59465, -123.157 39.59206, -123.1565 39.58291, -123.156 39.56816, -123.1555 39.54953, -123.155 39.5293, -123.1545 39.50995, -123.154 39.49384, -123.1535 39.48293, -123.153 39.47844, -123.1525 39.48077, -123.152 39.48937, -123.1515 39.50287, -123.151 39.51922, -123.1505 39.53602, -123.15 39.5508, -123.1495 39.56136, -123.149 39.56609, -123.1485 39.56418, -123.148 39.55571, -123.1475 39.54167, -123.147 39.52381, -123.1465 39.50438, -123.146 39.48588, -123.1455 39.47067, -123.145 39.46068, -123.1445 39.45714, -123.144 39.46041, -123.1435 39.46994, -123.143 39.48434, -123.1425 39.50155, -123.142 39.51917, -123.1415 39.53471, -123.141 39.54601, -123.1405 39.55146, -123.14 39.55026, -123.1395 39.54252, -123.139 39.52923, -123.1385 39.51215, -123.138 39.49356, -123.1375 39.47594, -123.137 39.46166, -123.1365 39.45262, -123.136 39.45005, -123.1355 39.45429, -123.135 39.46478, -123.1345 39.48009, -123.134 39.49818, -123.1335 39.51663, -123.133 39.53296, -123.1325 39.54501, -123.132 39.55119, -123.1315 39.55071, -123.131 39.54371, -123.1305 39.53118, -123.13 39.5149, -123.1295 39.49715, -123.129 39.48042, -123.1285 39.46706, -123.128 39.45898, -123.1275 39.45738, -123.127 39.46259, -123.1265 39.47402, -123.126 39.49025, -123.1255 39.50921, -123.125 39.52848, -123.1245 39.54559, -123.124 39.55838, -123.1235 39.56528, -123.123 39.56552, -123.1225 39.55923, -123.122 39.54745, -123.1215 39.53195, -123.121 39.51503, -123.1205 39.49916, -123.12 39.48671, -123.1195 39.47957, -123.119 39.47892, -123.1185 39.48507, -123.118 39.49742, -123.1175 39.51453, -123.117 39.53433, -123.1165 39.5544, -123.116 39.57225, -123.1155 39.58576, -123.115 39.59334, -123.1145 39.59425, -123.114 39.58864, -123.1135 39.57757, -123.113 39.56281, -123.1125 39.54667, -123.112 39.53164, -123.1115 39.52005, -123.111 39.51379, -123.1105 39.51404, -123.11 39.52108, -123.1095 39.5343, -123.109 39.55225, -123.1085 39.57284, -123.108 39.59364, -123.1075 39.61219, -123.107 39.62634, -123.1065 39.63454, -123.106 39.63607, -123.1055 39.63109, -123.105 39.62066, -123.1045 39.60658, -123.104 39.59116, -123.1035 39.57689, -123.103 39.5661, -123.1025 39.56066, -123.102 39.56174, -123.1015 39.5696, -123.101 39.58362, -123.1005 39.60232, -123.1 39.62362, -123.0995 39.64508, -123.099 39.66424, -123.0985 39.67896, -123.098 39.68772, -123.0975 39.68978, -123.097 39.68534, -123.0965 39.67547, -123.096 39.66199, -123.0955 39.6472, -123.095 39.6336, -123.0945 39.62352, -123.094 39.61882, -123.0935 39.62063, -123.093 39.62923, -123.0925 39.64395, -123.092 39.66332, -123.0915 39.68523, -123.091 39.70726, -123.0905 39.72693, -123.09 39.74213, -123.0895 39.75132, -123.089 39.75382, -123.0885 39.74982, -123.088 39.74041, -123.0875 39.72742, -123.087 39.71317, -123.0865 39.70014, -123.086 39.69066, -123.0855 39.68659, -123.085 39.68903, -123.0845 39.69825, -123.084 39.71356, -123.0835 39.73348, -123.083 39.7559, -123.0825 39.77838, -123.082 39.79845, -123.0815 39.814, -123.081 39.82353, -123.0805 39.82634, -123.08 39.82267, -123.0795 39.8136, -123.079 39.80099, -123.0785 39.78715, -123.078 39.77458, -123.0775 39.76558, -123.077 39.76201, -123.0765 39.76496, -123.076 39.77468, -123.0755 39.79046, -123.075 39.81081, -123.0745 39.83361, -123.074 39.8564, -123.0735 39.87675, -123.073 39.89253, -123.0725 39.90226, -123.072 39.90526, -123.0715 39.90178, -123.071 39.89293, -123.0705 39.88057, -123.07 39.86701, -123.0695 39.85475, -123.069 39.84611, -123.0685 39.84291, -123.068 39.84624, -123.0675 39.85631, -123.067 39.87243, -123.0665 39.89307, -123.066 39.91611, -123.0655 39.93909, -123.065 39.95957, -123.0645 39.97544, -123.064 39.98524, -123.0635 39.98829, -123.063 39.98487, -123.0625 39.9761, -123.062 39.96384, -123.0615 39.95043, -123.061 39.93835, -123.0605 39.92992, -123.06 39.92695, -123.0595 39.93051, -123.059 39.94081, -123.0585 39.95712, -123.058 39.97791, -123.0575 40.00104, -123.057 40.02407, -123.0565 40.04454, -123.056 40.06036, -123.0555 40.07008, -123.055 40.07304, -123.0545 40.06953, -123.054 40.06069, -123.0535 40.0484, -123.053 40.03499, -123.0525 40.02295, -123.052 40.01459, -123.0515 40.01171, -123.051 40.01536, -123.0505 40.02574, -123.05 40.04209, -123.0495 40.06289, -123.049 40.08597, -123.0485 40.10889, -123.048 40.12921, -123.0475 40.14484, -123.047 40.15433, -123.0465 40.15706, -123.046 40.15332, -123.0455 40.14427, -123.045 40.1318, -123.0445 40.11825, -123.044 40.10611, -123.0435 40.09767, -123.043 40.09473, -123.0425 40.09834, -123.042 40.10864, -123.0415 40.1249, -123.041 40.14556, -123.0405 40.16846, -123.04 40.19113, -123.0395 40.21115, -123.039 40.22645, -123.0385 40.23557, -123.038 40.23793, -123.0375 40.23382, -123.037 40.22442, -123.0365 40.21163, -123.036 40.1978, -123.0355 40.18542, -123.035 40.17677, -123.0345 40.17363, -123.034 40.17705, -123.0335 40.18715, -123.033 40.20318, -123.0325 40.22356, -123.032 40.24613, -123.0315 40.26842, -123.031 40.28801, -123.0305 40.30283, -123.03 40.31146, -123.0295 40.3133, -123.029 40.30869, -123.0285 40.29881, -123.028 40.28558, -123.0275 40.27134, -123.027 40.25858, -123.0265 40.24959, -123.026 40.24613, -123.0255 40.24923, -123.025 40.259, -123.0245 40.27466, -123.024 40.29464, -123.0235 40.31675, -123.023 40.33854, -123.0225 40.35757, -123.022 40.3718, -123.0215 40.3798, -123.021 40.38102, -123.0205 40.37578, -123.02 40.3653, -123.0195 40.35149, -123.019 40.33673, -123.0185 40.32348, -123.018 40.31403, -123.0175 40.31013, -123.017 40.31279, -123.0165 40.32212, -123.016 40.33731, -123.0155 40.35677, -123.015 40.37831, -123.0145 40.39948, -123.014 40.41784, -123.0135 40.43136, -123.013 40.43864, -123.0125 40.43911, -123.012 40.43314, -123.0115 40.42195, -123.011 40.40748, -123.0105 40.39208, -123.01 40.37824, -123.0095 40.36823, -123.009 40.36379, -123.0085 40.36592, -123.008 40.3747, -123.0075 40.38931, -123.007 40.40815, -123.0065 40.42903, -123.006 40.44949, -123.0055 40.46709, -123.005 40.47981, -123.0045 40.48626, -123.004 40.4859, -123.0035 40.47911, -123.003 40.46714, -123.0025 40.4519, -123.002 40.43578, -123.0015 40.42127, -123.001 40.41062, -123.0005 40.40556, -123 40.40707, -122.9995 40.41522, -122.999 40.42918, -122.9985 40.44733, -122.998 40.46747, -122.9975 40.48713, -122.997 40.5039, -122.9965 40.51574, -122.996 40.5213, -122.9955 40.52005, -122.995 40.51237, -122.9945 40.49953, -122.994 40.48348, -122.9935 40.46658, -122.993 40.45132, -122.9925 40.43997, -122.992 40.43423, -122.9915 40.43507, -122.991 40.44253, -122.9905 40.45578, -122.99 40.47318, -122.9895 40.49252, -122.989 40.51134, -122.9885 40.52722, -122.988 40.53814, -122.9875 40.54275, -122.987 40.54055, -122.9865 40.53194, -122.986 40.5182, -122.9855 40.50128, -122.985 40.48356, -122.9845 40.46753, -122.984 40.45543, -122.9835 40.44897, -122.983 40.4491, -122.9825 40.45584, -122.982 40.46835, -122.9815 40.48496, -122.981 40.50348, -122.9805 40.52142, -122.98 40.53638, -122.9795 40.54635, -122.979 40.55, -122.9785 40.54682, -122.978 40.53726, -122.9775 40.5226, -122.977 40.50479, -122.9765 40.48623, -122.976 40.4694, -122.9755 40.45655, -122.975 40.44936, -122.9745 40.44876, -122.974 40.45477, -122.9735 40.46652, -122.973 40.48235, -122.9725 40.50003, -122.972 40.51709, -122.9715 40.53112, -122.971 40.54014, -122.9705 40.54282, -122.97 40.53868, -122.9695 40.52817, -122.969 40.51258, -122.9685 40.4939, -122.968 40.47451, -122.9675 40.45689, -122.967 40.44329, -122.9665 40.43538, -122.966 40.43407, -122.9655 40.43936, -122.965 40.45037, -122.9645 40.46542, -122.964 40.48228, -122.9635 40.49848, -122.963 40.51162, -122.9625 40.51971, -122.962 40.52144, -122.9615 40.51635, -122.961 40.50491, -122.9605 40.48843, -122.96 40.4689, -122.9595 40.44871, -122.959 40.43035, -122.9585 40.41603, -122.958 40.40743, -122.9575 40.40545, -122.957 40.41006, -122.9565 40.42037, -122.956 40.43468, -122.9555 40.45077, -122.955 40.46614, -122.9545 40.47842, -122.954 40.48562, -122.9535 40.48646, -122.953 40.48048, -122.9525 40.46817, -122.952 40.45085, -122.9515 40.43052, -122.951 40.40959, -122.9505 40.39052, -122.95 40.37555, -122.9495 40.36632, -122.949 40.36372, -122.9485 40.36772, -122.948 40.37738, -122.9475 40.39102, -122.947 40.40639, -122.9465 40.42102, -122.946 40.4325, -122.9455 40.43889, -122.945 40.43889, -122.9445 40.43209, -122.944 40.41897, -122.9435 40.40089, -122.943 40.37984, -122.9425 40.35824, -122.942 40.33856, -122.9415 40.32301, -122.941 40.31324, -122.9405 40.3101, -122.94 40.31356, -122.9395 40.32266, -122.939 40.33571, -122.9385 40.35046, -122.938 40.36441, -122.9375 40.37519, -122.937 40.38085, -122.9365 40.38011, -122.936 40.37258, -122.9355 40.35875, -122.935 40.34, -122.9345 40.31833, -122.934 40.29616, -122.9335 40.27595, -122.933 40.25992, -122.9325 40.2497, -122.932 40.24613, -122.9315 40.24915, -122.931 40.2578, -122.9305 40.27036, -122.93 40.28458, -122.9295 40.29796, -122.929 40.30815, -122.9285 40.31318, -122.928 40.31181, -122.9275 40.30366, -122.927 40.28923, -122.9265 40.26992, -122.926 40.24773, -122.9255 40.2251, -122.925 40.20449, -122.9245 40.1881, -122.924 40.17754, -122.9235 40.17365, -122.923 40.17635, -122.9225 40.18466, -122.922 40.19685, -122.9215 40.21066, -122.921 40.2236, -122.9205 40.23331, -122.92 40.23784, -122.9195 40.23596, -122.919 40.2273, -122.9185 40.21241, -122.918 40.19266, -122.9175 40.17009, -122.917 40.14713, -122.9165 40.12624, -122.916 40.10961, -122.9155 40.09885, -122.915 40.09477, -122.9145 40.09727, -122.914 40.10537, -122.9135 40.11732, -122.913 40.13085, -122.9125 40.14348, -122.912 40.15284, -122.9115 40.157, -122.911 40.15475, -122.9105 40.14572, -122.91 40.13049, -122.9095 40.11044, -122.909 40.08762, -122.9085 40.06447, -122.908 40.04343, -122.9075 40.02671, -122.907 40.01588, -122.9065 40.01174, -122.906 40.01419, -122.9055 40.02222, -122.905 40.03407, -122.9045 40.04746, -122.904 40.05991, -122.9035 40.06906, -122.903 40.073, -122.9025 40.07051, -122.902 40.06126, -122.9015 40.04583, -122.901 40.02562, -122.9005 40.0027, -122.9 39.97949, -122.8995 39.95846, -122.899 39.94178, -122.8985 39.93102, -122.898 39.92698, -122.8975 39.92951, -122.897 39.93761, -122.8965 39.9495, -122.896 39.9629, -122.8955 39.97532, -122.895 39.98441, -122.8945 39.98826, -122.894 39.98568, -122.8935 39.97635, -122.893 39.96086, -122.8925 39.94064, -122.892 39.91776, -122.8915 39.89464, -122.891 39.87376, -122.8905 39.85726, -122.89 39.84673, -122.8895 39.84292, -122.889 39.84569, -122.8885 39.854, -122.888 39.86608, -122.8875 39.87962, -122.887 39.89215, -122.8865 39.90131, -122.886 39.90522, -122.8855 39.90269, -122.885 39.89343, -122.8845 39.87803, -122.884 39.85794, -122.8835 39.83524, -122.883 39.81236, -122.8825 39.79177, -122.882 39.7756, -122.8815 39.76543, -122.881 39.762, -122.8805 39.76514, -122.88 39.7738, -122.8795 39.7862, -122.879 39.80003, -122.8785 39.81281, -122.878 39.82219, -122.8775 39.82629, -122.877 39.82395, -122.8765 39.81488, -122.876 39.79971, -122.8755 39.7799, -122.875 39.75752, -122.8745 39.73501, -122.874 39.71484, -122.8735 39.69914, -122.873 39.68946, -122.8725 39.68654, -122.872 39.69018, -122.8715 39.69933, -122.871 39.71218, -122.8705 39.72643, -122.87 39.73959, -122.8695 39.74931, -122.869 39.75374, -122.8685 39.75172, -122.868 39.74298, -122.8675 39.72817, -122.867 39.70875, -122.8665 39.68681, -122.866 39.66481, -122.8655 39.64518, -122.865 39.63008, -122.8645 39.62102, -122.864 39.61873, -122.8635 39.623, -122.863 39.63275, -122.8625 39.64618, -122.862 39.66096, -122.8615 39.67461, -122.861 39.6848, -122.8605 39.68967, -122.86 39.68808, -122.8595 39.67979, -122.859 39.66545, -122.8585 39.64653, -122.858 39.62516, -122.8575 39.60377, -122.857 39.5848, -122.8565 39.5704, -122.856 39.56207, -122.8555 39.56052, -122.855 39.56552, -122.8545 39.57599, -122.854 39.59009, -122.8535 39.60551, -122.853 39.61976, -122.8525 39.63051, -122.852 39.63592, -122.8515 39.63487, -122.851 39.62712, -122.8505 39.61335, -122.85 39.59505, -122.8495 39.57433, -122.849 39.55364, -122.8485 39.53543, -122.848 39.52183, -122.8475 39.51432, -122.847 39.51359, -122.8465 39.51942, -122.846 39.53068, -122.8455 39.54555, -122.845 39.56169, -122.8445 39.57662, -122.844 39.58802, -122.8435 39.59406, -122.843 39.59362, -122.8425 39.5865, -122.842 39.57337, -122.8415 39.55575, -122.841 39.53577, -122.8405 39.51587, -122.84 39.49849, -122.8395 39.48575, -122.839 39.47913, -122.8385 39.4793, -122.838 39.48602, -122.8375 39.49815, -122.837 39.51385, -122.8365 39.53078, -122.836 39.54645, -122.8355 39.55856, -122.835 39.56528, -122.8345 39.56552, -122.834 39.55908, -122.8335 39.54666, -122.833 39.52978, -122.8325 39.51059, -122.832 39.49152, -122.8315 39.47503, -122.831 39.4632, -122.8305 39.45753, -122.83 39.45865, -122.8295 39.4663, -122.829 39.47934, -122.8285 39.49591, -122.828 39.51367, -122.8275 39.53013, -122.827 39.54299, -122.8265 39.55043, -122.826 39.55138, -122.8255 39.54565, -122.825 39.53397, -122.8245 39.51787, -122.824 39.4995, -122.8235 39.4813, -122.823 39.46572, -122.8225 39.45484, -122.822 39.45013, -122.8215 39.45222, -122.821 39.46083, -122.8205 39.4748, -122.82 39.49226, -122.8195 39.51087, -122.819 39.52813, -122.8185 39.54175, -122.818 39.54992, -122.8175 39.5516, -122.817 39.5466, -122.8165 39.53567, -122.816 39.52036, -122.8155 39.50281, -122.815 39.48549, -122.8145 39.47082, -122.814 39.46089, -122.8135 39.45715, -122.813 39.46021, -122.8125 39.46978, -122.812 39.48467, -122.8115 39.50302, -122.811 39.52246, -122.8105 39.54052, -122.81 39.55489, -122.8095 39.56379, -122.809 39.56618, -122.8085 39.5619, -122.808 39.5517, -122.8075 39.53716, -122.807 39.52042, -122.8065 39.50395, -122.806 39.49018, -122.8055 39.48118, -122.805 39.47838, -122.8045 39.48239, -122.804 39.49288, -122.8035 39.50868, -122.803 39.52788, -122.8025 39.54813, -122.802 39.56695, -122.8015 39.58204, -122.801 39.59163, -122.8005 39.59469, -122.8 39.59109, -122.7995 39.58159, -122.799 39.56778, -122.7985 39.55181, -122.798 39.53616, -122.7975 39.52324, -122.797 39.51512, -122.7965 39.51322, -122.796 39.51812, -122.7955 39.5295, -122.795 39.54614, -122.7945 39.56614, -122.794 39.58714, -122.7935 39.60666, -122.793 39.62242, -122.7925 39.63264, -122.792 39.63632, -122.7915 39.63333, -122.791 39.62447, -122.7905 39.61133, -122.79 39.59607, -122.7895 39.58116, -122.789 39.56903, -122.7885 39.56172, -122.788 39.56065, -122.7875 39.56638, -122.787 39.57856, -122.7865 39.59597, -122.786 39.6167, -122.7855 39.63838, -122.785 39.65853, -122.7845 39.67486, -122.784 39.68564, -122.7835 39.68985, -122.783 39.68741, -122.7825 39.6791, -122.782 39.66654, -122.7815 39.6519, -122.781 39.63766, -122.7805 39.62623, -122.78 39.61965, -122.7795 39.61931, -122.779 39.62578, -122.7785 39.63867, -122.778 39.65676, -122.7775 39.67812, -122.777 39.70038, -122.7765 39.72106, -122.776 39.73788, -122.7755 39.7491, -122.775 39.75376, -122.7745 39.75175, -122.774 39.74389, -122.7735 39.73181, -122.773 39.7177, -122.7725 39.70401, -122.772 39.69317, -122.7715 39.68721, -122.771 39.68751, -122.7705 39.6946, -122.77 39.7081, -122.7695 39.72676, -122.769 39.74864, -122.7685 39.77136, -122.768 39.79245, -122.7675 39.80965, -122.767 39.82121, -122.7665 39.82618, -122.766 39.82449, -122.7655 39.81698, -122.765 39.80526, -122.7645 39.79154, -122.764 39.7783, -122.7635 39.76793, -122.763 39.76247, -122.7625 39.76328, -122.762 39.77087, -122.7615 39.78485, -122.761 39.80395, -122.7605 39.82622, -122.76 39.84929, -122.7595 39.87067, -122.759 39.8881, -122.7585 39.89988, -122.758 39.90504, -122.7575 39.90354, -122.757 39.89623, -122.7565 39.88475, -122.756 39.87131, -122.7555 39.85837, -122.755 39.84835, -122.7545 39.84325, -122.754 39.84444, -122.7535 39.8524, -122.753 39.86672, -122.7525 39.88613, -122.752 39.90866, -122.7515 39.93193, -122.751 39.95345, -122.7505 39.97099, -122.75 39.98284, -122.7495 39.98805, -122.749 39.98661, -122.7485 39.97937, -122.748 39.96799, -122.7475 39.95467, -122.747 39.94191, -122.7465 39.93209, -122.746 39.92722, -122.7455 39.92864, -122.745 39.93683, -122.7445 39.95135, -122.744 39.97092, -122.7435 39.99357, -122.743 40.0169, -122.7425 40.03843, -122.742 40.05593, -122.7415 40.0677, -122.741 40.07283, -122.7405 40.0713, -122.74 40.06398, -122.7395 40.05255, -122.739 40.03923, -122.7385 40.02649, -122.738 40.01673, -122.7375 40.01195, -122.737 40.01346, -122.7365 40.02173, -122.736 40.03631, -122.7355 40.0559, -122.735 40.07852, -122.7345 40.10176, -122.734 40.12316, -122.7335 40.14048, -122.733 40.15203, -122.7325 40.15693, -122.732 40.15516, -122.7315 40.14763, -122.731 40.13601, -122.7305 40.12253, -122.73 40.10968, -122.7295 40.09984, -122.729 40.09499, -122.7285 40.09645, -122.728 40.10466, -122.7275 40.11916, -122.727 40.13863, -122.7265 40.16107, -122.726 40.18408, -122.7255 40.2052, -122.725 40.22219, -122.7245 40.23339, -122.724 40.23791, -122.7235 40.23577, -122.723 40.22788, -122.7225 40.21594, -122.722 40.20217, -122.7215 40.18906, -122.721 40.179, -122.7205 40.17395, -122.72 40.17522, -122.7195 40.18324, -122.719 40.19751, -122.7185 40.21672, -122.718 40.23885, -122.7175 40.2615, -122.717 40.2822, -122.7165 40.29873, -122.716 40.30944, -122.7155 40.31345, -122.715 40.3108, -122.7145 40.30243, -122.714 40.29002, -122.7135 40.27583, -122.713 40.26233, -122.7125 40.25192, -122.712 40.24655, -122.7115 40.2475, -122.711 40.25519, -122.7105 40.26912, -122.71 40.28793, -122.7095 40.30962, -122.709 40.33179, -122.7085 40.35195, -122.708 40.36789, -122.7075 40.37798, -122.707 40.38136, -122.7065 40.37809, -122.706 40.3691, -122.7055 40.35611, -122.705 40.34138, -122.7045 40.32739, -122.704 40.31651, -122.7035 40.31069, -122.703 40.31121, -122.7025 40.31846, -122.702 40.33192, -122.7015 40.35023, -122.701 40.37137, -122.7005 40.39293, -122.7 40.41243, -122.6995 40.42768, -122.699 40.43705, -122.6985 40.43969, -122.698 40.43568, -122.6975 40.42598, -122.697 40.41231, -122.6965 40.39693, -122.696 40.38233, -122.6955 40.37088, -122.695 40.36452, -122.6945 40.36451, -122.694 40.37121, -122.6935 40.38411, -122.693 40.40182, -122.6925 40.42231, -122.692 40.44317, -122.6915 40.46193, -122.691 40.47639, -122.6905 40.48493, -122.69 40.48675, -122.6895 40.48192, -122.689 40.47141, -122.6885 40.45697, -122.688 40.44086, -122.6875 40.42557, -122.687 40.41347, -122.6865 40.40649, -122.686 40.40585, -122.6855 40.41194, -122.685 40.42419, -122.6845 40.44122, -122.684 40.46099, -122.6835 40.48107, -122.683 40.49901, -122.6825 40.5126, -122.682 40.52026, -122.6815 40.52118, -122.681 40.51545, -122.6805 40.50408, -122.68 40.4888, -122.6795 40.4719, -122.679 40.45586, -122.6785 40.44304, -122.678 40.43537, -122.6775 40.43406, -122.677 40.43947, -122.6765 40.45102, -122.676 40.46731, -122.6755 40.4863, -122.675 40.50555, -122.6745 40.52261, -122.674 40.5353, -122.6735 40.54202, -122.673 40.54199, -122.6725 40.53532, -122.672 40.52303, -122.6715 40.50687, -122.671 40.48914, -122.6705 40.47231, -122.67 40.45874, -122.6695 40.45034, -122.669 40.44832, -122.6685 40.45301, -122.668 40.46382, -122.6675 40.47935, -122.667 40.49752, -122.6665 40.51592, -122.666 40.53207, -122.6655 40.54381, -122.665 40.54957, -122.6645 40.54857, -122.664 40.54094, -122.6635 40.52771, -122.663 40.51066, -122.6625 40.49207, -122.662 40.47443, -122.6615 40.4601, -122.661 40.45096, -122.6605 40.44821, -122.66 40.45218, -122.6595 40.46224, -122.659 40.47699, -122.6585 40.49434, -122.658 40.51187, -122.6575 40.52711, -122.657 40.53791, -122.6565 40.5427, -122.656 40.54073, -122.6555 40.53215, -122.655 40.51799, -122.6545 40.50004, -122.654 40.48061, -122.6535 40.46217, -122.653 40.44707, -122.6525 40.43721, -122.652 40.43375, -122.6515 40.437, -122.651 40.44633, -122.6505 40.46032, -122.65 40.47686, -122.6495 40.49354, -122.649 40.5079, -122.6485 40.51777, -122.648 40.52162, -122.6475 40.5187, -122.647 40.50918, -122.6465 40.49412, -122.646 40.47531, -122.6455 40.45506, -122.645 40.43586, -122.6445 40.42004, -122.644 40.40948, -122.6435 40.40534, -122.643 40.40791, -122.6425 40.41656, -122.642 40.42982, -122.6415 40.4456, -122.641 40.46147, -122.6405 40.47498, -122.64 40.48398, -122.6395 40.48693, -122.639 40.48311, -122.6385 40.47271, -122.638 40.45679, -122.6375 40.43718, -122.637 40.41617, -122.6365 40.39625, -122.636 40.37976, -122.6355 40.36857, -122.635 40.36382, -122.6345 40.36577, -122.634 40.37378, -122.6335 40.38638, -122.633 40.40146, -122.6325 40.41659, -122.632 40.42932, -122.6315 40.4375, -122.631 40.43963, -122.6305 40.43498, -122.63 40.42377, -122.6295 40.40708, -122.629 40.38673, -122.6285 40.36503, -122.628 40.34448, -122.6275 40.3274, -122.627 40.31565, -122.6265 40.31036, -122.626 40.31178, -122.6255 40.31924, -122.625 40.33126, -122.6245 40.34573, -122.624 40.3602, -122.6235 40.37223, -122.623 40.3797, -122.6225 40.38108, -122.622 40.3757, -122.6215 40.36377, -122.621 40.34639, -122.6205 40.3254, -122.62 40.30312, -122.6195 40.28203, -122.619 40.26446, -122.6185 40.25226, -122.618 40.24653, -122.6175 40.24751, -122.617 40.25452, -122.6165 40.26606, -122.616 40.28002, -122.6155 40.29394, -122.615 40.30538, -122.6145 40.31223, -122.614 40.31299, -122.6135 40.30698, -122.613 40.29444, -122.6125 40.27649, -122.612 40.25497, -122.6115 40.23221, -122.611 40.2107, -122.6105 40.19275, -122.61 40.18021, -122.6095 40.17416, -122.609 40.17482, -122.6085 40.1815, -122.608 40.19268, -122.6075 40.20624, -122.607 40.21973, -122.6065 40.2307, -122.606 40.23705, -122.6055 40.2373, -122.605 40.23078, -122.6045 40.21776, -122.604 40.19936, -122.6035 40.17744, -122.603 40.15433, -122.6025 40.13253, -122.602 40.11433, -122.6015 40.10157, -122.601 40.09533, -122.6005 40.0958, -122.6 40.10227, -122.5995 40.11323, -122.599 40.12652, -122.5985 40.13971, -122.598 40.15034, -122.5975 40.15633, -122.597 40.1562, -122.5965 40.14932, -122.596 40.13594, -122.5955 40.11723, -122.595 40.09505, -122.5945 40.07173, -122.594 40.04976, -122.5935 40.03146, -122.593 40.01862, -122.5925 40.01232, -122.592 40.01274, -122.5915 40.01915, -122.591 40.03001, -122.5905 40.04318, -122.59 40.0562, -122.5895 40.06664, -122.589 40.0724, -122.5885 40.07204, -122.588 40.06492, -122.5875 40.05134, -122.587 40.03246, -122.5865 40.01015, -122.586 39.98676, -122.5855 39.96478, -122.585 39.94651, -122.5845 39.93374, -122.584 39.92753, -122.5835 39.92804, -122.583 39.93453, -122.5825 39.94544, -122.582 39.95862, -122.5815 39.97162, -122.581 39.982, -122.5805 39.98769, -122.58 39.98723, -122.5795 39.98003, -122.579 39.96639, -122.5785 39.94748, -122.578 39.92519, -122.5775 39.90188, -122.577 39.88003, -122.5765 39.86193, -122.576 39.84938, -122.5755 39.8434, -122.575 39.84414, -122.5745 39.85085, -122.574 39.86195, -122.5735 39.8753, -122.573 39.88842, -122.5725 39.89889, -122.572 39.90463, -122.5715 39.90423, -122.571 39.89709, -122.5705 39.88353, -122.57 39.86473, -122.5695 39.84261, -122.569 39.81952, -122.5685 39.79794, -122.568 39.78016, -122.5675 39.76796, -122.567 39.76235, -122.5665 39.76347, -122.566 39.77054, -122.5655 39.78198, -122.565 39.79562, -122.5645 39.809, -122.564 39.81969, -122.5635 39.82564, -122.563 39.82543, -122.5625 39.81848, -122.562 39.80514, -122.5615 39.7866, -122.561 39.76478, -122.5605 39.74204, -122.56 39.72087, -122.5595 39.70355, -122.559 39.69183, -122.5585 39.68673, -122.558 39.68836, -122.5575 39.69592, -122.557 39.70782, -122.5565 39.72189, -122.556 39.73566, -122.5555 39.74671, -122.555 39.75299, -122.5545 39.7531, -122.554 39.74647, -122.5535 39.73347, -122.553 39.71532, -122.5525 39.69393, -122.552 39.67167, -122.5515 39.65104, -122.551 39.63429, -122.5505 39.62319, -122.55 39.61872, -122.5495 39.62097, -122.549 39.62915, -122.5485 39.64164, -122.548 39.65626, -122.5475 39.67053, -122.547 39.68206, -122.5465 39.68878, -122.546 39.68932, -122.5455 39.68314, -122.545 39.6706, -122.5445 39.65294, -122.544 39.63209, -122.5435 39.61043, -122.543 39.59044, -122.5425 39.57439, -122.542 39.56401, -122.5415 39.56027, -122.541 39.56326, -122.5405 39.57216, -122.54 39.58534, -122.5395 39.60061, -122.539 39.6155, -122.5385 39.62759, -122.538 39.63486, -122.5375 39.63594, -122.537 39.6303, -122.5365 39.61831, -122.536 39.60125, -122.5355 39.58104, -122.535 39.56007, -122.5345 39.54083, -122.534 39.52555, -122.5335 39.51599, -122.533 39.51308, -122.5325 39.5169, -122.532 39.5266, -122.5315 39.54056, -122.531 39.55656, -122.5305 39.57215, -122.53 39.5849, -122.5295 39.5928, -122.529 39.5945, -122.5285 39.58947, -122.528 39.57813, -122.5275 39.56173, -122.527 39.54225, -122.5265 39.52204, -122.526 39.50361, -122.5255 39.4892, -122.525 39.48052, -122.5245 39.47851, -122.524 39.48322, -122.5235 39.4938, -122.523 39.5086, -122.5225 39.5254, -122.522 39.54174, -122.5215 39.55522, -122.521 39.56381, -122.5205 39.56618, -122.52 39.56183, -122.5195 39.55118, -122.519 39.53552, -122.5185 39.51681, -122.518 39.49743, -122.5175 39.47986, -122.517 39.46636, -122.5165 39.45861, -122.516 39.45755, -122.5155 39.46321, -122.515 39.4747, -122.5145 39.49038, -122.514 39.50803, -122.5135 39.52517, -122.513 39.53941, -122.5125 39.54873, -122.512 39.55181, -122.5115 39.54817, -122.511 39.53826, -122.5105 39.52336, -122.51 39.50545, -122.5095 39.48692, -122.509 39.47026, -122.5085 39.45769, -122.508 39.4509, -122.5075 39.45082, -122.507 39.45743, -122.5065 39.46987, -122.506 39.48646, -122.5055 39.50497, -122.505 39.52292, -122.5045 39.53793, -122.504 39.54799, -122.5035 39.5518, -122.503 39.54889, -122.5025 39.53972, -122.502 39.52559, -122.5015 39.5085, -122.501 39.49083, -122.5005 39.47507, -122.5 39.46344, -122.4995 39.45762, -122.499 39.4585, -122.4985 39.46608, -122.498 39.47945, -122.4975 39.49694, -122.497 39.5163, -122.4965 39.53506, -122.496 39.55083, -122.4955 39.56163, -122.495 39.56615, -122.4945 39.56395, -122.494 39.55551, -122.4935 39.54214, -122.493 39.52584, -122.4925 39.50902, -122.492 39.49414, -122.4915 39.48343, -122.491 39.47855, -122.4905 39.48038, -122.49 39.48889, -122.4895 39.50318, -122.489 39.52153, -122.4885 39.54172, -122.488 39.56126, -122.4875 39.57776, -122.487 39.58925, -122.4865 39.59445, -122.486 39.59293, -122.4855 39.58518, -122.485 39.57253, -122.4845 39.55698, -122.484 39.54096, -122.4835 39.52692, -122.483 39.51708, -122.4825 39.5131, -122.482 39.51582, -122.4815 39.52523, -122.481 39.54037, -122.4805 39.55954, -122.48 39.5805, -122.4795 39.60075, -122.479 39.61793, -122.4785 39.63006, -122.478 39.63588, -122.4775 39.63498, -122.477 39.62785, -122.4765 39.61586, -122.476 39.60101, -122.4755 39.58572, -122.475 39.57246, -122.4745 39.56343, -122.474 39.56027, -122.4735 39.56382, -122.473 39.57404, -122.4725 39.58996, -122.472 39.60988, -122.4715 39.63153, -122.471 39.65242, -122.4705 39.67019, -122.47 39.68289, -122.4695 39.68925, -122.469 39.68888, -122.4685 39.6823, -122.468 39.67088, -122.4675 39.65664, -122.467 39.642, -122.4665 39.62943, -122.466 39.62112, -122.4655 39.61869, -122.465 39.62298, -122.4645 39.63392, -122.464 39.65054, -122.4635 39.6711, -122.463 39.69335, -122.4625 39.71479, -122.462 39.73306, -122.4615 39.74621, -122.461 39.75301, -122.4605 39.75308, -122.46 39.74695, -122.4595 39.736, -122.459 39.72227, -122.4585 39.70817, -122.458 39.69618, -122.4575 39.68848, -122.457 39.68669, -122.4565 39.69161, -122.456 39.70316, -122.4555 39.72036, -122.455 39.74146, -122.4545 39.76419, -122.454 39.78606, -122.4535 39.80471, -122.453 39.81821, -122.4525 39.82534, -122.452 39.82572, -122.4515 39.81992, -122.451 39.80932, -122.4505 39.79598, -122.45 39.78232, -122.4495 39.77079, -122.449 39.76358, -122.4485 39.7623, -122.448 39.76773, -122.4475 39.77977, -122.447 39.79742, -122.4465 39.81893, -122.446 39.84201, -122.4455 39.86419, -122.445 39.8831, -122.4445 39.89681, -122.444 39.90413, -122.4435 39.90471, -122.443 39.8991, -122.4425 39.88874, -122.442 39.87565, -122.4415 39.86228, -122.441 39.85109, -122.4405 39.84424, -122.44 39.84333, -122.4395 39.84913, -122.439 39.86153, -122.4385 39.8795, -122.438 39.90128, -122.4375 39.92459, -122.437 39.94693, -122.4365 39.96596, -122.436 39.97976, -122.4355 39.98713, -122.435 39.98776, -122.4345 39.98222, -122.434 39.97193, -122.4335 39.95897, -122.433 39.94576, -122.4325 39.93476, -122.432 39.92814, -122.4315 39.92746, -122.431 39.93349, -122.4305 39.9461, -122.43 39.96425, -122.4295 39.98616, -122.429 40.00954, -122.4285 40.03191, -122.428 40.05091, -122.4275 40.06465, -122.427 40.07194, -122.4265 40.07247, -122.426 40.06685, -122.4255 40.05651, -122.425 40.04353, -122.4245 40.03033, -122.424 40.01938, -122.4235 40.01284, -122.423 40.01225, -122.4225 40.01837, -122.422 40.03105, -122.4215 40.04923, -122.421 40.07113, -122.4205 40.09444, -122.42 40.11669, -122.4195 40.13552, -122.419 40.14905, -122.4185 40.15611, -122.418 40.15641, -122.4175 40.15056, -122.417 40.14003, -122.4165 40.12688, -122.416 40.11355, -122.4155 40.10251, -122.415 40.0959, -122.4145 40.09526, -122.414 40.10132, -122.4135 40.11392, -122.413 40.132, -122.4125 40.15374, -122.412 40.17684, -122.4115 40.19882, -122.411 40.21734, -122.4105 40.23052, -122.41 40.23721, -122.4095 40.23714, -122.409 40.23093, -122.4085 40.22005, -122.408 40.2066, -122.4075 40.19301, -122.407 40.18174, -122.4065 40.17492, -122.406 40.17409, -122.4055 40.17996, -122.405 40.19235, -122.4045 40.21018, -122.404 40.23162, -122.4035 40.25438, -122.403 40.27596, -122.4025 40.29403, -122.402 40.30673, -122.4015 40.31292, -122.401 40.31233, -122.4005 40.30563, -122.4 40.29428, -122.3995 40.28039, -122.399 40.26641, -122.3985 40.25477, -122.398 40.24762, -122.3975 40.24647, -122.397 40.25202, -122.3965 40.26407, -122.396 40.28152, -122.3955 40.30254, -122.395 40.32483, -122.3945 40.34588, -122.394 40.36338, -122.3935 40.37547, -122.393 40.38103, -122.3925 40.37981, -122.392 40.37249, -122.3915 40.36056, -122.391 40.34611, -122.3905 40.33161, -122.39 40.3195, -122.3895 40.3119, -122.389 40.31032, -122.3885 40.31543, -122.388 40.32702, -122.3875 40.34398, -122.387 40.36447, -122.3865 40.38617, -122.386 40.40659, -122.3855 40.4234, -122.385 40.43477, -122.3845 40.43959, -122.384 40.43764, -122.3835 40.42959, -122.383 40.41696, -122.3825 40.40186, -122.382 40.38675, -122.3815 40.37406, -122.381 40.3659, -122.3805 40.36378, -122.38 40.36836, -122.3795 40.3794, -122.379 40.39577, -122.3785 40.41562, -122.378 40.43664, -122.3775 40.45632, -122.377 40.47236, -122.3765 40.48292, -122.376 40.48692, -122.3755 40.48413, -122.375 40.47528, -122.3745 40.46186, -122.374 40.44602, -122.3735 40.4302, -122.373 40.41685, -122.3725 40.40807, -122.372 40.40533, -122.3715 40.40929, -122.371 40.41969, -122.3705 40.43539, -122.37 40.45454, -122.3695 40.47479, -122.369 40.49367, -122.3685 40.50885, -122.368 40.51853, -122.3675 40.52163, -122.367 40.51795, -122.3665 40.50822, -122.366 40.49396, -122.3655 40.47731, -122.365 40.46073, -122.3645 40.44665, -122.364 40.43717, -122.3635 40.43375, -122.363 40.43703, -122.3625 40.44674, -122.362 40.46172, -122.3615 40.4801, -122.361 40.49954, -122.3605 40.51756, -122.36 40.53184, -122.3595 40.54059, -122.359 40.54274, -122.3585 40.53812, -122.358 40.52746, -122.3575 40.51231, -122.357 40.49481, -122.3565 40.47742, -122.356 40.46258, -122.3555 40.45236, -122.355 40.44823, -122.3545 40.4508, -122.354 40.45978, -122.3535 40.47401, -122.353 40.49159, -122.3525 40.51019, -122.352 40.52731, -122.3515 40.54066, -122.351 40.54845, -122.3505 40.54963, -122.35 40.54404, -122.3495 40.53244, -122.349 40.51638, -122.3485 40.49801, -122.348 40.4798, -122.3475 40.46418, -122.347 40.45322, -122.3465 40.44836, -122.346 40.4502, -122.3455 40.45845, -122.345 40.4719, -122.3445 40.48868, -122.344 40.50642, -122.3435 40.52265, -122.343 40.53507, -122.3425 40.54189, -122.342 40.5421, -122.3415 40.53555, -122.341 40.52301, -122.3405 40.50604, -122.34 40.48681, -122.3395 40.46778, -122.339 40.45139, -122.3385 40.43969, -122.338 40.43412, -122.3375 40.43525, -122.337 40.44277, -122.3365 40.45548, -122.336 40.47146, -122.3355 40.48837, -122.335 40.50372, -122.3345 40.51522, -122.334 40.52111, -122.3335 40.52037, -122.333 40.51288, -122.3325 40.49942, -122.332 40.48158, -122.3315 40.46152, -122.331 40.44171, -122.3305 40.42458, -122.33 40.41218, -122.3295 40.40593, -122.329 40.40639, -122.3285 40.41322, -122.328 40.42521, -122.3275 40.44044, -122.327 40.45656, -122.3265 40.47107, -122.326 40.48171, -122.3255 40.48671, -122.325 40.48507, -122.3245 40.47669, -122.324 40.46236, -122.3235 40.4437, -122.323 40.42286, -122.3225 40.40233, -122.322 40.38451, -122.3215 40.37147, -122.321 40.3646, -122.3205 40.36444, -122.32 40.37064, -122.3195 40.38198, -122.319 40.39653, -122.3185 40.41192, -122.318 40.42566, -122.3175 40.43549, -122.317 40.43967, -122.3165 40.4372, -122.316 40.42801, -122.3155 40.41289, -122.315 40.39347, -122.3145 40.37194, -122.314 40.35075, -122.3135 40.33234, -122.313 40.31873, -122.3125 40.31131, -122.312 40.31062, -122.3115 40.31628, -122.311 40.32705, -122.3105 40.341, -122.31 40.35574, -122.3095 40.3688, -122.309 40.37792, -122.3085 40.38136, -122.308 40.37816, -122.3075 40.36823, -122.307 40.35242, -122.3065 40.33235, -122.306 40.31021, -122.3055 40.28847, -122.305 40.26955, -122.3045 40.25548, -122.304 40.24762, -122.3035 40.24649, -122.303 40.25171, -122.3025 40.26201, -122.302 40.27546, -122.3015 40.28966, -122.301 40.30214, -122.3005 40.31065, -122.3 40.31347, -122.2995 40.30963, -122.299 40.29909, -122.2985 40.28269, -122.298 40.26207, -122.2975 40.23944, -122.297 40.21727, -122.2965 40.19796, -122.296 40.18353, -122.2955 40.17535, -122.295 40.1739, -122.2945 40.17879, -122.294 40.18875, -122.2935 40.20181, -122.293 40.21559, -122.2925 40.22761, -122.292 40.23563, -122.2915 40.23794, -122.291 40.2336, -122.2905 40.22256, -122.29 40.2057, -122.2895 40.18467, -122.289 40.16167, -122.2885 40.13918, -122.288 40.11961, -122.2875 40.10496, -122.287 40.09658, -122.2865 40.09495, -122.286 40.09964, -122.2855 40.10937, -122.285 40.12218, -122.2845 40.13567, -122.284 40.14737, -122.2835 40.15503, -122.283 40.15696, -122.2825 40.15225, -122.282 40.14086, -122.2815 40.12367, -122.281 40.10235, -122.2805 40.07912, -122.28 40.05646, -122.2795 40.03677, -122.279 40.02203, -122.2785 40.01359, -122.278 40.0119, -122.2775 40.01654, -122.277 40.02619, -122.2765 40.03888, -122.276 40.05222, -122.2755 40.06373, -122.275 40.07118, -122.2745 40.07288, -122.274 40.06792, -122.2735 40.05632, -122.273 40.03895, -122.2725 40.01749, -122.272 39.99418, -122.2715 39.97148, -122.271 39.9518, -122.2705 39.93713, -122.27 39.92877, -122.2695 39.92717, -122.269 39.93189, -122.2685 39.9416, -122.268 39.95432, -122.2675 39.96765, -122.267 39.97912, -122.2665 39.98649, -122.266 39.9881, -122.2655 39.98306, -122.265 39.97138, -122.2645 39.95397, -122.264 39.93252, -122.2635 39.90926, -122.263 39.88668, -122.2625 39.86717, -122.262 39.85269, -122.2615 39.84456, -122.261 39.8432, -122.2605 39.84814, -122.26 39.85806, -122.2595 39.87095, -122.259 39.88442, -122.2585 39.89598, -122.258 39.90342, -122.2575 39.90508, -122.257 39.9001, -122.2565 39.88849, -122.256 39.87118, -122.2555 39.84988, -122.255 39.82683, -122.2545 39.8045, -122.254 39.78529, -122.2535 39.77116, -122.253 39.76339, -122.2525 39.76241, -122.252 39.76772, -122.2515 39.77798, -122.251 39.79118, -122.2505 39.80492, -122.25 39.81672, -122.2495 39.82436, -122.249 39.82622, -122.2485 39.82142, -122.248 39.81002, -122.2475 39.79296, -122.247 39.77195, -122.2465 39.74923, -122.246 39.7273, -122.2455 39.70853, -122.245 39.69488, -122.2445 39.68761, -122.244 39.68714, -122.2435 39.69295, -122.243 39.70368, -122.2425 39.71732, -122.242 39.73146, -122.2415 39.74362, -122.241 39.75161, -122.2405 39.75379, -122.24 39.74931, -122.2395 39.73825, -122.239 39.72155, -122.2385 39.70095, -122.238 39.6787, -122.2375 39.65729, -122.237 39.63908, -122.2365 39.62603, -122.236 39.6194, -122.2355 39.61955, -122.235 39.62598, -122.2345 39.63731, -122.234 39.65152, -122.2335 39.66617, -122.233 39.67882, -122.2325 39.68726, -122.232 39.68987, -122.2315 39.68583, -122.231 39.67522, -122.2305 39.65901, -122.23 39.63894, -122.2295 39.61727, -122.229 39.59648, -122.2285 39.57895, -122.228 39.56662, -122.2275 39.56072, -122.227 39.56161, -122.2265 39.56877, -122.226 39.5808, -122.2255 39.59566, -122.225 39.61095, -122.2245 39.62418, -122.224 39.63317, -122.2235 39.63632, -122.223 39.63282, -122.2225 39.62276, -122.222 39.60713, -122.2215 39.58768, -122.221 39.56668, -122.2205 39.54662, -122.22 39.52987, -122.2195 39.51834, -122.219 39.51326, -122.2185 39.51499, -122.218 39.52296, -122.2175 39.53578, -122.217 39.55139, -122.2165 39.56738, -122.216 39.58128, -122.2155 39.59091, -122.215 39.59468, -122.2145 39.59179, -122.214 39.58236, -122.2135 39.5674, -122.213 39.54865, -122.2125 39.5284, -122.212 39.50915, -122.2115 39.49323, -122.211 39.48258, -122.2105 39.4784, -122.21 39.48103, -122.2095 39.48988, -122.209 39.50355, -122.2085 39.51998, -122.208 39.53674, -122.2075 39.55137, -122.207 39.5617, -122.2065 39.56615, -122.206 39.56394, -122.2055 39.5552, -122.205 39.54095, -122.2045 39.52296, -122.204 39.50352, -122.2035 39.48512, -122.203 39.4701, -122.2025 39.46038, -122.202 39.45714, -122.2015 39.46071, -122.201 39.47049, -122.2005 39.48506, -122.2 39.50235, -122.1995 39.51992, -122.199 39.53532, -122.1985 39.54639, -122.198 39.55155, -122.1975 39.55005, -122.197 39.54204, -122.1965 39.52854, -122.196 39.51134, -122.1955 39.49274, -122.195 39.47522, -122.1945 39.46113, -122.194 39.45237, -122.1935 39.4501, -122.193 39.45463, -122.1925 39.46537, -122.192 39.48085, -122.1915 39.49901, -122.191 39.51741, -122.1905 39.5336, -122.19 39.54542, -122.1895 39.55131, -122.189 39.55054, -122.1885 39.54326, -122.188 39.53052, -122.1875 39.51412, -122.187 39.49637, -122.1865 39.47974, -122.186 39.46658, -122.1855 39.45877, -122.185 39.45747, -122.1845 39.46297, -122.184 39.47465, -122.1835 39.49105, -122.183 39.51008, -122.1825 39.5293, -122.182 39.54627, -122.1815 39.55882, -122.181 39.56544, -122.1805 39.56537, -122.18 39.55881, -122.1795 39.54682, -122.179 39.53121, -122.1785 39.51428, -122.178 39.49852, -122.1775 39.48627, -122.177 39.4794, -122.1765 39.47905, -122.176 39.48549, -122.1755 39.49809, -122.175 39.51537, -122.1745 39.53524, -122.174 39.55525, -122.1735 39.57296, -122.173 39.58623, -122.1725 39.59352, -122.172 39.59413, -122.1715 39.58826, -122.171 39.57697, -122.1705 39.56211, -122.17 39.54596, -122.1695 39.53103, -122.169 39.51965, -122.1685 39.51366, -122.168 39.51421, -122.1675 39.52155, -122.167 39.53501, -122.1665 39.55312, -122.166 39.57378, -122.1655 39.59453, -122.165 39.61292, -122.1645 39.62684, -122.164 39.63475, -122.1635 39.63598, -122.163 39.63073, -122.1625 39.62009, -122.162 39.60591, -122.1615 39.59049, -122.161 39.57632, -122.1605 39.56573, -122.16 39.56057, -122.1595 39.56194, -122.159 39.5701, -122.1585 39.58436, -122.158 39.60323, -122.1575 39.62459, -122.157 39.646, -122.1565 39.665, -122.156 39.67949, -122.1555 39.68795, -122.155 39.68971, -122.1545 39.685, -122.154 39.67493, -122.1535 39.66134, -122.153 39.64656, -122.1525 39.63307, -122.152 39.62319, -122.1515 39.61876, -122.151 39.62087, -122.1505 39.62976, -122.15 39.64472, -122.1495 39.66425, -122.149 39.68623, -122.1485 39.7082, -122.148 39.72771, -122.1475 39.74267, -122.147 39.75158, -122.1465 39.75377, -122.146 39.7495, -122.1455 39.73989, -122.145 39.7268, -122.1445 39.71255, -122.144 39.69963, -122.1435 39.69036, -122.143 39.68655, -122.1425 39.6893, -122.142 39.69881, -122.1415 39.71436, -122.141 39.73444, -122.1405 39.75692, -122.14 39.77934, -122.1395 39.79925, -122.139 39.81456, -122.1385 39.8238, -122.138 39.82631, -122.1375 39.82237, -122.137 39.8131, -122.1365 39.80039, -122.136 39.78655, -122.1355 39.77409, -122.135 39.7653, -122.1345 39.762, -122.134 39.76525, -122.1335 39.77526, -122.133 39.79128, -122.1325 39.81179, -122.132 39.83464, -122.1315 39.85737, -122.131 39.87756, -122.1305 39.8931, -122.13 39.90254, -122.1295 39.90524, -122.129 39.90149, -122.1285 39.89244, -122.128 39.87997, -122.1275 39.86642, -122.127 39.85428, -122.1265 39.84584, -122.126 39.84291, -122.1255 39.84655, -122.125 39.85691, -122.1245 39.87327, -122.124 39.89406, -122.1235 39.91715, -122.123 39.94007, -122.1225 39.96038, -122.122 39.97602, -122.1215 39.98552, -122.121 39.98827, -122.1205 39.98458, -122.12 39.97561, -122.1195 39.96325, -122.119 39.94984, -122.1185 39.93788, -122.118 39.92966, -122.1175 39.92696, -122.117 39.93083, -122.1165 39.94142, -122.116 39.95796, -122.1155 39.9789, -122.115 40.00209, -122.1145 40.02505, -122.114 40.04535, -122.1135 40.06093, -122.113 40.07035, -122.1125 40.07302, -122.112 40.06924, -122.1115 40.0602, -122.111 40.04781, -122.1105 40.03441, -122.11 40.02249, -122.1095 40.01433, -122.109 40.01172, -122.1085 40.01568, -122.108 40.02634, -122.1075 40.04293, -122.107 40.06388, -122.1065 40.08701, -122.106 40.10987, -122.1055 40.13002, -122.105 40.1454, -122.1045 40.1546, -122.104 40.15703, -122.1035 40.15302, -122.103 40.14378, -122.1025 40.1312, -122.102 40.11766, -122.1015 40.10564, -122.101 40.09741, -122.1005 40.09475, -122.1 40.09865, -122.0995 40.10925, -122.099 40.12574, -122.0985 40.14655, -122.098 40.16949, -122.0975 40.19209, -122.097 40.21195, -122.0965 40.22699, -122.096 40.23582, -122.0955 40.23788, -122.095 40.2335, -122.0945 40.22391, -122.094 40.21102, -122.0935 40.1972, -122.093 40.18494, -122.0925 40.1765, -122.092 40.17364, -122.0915 40.17736, -122.091 40.18775, -122.0905 40.20401, -122.09 40.22453, -122.0895 40.24714, -122.089 40.26936, -122.0885 40.28878, -122.088 40.30335, -122.0875 40.31169, -122.087 40.31323, -122.0865 40.30835, -122.086 40.29828, -122.0855 40.28495, -122.085 40.27072, -122.0845 40.25808, -122.084 40.24931, -122.0835 40.24613, -122.083 40.24952, -122.0825 40.25958, -122.082 40.27547, -122.0815 40.29559, -122.081 40.31775, -122.0805 40.33946, -122.08 40.35832, -122.0795 40.37229, -122.079 40.38, -122.0785 40.38091, -122.078 40.37541, -122.0775 40.36474, -122.077 40.35084, -122.0765 40.33609, -122.076 40.32296, -122.0755 40.31373, -122.075 40.31011, -122.0745 40.31307, -122.074 40.32268, -122.0735 40.3381, -122.073 40.3577, -122.0725 40.37928, -122.072 40.40037, -122.0715 40.41856, -122.071 40.43182, -122.0705 40.4388, -122.07 40.43897, -122.0695 40.43274, -122.069 40.42136, -122.0685 40.4068, -122.068 40.39141, -122.0675 40.3777, -122.067 40.3679, -122.0665 40.36375, -122.066 40.36617, -122.0655 40.37523, -122.065 40.39007, -122.0645 40.40906, -122.064 40.42997, -122.0635 40.45034, -122.063 40.46777, -122.0625 40.48023, -122.062 40.48639, -122.0615 40.48573, -122.061 40.47868, -122.0605 40.46651, -122.06 40.45119, -122.0595 40.43509, -122.059 40.4207, -122.0585 40.41026, -122.058 40.40549, -122.0575 40.4073, -122.057 40.41573, -122.0565 40.42991, -122.056 40.4482, -122.0555 40.46837, -122.055 40.48795, -122.0545 40.50454, -122.054 40.51613, -122.0535 40.52139, -122.053 40.51983, -122.0525 40.5119, -122.052 40.49887, -122.0515 40.48272, -122.051 40.46585, -122.0505 40.45072, -122.05 40.43958, -122.0495 40.43412, -122.049 40.43526, -122.0485 40.44301, -122.048 40.45648, -122.0475 40.47402, -122.047 40.49339, -122.0465 40.51212, -122.046 40.52782, -122.0455 40.53848, -122.045 40.5428, -122.0445 40.5403, -122.044 40.53143, -122.0435 40.5175, -122.043 40.50049, -122.0425 40.48279, -122.042 40.46689, -122.0415 40.45501, -122.041 40.44883, -122.0405 40.44926, -122.04 40.45628, -122.0395 40.46901, -122.039 40.48576, -122.0385 40.5043, -122.038 40.52216, -122.0375 40.53694, -122.037 40.54665, -122.0365 40.55, -122.036 40.54653, -122.0355 40.53671, -122.035 40.52185, -122.0345 40.50396, -122.034 40.48543, -122.0335 40.46873, -122.033 40.4561, -122.0325 40.44919, -122.032 40.44889, -122.0315 40.45518, -122.031 40.46715, -122.0305 40.48311, -122.03 40.50082, -122.0295 40.51779, -122.029 40.53164, -122.0285 40.5404, -122.028 40.54278, -122.0275 40.53834, -122.027 40.52757, -122.0265 40.5118, -122.026 40.49303, -122.0255 40.47367, -122.025 40.45619, -122.0245 40.44281, -122.024 40.43518, -122.0235 40.43417, -122.023 40.43974, -122.0225 40.45097, -122.022 40.46615, -122.0215 40.48304, -122.021 40.49915, -122.0205 40.5121, -122.02 40.51992, -122.0195 40.52135, -122.019 40.51597, -122.0185 40.50428, -122.018 40.48761, -122.0175 40.468, -122.017 40.44784, -122.0165 40.42961, -122.016 40.41552, -122.0155 40.4072, -122.015 40.40552, -122.0145 40.41041, -122.014 40.42093, -122.0135 40.43538, -122.013 40.45148, -122.0125 40.46677, -122.012 40.47886, -122.0115 40.4858, -122.011 40.48634, -122.0105 40.48006, -122.01 40.46749, -122.0095 40.44999, -122.009 40.42958, -122.0085 40.40868, -122.008 40.38976, -122.0075 40.37501, -122.007 40.36607, -122.0065 40.36376, -122.006 40.36804, -122.0055 40.37792, -122.005 40.39169, -122.0045 40.40708, -122.004 40.42161, -122.0035 40.43291, -122.003 40.43903, -122.0025 40.43873, -122.002 40.43163, -122.0015 40.41826, -122.001 40.4, -122.0005 40.37888, -122 40.35731, -121.9995 40.33777, -121.999 40.32245, -121.9985 40.31295, -121.998 40.31012, -121.9975 40.31385, -121.997 40.32318, -121.9965 40.33635, -121.996 40.35111, -121.9955 40.36497, -121.995 40.37556, -121.9945 40.38096, -121.994 40.37992, -121.9935 40.37209, -121.993 40.35801, -121.9925 40.33908, -121.992 40.31734, -121.9915 40.2952, -121.991 40.27514, -121.9905 40.25934, -121.99 40.2494, -121.9895 40.24613, -121.989 40.24942, -121.9885 40.25829, -121.988 40.27097, -121.9875 40.28521, -121.987 40.2985, -121.9865 40.30849, -121.986 40.31326, -121.9855 40.31159, -121.985 40.30314, -121.9845 40.28847, -121.984 40.26897, -121.9835 40.24672, -121.983 40.22413, -121.9825 40.20366, -121.982 40.1875, -121.9815 40.17723, -121.981 40.17364, -121.9805 40.17661, -121.98 40.18513, -121.9795 40.19745, -121.979 40.21127, -121.9785 40.22412, -121.978 40.23363, -121.9775 40.2379, -121.977 40.23572, -121.9765 40.22677, -121.976 40.21162, -121.9755 40.1917, -121.975 40.16906, -121.9745 40.14614, -121.974 40.1254, -121.9735 40.109, -121.973 40.09852, -121.9725 40.09474, -121.972 40.09752, -121.9715 40.10583, -121.971 40.11791, -121.9705 40.13145, -121.97 40.14398, -121.9695 40.15314, -121.969 40.15704, -121.9685 40.15449, -121.968 40.14517, -121.9675 40.12969, -121.967 40.10946, -121.9665 40.08658, -121.966 40.06347, -121.9655 40.04259, -121.965 40.02609, -121.9645 40.01555, -121.964 40.01172, -121.9635 40.01444, -121.963 40.02268, -121.9625 40.03465, -121.962 40.04805, -121.9615 40.06041, -121.961 40.06936, -121.9605 40.07303, -121.96 40.07024, -121.9595 40.0607, -121.959 40.04502, -121.9585 40.02464, -121.958 40.00166, -121.9575 39.97849, -121.957 39.95761, -121.9565 39.94116, -121.956 39.9307, -121.9555 39.92696, -121.955 39.92977, -121.9545 39.93808, -121.954 39.95009, -121.9535 39.96349, -121.953 39.97581, -121.9525 39.9847, -121.952 39.98828, -121.9515 39.9854, -121.951 39.97578, -121.9505 39.96005, -121.95 39.93966, -121.9495 39.91672, -121.949 39.89365, -121.9485 39.87292, -121.948 39.85666, -121.9475 39.84642, -121.947 39.84291, -121.9465 39.84595, -121.946 39.85447, -121.9455 39.86666, -121.945 39.88022, -121.9445 39.89264, -121.944 39.90161, -121.9435 39.90525, -121.943 39.90242, -121.9425 39.89286, -121.942 39.87722, -121.9415 39.85697, -121.941 39.83421, -121.9405 39.81138, -121.94 39.79094, -121.9395 39.77502, -121.939 39.76513, -121.9385 39.762, -121.938 39.76541, -121.9375 39.77429, -121.937 39.7868, -121.9365 39.80064, -121.936 39.81331, -121.9355 39.82249, -121.935 39.82633, -121.9345 39.82369, -121.934 39.81433, -121.9335 39.79892, -121.933 39.77894, -121.9325 39.7565, -121.932 39.73405, -121.9315 39.71403, -121.931 39.69857, -121.9305 39.68919, -121.93 39.68656, -121.9295 39.69048, -121.929 39.69984, -121.9285 39.71281, -121.928 39.72706, -121.9275 39.74011, -121.927 39.74963, -121.9265 39.75379, -121.926 39.75147, -121.9255 39.74245, -121.925 39.72739, -121.9245 39.70781, -121.924 39.68582, -121.9235 39.66387, -121.923 39.6444, -121.9225 39.62954, -121.922 39.62077, -121.9215 39.61878, -121.921 39.62332, -121.9205 39.63329, -121.92 39.64682, -121.9195 39.66161, -121.919 39.67515, -121.9185 39.68514, -121.918 39.68974, -121.9175 39.68786, -121.917 39.67927, -121.9165 39.66469, -121.916 39.64562, -121.9155 39.62419, -121.915 39.60286, -121.9145 39.58405, -121.914 39.56989, -121.9135 39.56186, -121.913 39.5606, -121.9125 39.56588, -121.912 39.57655, -121.9115 39.59076, -121.911 39.60619, -121.9105 39.62033, -121.91 39.63088, -121.9095 39.63602, -121.909 39.63467, -121.9085 39.62663, -121.908 39.61262, -121.9075 39.59416, -121.907 39.57339, -121.9065 39.55276, -121.906 39.53472, -121.9055 39.52135, -121.905 39.51414, -121.9045 39.51371, -121.904 39.51981, -121.9035 39.53128, -121.903 39.54626, -121.9025 39.5624, -121.902 39.57722, -121.9015 39.58842, -121.901 39.59418, -121.9005 39.59345, -121.9 39.58603, -121.8995 39.57267, -121.899 39.5549, -121.8985 39.53486, -121.898 39.51502, -121.8975 39.49781, -121.897 39.48532, -121.8965 39.47899, -121.896 39.47947, -121.8955 39.48645, -121.895 39.49879, -121.8945 39.51459, -121.894 39.53152, -121.8935 39.54708, -121.893 39.55899, -121.8925 39.56543, -121.892 39.56537, -121.8915 39.55864, -121.891 39.54599, -121.8905 39.52896, -121.89 39.50972, -121.8895 39.49072, -121.889 39.47439, -121.8885 39.46281, -121.888 39.45743, -121.8875 39.45885, -121.887 39.46677, -121.8865 39.48002, -121.886 39.49669, -121.8855 39.51444, -121.885 39.53079, -121.8845 39.54344, -121.884 39.55061, -121.8835 39.55126, -121.883 39.54525, -121.8825 39.53334, -121.882 39.51709, -121.8815 39.49867, -121.881 39.48053, -121.8805 39.46512, -121.88 39.45449, -121.8795 39.45008, -121.879 39.45247, -121.8785 39.46135, -121.878 39.47552, -121.8775 39.49308, -121.877 39.51168, -121.8765 39.52883, -121.876 39.54224, -121.8755 39.55014, -121.875 39.55152, -121.8745 39.54623, -121.874 39.53507, -121.8735 39.51961, -121.873 39.50202, -121.8725 39.48476, -121.872 39.47027, -121.8715 39.46059, -121.871 39.45714, -121.8705 39.4605, -121.87 39.47034, -121.8695 39.48543, -121.869 39.50388, -121.8685 39.52331, -121.868 39.54125, -121.8675 39.55541, -121.867 39.56404, -121.8665 39.56613, -121.866 39.56156, -121.8655 39.55113, -121.865 39.53644, -121.8645 39.51967, -121.864 39.50327, -121.8635 39.48967, -121.863 39.48092, -121.8625 39.47842, -121.862 39.48272, -121.8615 39.49348, -121.861 39.50948, -121.8605 39.52877, -121.86 39.54901, -121.8595 39.56771, -121.859 39.58259, -121.8585 39.59191, -121.858 39.59467, -121.8575 39.59078, -121.857 39.58106, -121.8565 39.5671, -121.856 39.55109, -121.8555 39.53551, -121.855 39.52276, -121.8545 39.5149, -121.854 39.51329, -121.8535 39.5185, -121.853 39.53013, -121.8525 39.54697, -121.852 39.56707, -121.8515 39.58806, -121.851 39.60746, -121.8505 39.623, -121.85 39.63294, -121.8495 39.63632, -121.849 39.63305, -121.8485 39.62397, -121.848 39.61068, -121.8475 39.59538, -121.847 39.58055, -121.8465 39.56859, -121.846 39.56154, -121.8455 39.56076, -121.845 39.56679, -121.8445 39.57923, -121.844 39.59684, -121.8435 39.61766, -121.843 39.63933, -121.8425 39.65935, -121.842 39.67547, -121.8415 39.68597, -121.841 39.68988, -121.8405 39.68715, -121.84 39.67862, -121.8395 39.66592, -121.839 39.65124, -121.8385 39.63707, -121.838 39.62582, -121.8375 39.61949, -121.837 39.61946, -121.8365 39.62622, -121.836 39.63938, -121.8355 39.65766, -121.835 39.67911, -121.8345 39.70135, -121.834 39.7219, -121.8335 39.73851, -121.833 39.74945, -121.8325 39.75381, -121.832 39.75151, -121.8315 39.74343, -121.831 39.73121, -121.8305 39.71706, -121.83 39.70345, -121.8295 39.69279, -121.829 39.68709, -121.8285 39.68768, -121.828 39.69507, -121.8275 39.70883, -121.827 39.72768, -121.8265 39.74965, -121.826 39.77235, -121.8255 39.79332, -121.825 39.81029, -121.8245 39.82157, -121.824 39.82624, -121.8235 39.82427, -121.823 39.81653, -121.8225 39.80468, -121.822 39.79093, -121.8215 39.77776, -121.821 39.76758, -121.8205 39.76237, -121.82 39.76348, -121.8195 39.77137, -121.819 39.7856, -121.8185 39.80489, -121.818 39.82725, -121.8175 39.8503, -121.817 39.87154, -121.8165 39.88876, -121.816 39.90025, -121.8155 39.90511, -121.815 39.90333, -121.8145 39.8958, -121.814 39.88418, -121.8135 39.8707, -121.813 39.85785, -121.8125 39.848, -121.812 39.84317, -121.8115 39.84465, -121.811 39.85291, -121.8105 39.86749, -121.81 39.88708, -121.8095 39.90969, -121.809 39.93294, -121.8085 39.95433, -121.808 39.97165, -121.8075 39.98321, -121.807 39.98813, -121.8065 39.9864, -121.806 39.97894, -121.8055 39.96742, -121.805 39.95408, -121.8045 39.94139, -121.804 39.93175, -121.8035 39.92714, -121.803 39.92886, -121.8025 39.93734, -121.802 39.95213, -121.8015 39.97188, -121.801 39.99461, -121.8005 40.01791, -121.8 40.03931, -121.7995 40.05659, -121.799 40.06808, -121.7985 40.0729, -121.798 40.07109, -121.7975 40.06355, -121.797 40.05198, -121.7965 40.03863, -121.796 40.02598, -121.7955 40.0164, -121.795 40.01187, -121.7945 40.01368, -121.794 40.02225, -121.7935 40.03709, -121.793 40.05686, -121.7925 40.07955, -121.792 40.10277, -121.7915 40.12403, -121.791 40.14112, -121.7905 40.15239, -121.79 40.15699, -121.7895 40.15494, -121.789 40.14718, -121.7885 40.13543, -121.788 40.12193, -121.7875 40.10916, -121.787 40.0995, -121.7865 40.09492, -121.786 40.09667, -121.7855 40.10518, -121.785 40.11993, -121.7845 40.13958, -121.784 40.1621, -121.7835 40.18508, -121.783 40.20606, -121.7825 40.22282, -121.782 40.23374, -121.7815 40.23796, -121.781 40.23553, -121.7805 40.22742, -121.78 40.21534, -121.7795 40.20155, -121.779 40.18853, -121.7785 40.17865, -121.778 40.17387, -121.7775 40.17544, -121.777 40.18374, -121.7765 40.19827, -121.776 40.21765, -121.7755 40.23986, -121.775 40.26248, -121.7745 40.28304, -121.774 40.29934, -121.7735 40.30976, -121.773 40.31347, -121.7725 40.31054, -121.772 40.30195, -121.7715 40.28941, -121.771 40.2752, -121.7705 40.26179, -121.77 40.25156, -121.7695 40.24645, -121.769 40.2477, -121.7685 40.25568, -121.768 40.26986, -121.7675 40.28885, -121.767 40.31062, -121.7665 40.33274, -121.766 40.35276, -121.7655 40.36847, -121.765 40.37828, -121.7645 40.38136, -121.764 40.3778, -121.7635 40.36859, -121.763 40.35548, -121.7625 40.34073, -121.762 40.32682, -121.7615 40.31613, -121.761 40.31058, -121.7605 40.31139, -121.76 40.31893, -121.7595 40.33264, -121.759 40.35112, -121.7585 40.37234, -121.758 40.39386, -121.7575 40.41321, -121.757 40.42823, -121.7565 40.43731, -121.756 40.43965, -121.7555 40.43536, -121.755 40.42544, -121.7545 40.41164, -121.754 40.39625, -121.7535 40.38174, -121.753 40.37048, -121.7525 40.36438, -121.752 40.36466, -121.7515 40.37166, -121.751 40.3848, -121.7505 40.40269, -121.75 40.42325, -121.7495 40.44406, -121.749 40.46267, -121.7485 40.4769, -121.748 40.48516, -121.7475 40.48667, -121.747 40.48156, -121.7465 40.47084, -121.746 40.45627, -121.7455 40.44015, -121.745 40.42495, -121.7445 40.41304, -121.744 40.40632, -121.7435 40.40598, -121.743 40.41236, -121.7425 40.42486, -121.742 40.44206, -121.7415 40.46189, -121.741 40.48193, -121.7405 40.49972, -121.74 40.51308, -121.7395 40.52045, -121.739 40.52106, -121.7385 40.51506, -121.738 40.50346, -121.7375 40.48807, -121.737 40.47115, -121.7365 40.45521, -121.736 40.44258, -121.7355 40.43517, -121.735 40.43416, -121.7345 40.43986, -121.734 40.45165, -121.7335 40.46812, -121.733 40.48717, -121.7325 40.50638, -121.732 40.52328, -121.7315 40.53573, -121.731 40.54216, -121.7305 40.54183, -121.73 40.53488, -121.7295 40.52238, -121.729 40.5061, -121.7285 40.48835, -121.728 40.47162, -121.7275 40.45824, -121.727 40.45011, -121.7265 40.44839, -121.726 40.45337, -121.7255 40.46443, -121.725 40.48012, -121.7245 40.49835, -121.724 40.5167, -121.7235 40.5327, -121.723 40.5442, -121.7225 40.54967, -121.722 40.54836, -121.7215 40.54046, -121.721 40.52702, -121.7205 40.50985, -121.72 40.49125, -121.7195 40.47371, -121.719 40.45957, -121.7185 40.4507, -121.718 40.44825, -121.7175 40.4525, -121.717 40.46281, -121.7165 40.47772, -121.716 40.49514, -121.7155 40.51261, -121.715 40.5277, -121.7145 40.53826, -121.714 40.54276, -121.7135 40.54049, -121.713 40.53162, -121.7125 40.51725, -121.712 40.49919, -121.7115 40.47975, -121.711 40.46141, -121.7105 40.44651, -121.71 40.43691, -121.7095 40.43375, -121.709 40.43729, -121.7085 40.44687, -121.708 40.46101, -121.7075 40.47762, -121.707 40.49425, -121.7065 40.50844, -121.706 40.51808, -121.7055 40.52164, -121.705 40.51841, -121.7045 40.50862, -121.704 40.49335, -121.7035 40.47443, -121.703 40.45417, -121.7025 40.43507, -121.702 40.41944, -121.7015 40.40915, -121.701 40.40532, -121.7005 40.40818, -121.7 40.41706, -121.6995 40.43048, -121.699 40.44632, -121.6985 40.46214, -121.698 40.47549, -121.6975 40.48424, -121.697 40.4869, -121.6965 40.48278, -121.696 40.47211, -121.6955 40.45599, -121.695 40.43626, -121.6945 40.41524, -121.694 40.39543, -121.6935 40.37914, -121.693 40.36822, -121.6925 40.36376, -121.692 40.366, -121.6915 40.37425, -121.691 40.38701, -121.6905 40.40215, -121.69 40.41722, -121.6895 40.42979, -121.689 40.43773, -121.6885 40.43957, -121.688 40.43462, -121.6875 40.42314, -121.687 40.40624, -121.6865 40.38577, -121.686 40.36408, -121.6855 40.34363, -121.685 40.32676, -121.6845 40.31528, -121.684 40.31029, -121.6835 40.31199, -121.683 40.31969, -121.6825 40.33187, -121.682 40.34639, -121.6815 40.3608, -121.681 40.37267, -121.6805 40.3799, -121.68 40.38099, -121.6795 40.37531, -121.679 40.36311, -121.6785 40.34552, -121.678 40.32442, -121.6775 40.30214, -121.677 40.28116, -121.6765 40.2638, -121.676 40.25186, -121.6755 40.24643, -121.675 40.2477, -121.6745 40.25495, -121.674 40.26665, -121.6735 40.28066, -121.673 40.29452, -121.6725 40.3058, -121.672 40.3124, -121.6715 40.31286, -121.671 40.30655, -121.6705 40.29374, -121.67 40.27559, -121.6695 40.25397, -121.669 40.23121, -121.6685 40.20981, -121.668 40.19207, -121.6675 40.17979, -121.667 40.17404, -121.6665 40.17499, -121.666 40.18191, -121.6655 40.19325, -121.665 40.20686, -121.6645 40.22028, -121.664 40.23109, -121.6635 40.2372, -121.663 40.23715, -121.6625 40.23034, -121.662 40.21705, -121.6615 40.19845, -121.661 40.17642, -121.6605 40.15332, -121.66 40.13162, -121.6595 40.11364, -121.659 40.10115, -121.6585 40.09521, -121.658 40.09597, -121.6575 40.10268, -121.657 40.11378, -121.6565 40.12713, -121.656 40.14025, -121.6555 40.15072, -121.655 40.15646, -121.6545 40.15604, -121.654 40.14886, -121.6535 40.13522, -121.653 40.1163, -121.6525 40.09402, -121.652 40.0707, -121.6515 40.04885, -121.651 40.03076, -121.6505 40.0182, -121.65 40.0122, -121.6495 40.01291, -121.649 40.01955, -121.6485 40.03056, -121.648 40.04378, -121.6475 40.05673, -121.647 40.067, -121.6465 40.07252, -121.646 40.07187, -121.6455 40.06445, -121.645 40.05061, -121.6445 40.03152, -121.644 40.00912, -121.6435 39.98574, -121.643 39.96388, -121.6425 39.94581, -121.642 39.93332, -121.6415 39.92741, -121.641 39.92821, -121.6405 39.93493, -121.64 39.94599, -121.6395 39.95922, -121.639 39.97215, -121.6385 39.98237, -121.638 39.9878, -121.6375 39.98706, -121.637 39.97956, -121.6365 39.96565, -121.636 39.94654, -121.6355 39.92416, -121.635 39.90086, -121.6345 39.87913, -121.634 39.86125, -121.6335 39.84897, -121.633 39.84329, -121.6325 39.84432, -121.632 39.85126, -121.6315 39.86252, -121.631 39.8759, -121.6305 39.88896, -121.63 39.89926, -121.6295 39.90475, -121.629 39.90406, -121.6285 39.89662, -121.628 39.88279, -121.6275 39.8638, -121.627 39.84159, -121.6265 39.81851, -121.626 39.79705, -121.6255 39.77949, -121.625 39.76756, -121.6245 39.76226, -121.624 39.76367, -121.6235 39.77097, -121.623 39.78255, -121.6225 39.79624, -121.622 39.80955, -121.6215 39.82007, -121.621 39.82577, -121.6205 39.82527, -121.62 39.81802, -121.6195 39.80441, -121.619 39.78568, -121.6185 39.76377, -121.618 39.74105, -121.6175 39.72, -121.617 39.7029, -121.6165 39.69146, -121.616 39.68666, -121.6155 39.68858, -121.615 39.69637, -121.6145 39.70842, -121.614 39.72253, -121.6135 39.73623, -121.613 39.74711, -121.6125 39.75313, -121.612 39.75295, -121.6115 39.74603, -121.611 39.73276, -121.6105 39.71442, -121.61 39.69294, -121.6095 39.6707, -121.609 39.65019, -121.6085 39.63367, -121.608 39.62284, -121.6075 39.61868, -121.607 39.62122, -121.6065 39.62963, -121.606 39.64226, -121.6055 39.65692, -121.605 39.67112, -121.6045 39.68247, -121.604 39.68894, -121.6035 39.68919, -121.603 39.68271, -121.6025 39.66991, -121.602 39.65206, -121.6015 39.63113, -121.601 39.60949, -121.6005 39.58963, -121.6 39.5738, -121.5995 39.56369, -121.599 39.56026, -121.5985 39.56354, -121.598 39.57267, -121.5975 39.58599, -121.597 39.60129, -121.5965 39.61611, -121.596 39.62803, -121.5955 39.63505, -121.595 39.63583, -121.5945 39.62989, -121.594 39.61765, -121.5935 39.6004, -121.593 39.58011, -121.5925 39.55916, -121.592 39.54005, -121.5915 39.525, -121.591 39.51571, -121.5905 39.51311, -121.59 39.51722, -121.5895 39.52715, -121.589 39.54124, -121.5885 39.55728, -121.588 39.57279, -121.5875 39.58537, -121.587 39.59302, -121.5865 39.59442, -121.586 39.58909, -121.5855 39.57749, -121.585 39.56092, -121.5845 39.54135, -121.584 39.52117, -121.5835 39.50287, -121.583 39.48868, -121.5825 39.48028, -121.582 39.47858, -121.5815 39.48358, -121.581 39.49438, -121.5805 39.50932, -121.58 39.52616, -121.5795 39.54242, -121.579 39.55572, -121.5785 39.56405, -121.578 39.56613, -121.5775 39.56148, -121.577 39.55058, -121.5765 39.53474, -121.576 39.51594, -121.5755 39.49659, -121.575 39.47916, -121.5745 39.46588, -121.574 39.45842, -121.5735 39.45766, -121.573 39.4636, -121.5725 39.47532, -121.572 39.49114, -121.5715 39.50882, -121.571 39.52588, -121.5705 39.53994, -121.57 39.549, -121.5695 39.55179, -121.569 39.54786, -121.5685 39.53769, -121.568 39.52261, -121.5675 39.50462, -121.567 39.48613, -121.5665 39.4696, -121.566 39.45726, -121.5655 39.45076, -121.565 39.45097, -121.5645 39.45787, -121.564 39.47053, -121.5635 39.48726, -121.563 39.50579, -121.5625 39.52367, -121.562 39.53849, -121.5615 39.5483, -121.561 39.55181, -121.5605 39.54861, -121.56 39.53918, -121.5595 39.52488, -121.559 39.50771, -121.5585 39.49007, -121.558 39.47445, -121.5575 39.46305, -121.557 39.45751, -121.5565 39.4587, -121.556 39.46656, -121.5555 39.48016, -121.555 39.49777, -121.5545 39.51716, -121.554 39.53584, -121.5535 39.55143, -121.553 39.56197, -121.5525 39.5662, -121.552 39.56371, -121.5515 39.55501, -121.551 39.54146, -121.5505 39.52509, -121.55 39.5083, -121.5495 39.49356, -121.549 39.48308, -121.5485 39.47848, -121.548 39.48062, -121.5475 39.48941, -121.547 39.50392, -121.5465 39.52241, -121.546 39.54262, -121.5455 39.56207, -121.545 39.57838, -121.5445 39.58962, -121.544 39.59452, -121.5435 39.59271, -121.543 39.5847, -121.5425 39.57188, -121.542 39.55626, -121.5415 39.54027, -121.541 39.52638, -121.5405 39.51677, -121.54 39.51307, -121.5395 39.5161, -121.539 39.52579, -121.5385 39.54115, -121.538 39.56045, -121.5375 39.58143, -121.537 39.6016, -121.5365 39.61858, -121.536 39.63046, -121.5355 39.63598, -121.535 39.63478, -121.5345 39.62741, -121.534 39.61524, -121.5335 39.60032, -121.533 39.58507, -121.5325 39.57195, -121.532 39.56315, -121.5315 39.56028, -121.531 39.56414, -121.5305 39.57463, -121.53 39.59078, -121.5295 39.61082, -121.529 39.63249, -121.5285 39.6533, -121.528 39.67088, -121.5275 39.68331, -121.527 39.68937, -121.5265 39.68871, -121.526 39.68188, -121.5255 39.67029, -121.525 39.65598, -121.5245 39.64138, -121.524 39.62895, -121.5235 39.62087, -121.523 39.61874, -121.5225 39.62333, -121.522 39.63455, -121.5215 39.65139, -121.521 39.67207, -121.5205 39.69433, -121.52 39.71568, -121.5195 39.73376, -121.519 39.74666, -121.5185 39.75316, -121.518 39.75293, -121.5175 39.74655, -121.517 39.73543, -121.5165 39.72163, -121.516 39.70758, -121.5155 39.69573, -121.515 39.68827, -121.5145 39.68676, -121.514 39.69199, -121.5135 39.70382, -121.513 39.72123, -121.5125 39.74245, -121.512 39.76519, -121.5115 39.78697, -121.511 39.80543, -121.5105 39.81867, -121.51 39.82549, -121.5095 39.82559, -121.509 39.81954, -121.5085 39.80877, -121.508 39.79536, -121.5075 39.78174, -121.507 39.77036, -121.5065 39.76339, -121.506 39.76239, -121.5055 39.76812, -121.505 39.78044, -121.5045 39.79831, -121.504 39.81993, -121.5035 39.84303, -121.503 39.86511, -121.5025 39.88383, -121.502 39.89728, -121.5015 39.9043, -121.501 39.90458, -121.5005 39.89873, -121.5 39.88819, -121.4995 39.87505, -121.499 39.86172, -121.4985 39.85068, -121.498 39.84407, -121.4975 39.84344, -121.497 39.84955, -121.4965 39.86222, -121.496 39.8804, -121.4955 39.9023, -121.495 39.92562, -121.4945 39.94786, -121.494 39.96669, -121.4935 39.98023, -121.493 39.9873, -121.4925 39.98763, -121.492 39.98185, -121.4915 39.9714, -121.491 39.95837, -121.4905 39.94521, -121.49 39.93436, -121.4895 39.92797, -121.489 39.92758, -121.4885 39.93392, -121.488 39.9468, -121.4875 39.96516, -121.487 39.98719, -121.4865 40.01058, -121.486 40.03284, -121.4855 40.05165, -121.485 40.06512, -121.4845 40.07211, -121.484 40.07235, -121.4835 40.06648, -121.483 40.05598, -121.4825 40.04293, -121.482 40.02978, -121.4815 40.01899, -121.481 40.01267, -121.4805 40.01237, -121.48 40.0188, -121.4795 40.03175, -121.479 40.05014, -121.4785 40.07215, -121.478 40.09547, -121.4775 40.11761, -121.477 40.13624, -121.4765 40.1495, -121.476 40.15627, -121.4755 40.15627, -121.475 40.15018, -121.4745 40.13948, -121.474 40.12627, -121.4735 40.113, -121.473 40.10211, -121.4725 40.09573, -121.472 40.09538, -121.4715 40.10175, -121.471 40.11462, -121.4705 40.1329, -121.47 40.15475, -121.4695 40.17786, -121.469 40.19974, -121.4685 40.21805, -121.468 40.23096, -121.4675 40.23735, -121.467 40.23698, -121.4665 40.23053, -121.466 40.21949, -121.4655 40.20598, -121.465 40.19244, -121.4645 40.18133, -121.464 40.17475, -121.4635 40.17421, -121.463 40.18038, -121.4625 40.19304, -121.462 40.21107, -121.4615 40.23262, -121.461 40.25538, -121.4605 40.27686, -121.46 40.29472, -121.4595 40.30715, -121.459 40.31303, -121.4585 40.31215, -121.458 40.30521, -121.4575 40.2937, -121.457 40.27975, -121.4565 40.26582, -121.456 40.25435, -121.4555 40.24744, -121.455 40.24657, -121.4545 40.25243, -121.454 40.26474, -121.4535 40.28239, -121.453 40.30353, -121.4525 40.32581, -121.452 40.34675, -121.4515 40.36405, -121.451 40.37586, -121.4505 40.38112, -121.45 40.37961, -121.4495 40.37205, -121.449 40.35995, -121.4485 40.34545, -121.448 40.33101, -121.4475 40.31906, -121.447 40.3117, -121.4465 40.3104, -121.446 40.31581, -121.4455 40.32767, -121.445 40.34483, -121.4445 40.36543, -121.444 40.38712, -121.4435 40.40742, -121.443 40.42403, -121.4425 40.43513, -121.442 40.43965, -121.4415 40.4374, -121.441 40.42912, -121.4405 40.41633, -121.44 40.40117, -121.4395 40.38611, -121.439 40.37358, -121.4385 40.36567, -121.438 40.36384, -121.4375 40.36872, -121.437 40.38002, -121.4365 40.39659, -121.436 40.41655, -121.4355 40.43756, -121.435 40.45713, -121.4345 40.47295, -121.434 40.48324, -121.4335 40.48693, -121.433 40.48386, -121.4325 40.47477, -121.432 40.4612, -121.4315 40.4453, -121.431 40.42954, -121.4305 40.41635, -121.43 40.40781, -121.4295 40.40536, -121.429 40.40962, -121.4285 40.42028, -121.428 40.43618, -121.4275 40.45543, -121.427 40.47568, -121.4265 40.49444, -121.426 40.50941, -121.4255 40.51882, -121.425 40.52161, -121.4245 40.51764, -121.424 40.50767, -121.4235 40.49325, -121.423 40.47655, -121.4225 40.46003, -121.422 40.44612, -121.4215 40.43688, -121.421 40.43375, -121.4205 40.43733, -121.42 40.44731, -121.4195 40.46248, -121.419 40.48096, -121.4185 40.50039, -121.418 40.51829, -121.4175 40.53236, -121.417 40.54083, -121.4165 40.54268, -121.416 40.53776, -121.4155 40.52687, -121.415 40.51156, -121.4145 40.49402, -121.414 40.47669, -121.4135 40.46201, -121.413 40.45204, -121.4125 40.4482, -121.412 40.45107, -121.4115 40.46032, -121.411 40.47473, -121.4105 40.49241, -121.41 40.511, -121.4095 40.528, -121.409 40.54114, -121.4085 40.54865, -121.408 40.54952, -121.4075 40.54365, -121.407 40.53181, -121.4065 40.51559, -121.406 40.49718, -121.4055 40.47903, -121.405 40.46358, -121.4045 40.45286, -121.404 40.4483, -121.4035 40.45044, -121.403 40.45895, -121.4025 40.47259, -121.402 40.48946, -121.4015 40.50719, -121.401 40.5233, -121.4005 40.5355, -121.4 40.54205, -121.3995 40.54195, -121.399 40.53511, -121.3985 40.52233, -121.398 40.50521, -121.3975 40.48594, -121.397 40.46698, -121.3965 40.45076, -121.396 40.43931, -121.3955 40.43403, -121.395 40.43546, -121.3945 40.44324, -121.394 40.45613, -121.3935 40.47221, -121.393 40.4891, -121.3925 40.50433, -121.392 40.51561, -121.3915 40.52122, -121.391 40.52018, -121.3905 40.5124, -121.39 40.49871, -121.3895 40.48072, -121.389 40.46061, -121.3885 40.44088, -121.388 40.42392, -121.3875 40.41177, -121.387 40.40581, -121.3865 40.40656, -121.386 40.41365, -121.3855 40.42583, -121.385 40.44116, -121.3845 40.45726, -121.384 40.47164, -121.3835 40.48206, -121.383 40.48678, -121.3825 40.48484, -121.382 40.47617, -121.3815 40.46161, -121.381 40.4428, -121.3805 40.42192, -121.38 40.40146, -121.3795 40.38382, -121.379 40.37103, -121.3785 40.36445, -121.378 40.36459, -121.3775 40.37105, -121.377 40.38258, -121.3765 40.39721, -121.376 40.41258, -121.3755 40.4262, -121.375 40.43581, -121.3745 40.43971, -121.374 40.43694, -121.3735 40.42745, -121.373 40.41211, -121.3725 40.39254, -121.372 40.37097, -121.3715 40.34986, -121.371 40.33162, -121.3705 40.31826, -121.37 40.31114, -121.3695 40.31075, -121.369 40.31667, -121.3685 40.32762, -121.368 40.34165, -121.3675 40.35638, -121.367 40.36931, -121.3665 40.3782, -121.366 40.38136, -121.3655 40.37786, -121.365 40.36765, -121.3645 40.35161, -121.364 40.33139, -121.3635 40.30921, -121.363 40.28755, -121.3625 40.26881, -121.362 40.25499, -121.3615 40.24743, -121.361 40.2466, -121.3605 40.25207, -121.36 40.26256, -121.3595 40.27609, -121.359 40.29027, -121.3585 40.30262, -121.358 40.31091, -121.3575 40.31344, -121.357 40.3093, -121.3565 40.29848, -121.356 40.28185, -121.3555 40.26109, -121.355 40.23843, -121.3545 40.21633, -121.354 40.1972, -121.3535 40.18303, -121.353 40.17514, -121.3525 40.17399, -121.352 40.17914, -121.3515 40.18928, -121.351 40.20242, -121.3505 40.21618, -121.35 40.22807, -121.3495 40.23587, -121.349 40.23789, -121.3485 40.23324, -121.348 40.22193, -121.3475 40.20484, -121.347 40.18367, -121.3465 40.16064, -121.346 40.13823, -121.3455 40.11884, -121.345 40.10445, -121.3445 40.09636, -121.344 40.09503, -121.3435 40.09998, -121.343 40.10989, -121.3425 40.12278, -121.342 40.13625, -121.3415 40.14781, -121.341 40.15525, -121.3405 40.1569, -121.34 40.15188, -121.3395 40.14021, -121.339 40.1228, -121.3385 40.10134, -121.338 40.07809, -121.3375 40.05551, -121.337 40.03599, -121.3365 40.02152, -121.336 40.01337, -121.3355 40.01198, -121.335 40.01687, -121.3345 40.0267, -121.334 40.03948, -121.3335 40.05279, -121.333 40.06416, -121.3325 40.07138, -121.332 40.0728, -121.3315 40.06755, -121.331 40.05566, -121.3305 40.03807, -121.33 40.01648, -121.3295 39.99314, -121.329 39.97053, -121.3285 39.95103, -121.328 39.93662, -121.3275 39.92855, -121.327 39.92726, -121.3265 39.93223, -121.326 39.94212, -121.3255 39.95492, -121.325 39.96822, -121.3245 39.97955, -121.324 39.98669, -121.3235 39.98802, -121.323 39.98268, -121.3225 39.97072, -121.322 39.95309, -121.3215 39.93151, -121.321 39.90823, -121.3205 39.88573, -121.32 39.86641, -121.3195 39.85219, -121.319 39.84435, -121.3185 39.84329, -121.318 39.84849, -121.3175 39.85859, -121.317 39.87156, -121.3165 39.88499, -121.316 39.89641, -121.3155 39.90362, -121.315 39.90501, -121.3145 39.89972, -121.314 39.88783, -121.3135 39.87031, -121.313 39.84888, -121.3125 39.8258, -121.312 39.80357, -121.3115 39.78454, -121.311 39.77067, -121.3105 39.76321, -121.31 39.76252, -121.3095 39.76809, -121.309 39.77852, -121.3085 39.7918, -121.308 39.8055, -121.3075 39.81716, -121.307 39.82458, -121.3065 39.82615, -121.306 39.82105, -121.3055 39.80938, -121.305 39.7921, -121.3045 39.77095, -121.304 39.74822, -121.3035 39.72638, -121.303 39.7078, -121.3025 39.69441, -121.302 39.68745, -121.3015 39.68727, -121.301 39.69333, -121.3005 39.70424, -121.3 39.71796, -121.2995 39.73206, -121.299 39.74408, -121.2985 39.75184, -121.298 39.75373, -121.2975 39.74896, -121.297 39.73762, -121.2965 39.72071, -121.296 39.69998, -121.2955 39.67771, -121.295 39.65639, -121.2945 39.63838, -121.294 39.6256, -121.2935 39.61926, -121.293 39.61971, -121.2925 39.6264, -121.292 39.6379, -121.2915 39.65218, -121.291 39.6668, -121.2905 39.6793, -121.29 39.68751, -121.2895 39.68984, -121.289 39.6855, -121.2885 39.67461, -121.288 39.65819, -121.2875 39.63799, -121.287 39.61631, -121.2865 39.59562, -121.286 39.57828, -121.2855 39.56622, -121.285 39.56061, -121.2845 39.56181, -121.284 39.56921, -121.2835 39.58142, -121.283 39.59635, -121.2825 39.6116, -121.282 39.62468, -121.2815 39.63344, -121.281 39.63631, -121.2805 39.63251, -121.28 39.62217, -121.2795 39.60633, -121.279 39.58676, -121.2785 39.56575, -121.278 39.54579, -121.2775 39.52923, -121.277 39.51797, -121.2765 39.51319, -121.276 39.51522, -121.2755 39.52344, -121.275 39.53643, -121.2745 39.55211, -121.274 39.56806, -121.2735 39.58181, -121.273 39.59121, -121.2725 39.5947, -121.272 39.59151, -121.2715 39.58181, -121.271 39.56663, -121.2705 39.54776, -121.27 39.52751, -121.2695 39.50835, -121.269 39.49264, -121.2685 39.48226, -121.268 39.47837, -121.2675 39.48129, -121.267 39.4904, -121.2665 39.50424, -121.266 39.52074, -121.2655 39.53745, -121.265 39.55193, -121.2645 39.56203, -121.264 39.56619, -121.2635 39.56368, -121.263 39.55467, -121.2625 39.54021, -121.262 39.52211, -121.2615 39.50266, -121.261 39.48436, -121.2605 39.46955, -121.26 39.46009, -121.2595 39.45716, -121.259 39.46102, -121.2585 39.47105, -121.258 39.48579, -121.2575 39.50314, -121.257 39.52067, -121.2565 39.53592, -121.256 39.54675, -121.2555 39.55163, -121.255 39.54983, -121.2545 39.54154, -121.254 39.52784, -121.2535 39.51053, -121.253 39.49192, -121.2525 39.47451, -121.252 39.46062, -121.2515 39.45212, -121.251 39.45016, -121.2505 39.45499, -121.25 39.46597, -121.2495 39.48162, -121.249 39.49984, -121.2485 39.5182, -121.248 39.53423, -121.2475 39.54581, -121.247 39.55142, -121.2465 39.55035, -121.246 39.54279, -121.2455 39.52985, -121.245 39.51335, -121.2445 39.49559, -121.244 39.47906, -121.2435 39.4661, -121.243 39.45857, -121.2425 39.45757, -121.242 39.46337, -121.2415 39.47529, -121.241 39.49186, -121.2405 39.51095, -121.24 39.53012, -121.2395 39.54693, -121.239 39.55925, -121.2385 39.56558, -121.238 39.56521, -121.2375 39.55839, -121.237 39.54619, -121.2365 39.53047, -121.236 39.51354, -121.2355 39.49789, -121.235 39.48584, -121.2345 39.47924, -121.234 39.47919, -121.2335 39.48593, -121.233 39.49877, -121.2325 39.51622, -121.232 39.53614, -121.2315 39.55611, -121.231 39.57366, -121.2305 39.58669, -121.23 39.59369, -121.2295 39.594, -121.229 39.58786, -121.2285 39.57637, -121.228 39.5614, -121.2275 39.54526, -121.227 39.53044, -121.2265 39.51925, -121.226 39.51354, -121.2255 39.51439, -121.225 39.52202, -121.2245 39.53573, -121.224 39.55401, -121.2235 39.57472, -121.223 39.59541, -121.2225 39.61365, -121.222 39.62732, -121.2215 39.63495, -121.221 39.63588, -121.2205 39.63036, -121.22 39.61952, -121.2195 39.60523, -121.219 39.58981, -121.2185 39.57576, -121.218 39.56537, -121.2175 39.56048, -121.217 39.56216, -121.2165 39.57061, -121.216 39.58512, -121.2155 39.60414, -121.215 39.62556, -121.2145 39.64691, -121.214 39.66576, -121.2135 39.68, -121.213 39.68817, -121.2125 39.68963, -121.212 39.68466, -121.2115 39.67439, -121.211 39.66069, -121.2105 39.64591, -121.21 39.63253, -121.2095 39.62286, -121.209 39.61871, -121.2085 39.62113, -121.208 39.6303, -121.2075 39.64551, -121.207 39.6652, -121.2065 39.68722, -121.206 39.70913, -121.2055 39.72849, -121.205 39.7432, -121.2045 39.75182, -121.204 39.75371, -121.2035 39.74918, -121.203 39.73937, -121.2025 39.72617, -121.202 39.71193, -121.2015 39.69913, -121.201 39.69006, -121.2005 39.68653, -121.2 39.68958, -121.1995 39.69938, -121.199 39.71517, -121.1985 39.73541, -121.198 39.75794, -121.1975 39.78029, -121.197 39.80004, -121.1965 39.81511, -121.196 39.82406, -121.1955 39.82627, -121.195 39.82206, -121.1945 39.8126, -121.194 39.79978, -121.1935 39.78595, -121.193 39.7736, -121.1925 39.76502, -121.192 39.762, -121.1915 39.76556, -121.191 39.77585, -121.1905 39.79211, -121.19 39.81277, -121.1895 39.83567, -121.189 39.85834, -121.1885 39.87836, -121.188 39.89365, -121.1875 39.9028, -121.187 39.9052, -121.1865 39.90119, -121.186 39.89194, -121.1855 39.87937, -121.185 39.86583, -121.1845 39.85381, -121.184 39.84558, -121.1835 39.84293, -121.183 39.84687, -121.1825 39.85752, -121.182 39.87411, -121.1815 39.89506, -121.181 39.91819, -121.1805 39.94104, -121.18 39.96119, -121.1795 39.97658, -121.179 39.98579, -121.1785 39.98824, -121.178 39.98428, -121.1775 39.97512, -121.177 39.96266, -121.1765 39.94926, -121.176 39.93742, -121.1755 39.92941, -121.175 39.92699, -121.1745 39.93116, -121.174 39.94203, -121.1735 39.95881, -121.173 39.9799, -121.1725 40.00313, -121.172 40.02602, -121.1715 40.04616, -121.171 40.06149, -121.1705 40.07062, -121.17 40.07298, -121.1695 40.06894, -121.169 40.05971, -121.1685 40.04722, -121.168 40.03383, -121.1675 40.02203, -121.167 40.01409, -121.1665 40.01176, -121.166 40.01602, -121.1655 40.02696, -121.165 40.04379, -121.1645 40.06488, -121.164 40.08805, -121.1635 40.11084, -121.163 40.13082, -121.1625 40.14595, -121.162 40.15485, -121.1615 40.15698, -121.161 40.15271, -121.1605 40.14327, -121.16 40.13061, -121.1595 40.11708, -121.159 40.10518, -121.1585 40.09717, -121.158 40.09478, -121.1575 40.09899, -121.157 40.10987, -121.1565 40.12659, -121.156 40.14754, -121.1555 40.17052, -121.155 40.19305, -121.1545 40.21273, -121.154 40.22752, -121.1535 40.23606, -121.153 40.23781, -121.1525 40.23317, -121.152 40.22339, -121.1515 40.21041, -121.151 40.19661, -121.1505 40.18447, -121.15 40.17624, -121.1495 40.17366, -121.149 40.17768, -121.1485 40.18835, -121.148 40.20484, -121.1475 40.22551, -121.147 40.24815, -121.1465 40.2703, -121.146 40.28955, -121.1455 40.30386, -121.145 40.3119, -121.1445 40.31314, -121.144 40.308, -121.1435 40.29774, -121.143 40.28431, -121.1425 40.27011, -121.142 40.2576, -121.1415 40.24904, -121.141 40.24613, -121.1405 40.24983, -121.14 40.26017, -121.1395 40.27629, -121.139 40.29655, -121.1385 40.31874, -121.138 40.34037, -121.1375 40.35906, -121.137 40.37278, -121.1365 40.38019, -121.136 40.3808, -121.1355 40.37504, -121.135 40.36418, -121.1345 40.35019, -121.134 40.33545, -121.1335 40.32246, -121.133 40.31344, -121.1325 40.3101, -121.132 40.31336, -121.1315 40.32325, -121.131 40.33889, -121.1305 40.35863, -121.13 40.38024, -121.1295 40.40126, -121.129 40.41927, -121.1285 40.43227, -121.128 40.43895, -121.1275 40.43883, -121.127 40.43233, -121.1265 40.42077, -121.126 40.40611, -121.1255 40.39075, -121.125 40.37716, -121.1245 40.36759, -121.124 40.36371, -121.1235 40.36644, -121.123 40.37578, -121.1225 40.39084, -121.122 40.40996, -121.1215 40.43091, -121.121 40.4512, -121.1205 40.46844, -121.12 40.48065, -121.1195 40.4865, -121.119 40.48555, -121.1185 40.47824, -121.118 40.46588, -121.1175 40.45047, -121.117 40.4344, -121.1165 40.42014, -121.116 40.40992, -121.1155 40.40542, -121.115 40.40753, -121.1145 40.41625, -121.114 40.43065, -121.1135 40.44908, -121.113 40.46927, -121.1125 40.48877, -121.112 40.50517, -121.1115 40.51651, -121.111 40.52147, -121.1105 40.51961, -121.11 40.51142, -121.1095 40.4982, -121.109 40.48197, -121.1085 40.46512, -121.108 40.45013, -121.1075 40.43921, -121.107 40.43403, -121.1065 40.43547, -121.106 40.44349, -121.1055 40.45719, -121.105 40.47485, -121.1045 40.49425, -121.104 40.5129, -121.1035 40.52841, -121.103 40.53882, -121.1025 40.54283, -121.102 40.54003, -121.1015 40.53091, -121.101 40.51679, -121.1005 40.4997, -121.1 40.48203, -121.0995 40.46626, -121.099 40.45461, -121.0985 40.44871, -121.098 40.44943, -121.0975 40.45674, -121.097 40.46968, -121.0965 40.48656, -121.096 40.50513, -121.0955 40.5229, -121.095 40.53749, -121.0945 40.54694, -121.094 40.54999, -121.0935 40.54622, -121.093 40.53614, -121.0925 40.52111, -121.092 40.50313, -121.0915 40.48463, -121.091 40.46807, -121.0905 40.45566, -121.09 40.44903, -121.0895 40.44903, -121.089 40.4556, -121.0885 40.46779, -121.088 40.48388, -121.0875 40.5016, -121.087 40.51849, -121.0865 40.53215, -121.086 40.54065, -121.0855 40.54273, -121.085 40.53799, -121.0845 40.52696, -121.084 40.51101, -121.0835 40.49216, -121.083 40.47284, -121.0825 40.45549, -121.082 40.44234, -121.0815 40.43499, -121.081 40.43428, -121.0805 40.44013, -121.08 40.45158, -121.0795 40.46688, -121.079 40.48379, -121.0785 40.4998, -121.078 40.51256, -121.0775 40.52013, -121.077 40.52126, -121.0765 40.51558, -121.076 40.50363, -121.0755 40.48679, -121.075 40.4671, -121.0745 40.44697, -121.074 40.42888, -121.0735 40.41502, -121.073 40.40698, -121.0725 40.4056, -121.072 40.41077, -121.0715 40.42151, -121.071 40.43607, -121.0705 40.4522, -121.07 40.46739, -121.0695 40.47929, -121.069 40.48597, -121.0685 40.4862, -121.068 40.47963, -121.0675 40.4668, -121.067 40.44913, -121.0665 40.42865, -121.066 40.40778, -121.0655 40.389, -121.065 40.37448, -121.0645 40.36582, -121.064 40.36382, -121.0635 40.36837, -121.063 40.37846, -121.0625 40.39235, -121.062 40.40776, -121.0615 40.4222, -121.061 40.4333, -121.0605 40.43916, -121.06 40.43856, -121.0595 40.43117, -121.059 40.41754, -121.0585 40.39911, -121.058 40.37791, -121.0575 40.35638, -121.057 40.33698, -121.0565 40.32189, -121.056 40.31268, -121.0555 40.31015, -121.055 40.31416, -121.0545 40.32369, -121.054 40.33699, -121.0535 40.35176, -121.053 40.36553, -121.0525 40.37593, -121.052 40.38105, -121.0515 40.37972, -121.051 40.37159, -121.0505 40.35726, -121.05 40.33816, -121.0495 40.31634, -121.049 40.29425, -121.0485 40.27433, -121.048 40.25876, -121.0475 40.24911, -121.047 40.24614, -121.0465 40.24971, -121.046 40.25879, -121.0455 40.27159, -121.045 40.28584, -121.0445 40.29903, -121.044 40.30883, -121.0435 40.31333, -121.043 40.31136, -121.0425 40.30261, -121.042 40.28769, -121.0415 40.26803, -121.041 40.24571, -121.0405 40.22316, -121.04 40.20284, -121.0395 40.18691, -121.039 40.17692, -121.0385 40.17363, -121.038 40.17688, -121.0375 40.18562, -121.037 40.19805, -121.0365 40.21188, -121.036 40.22463, -121.0355 40.23394, -121.035 40.23794, -121.0345 40.23547, -121.034 40.22622, -121.0335 40.21082, -121.033 40.19073, -121.0325 40.16803, -121.032 40.14515, -121.0315 40.12456, -121.031 40.1084, -121.0305 40.09821, -121.03 40.09473, -121.0295 40.09778, -121.029 40.10631, -121.0285 40.11849, -121.028 40.13205, -121.0275 40.14448, -121.027 40.15344, -121.0265 40.15707, -121.026 40.15422, -121.0255 40.14461, -121.025 40.12887, -121.0245 40.10849, -121.024 40.08554, -121.0235 40.06248, -121.023 40.04175, -121.0225 40.02549, -121.022 40.01523, -121.0215 40.0117, -121.021 40.0147, -121.0205 40.02315, -121.02 40.03523, -121.0195 40.04864, -121.019 40.06089, -121.0185 40.06965, -121.018 40.07305, -121.0175 40.06996, -121.017 40.06012, -121.0165 40.0442, -121.016 40.02366, -121.0155 40.00061, -121.015 39.9775, -121.0145 39.95677, -121.014 39.94056, -121.0135 39.93039, -121.013 39.92695, -121.0125 39.93003, -121.012 39.93855, -121.0115 39.95067, -121.011 39.96408, -121.0105 39.97629, -121.01 39.98498, -121.0095 39.9883, -121.009 39.98512, -121.0085 39.9752, -121.008 39.95923, -121.0075 39.93868, -121.007 39.91568, -121.0065 39.89266, -121.006 39.87209, -121.0055 39.85607, -121.005 39.84612, -121.0045 39.84291, -121.004 39.84622, -121.0035 39.85495, -121.003 39.86726, -121.0025 39.88081, -121.002 39.89313, -121.0015 39.9019, -121.001 39.90527, -121.0005 39.90214, -121 39.89229, -120.9995 39.87641, -120.999 39.856, -120.9985 39.83318, -120.998 39.81041, -120.9975 39.79012, -120.997 39.77444, -120.9965 39.76485, -120.996 39.76202, -120.9955 39.7657, -120.995 39.77478, -120.9945 39.78741, -120.994 39.80124, -120.9935 39.81381, -120.993 39.82279, -120.9925 39.82635, -120.992 39.82342, -120.9915 39.81377, -120.991 39.79812, -120.9905 39.77798, -120.99 39.75548, -120.9895 39.73309, -120.989 39.71323, -120.9885 39.69802, -120.988 39.68893, -120.9875 39.68661, -120.987 39.69079, -120.9865 39.70036, -120.986 39.71343, -120.9855 39.72768, -120.985 39.74062, -120.9845 39.74994, -120.984 39.75383, -120.9835 39.75121, -120.983 39.7419, -120.9825 39.7266, -120.982 39.70687, -120.9815 39.68482, -120.981 39.66293, -120.9805 39.64363, -120.98 39.62901, -120.9795 39.62054, -120.979 39.61885, -120.9785 39.62366, -120.978 39.63383, -120.9775 39.64747, -120.977 39.66225, -120.9765 39.67569, -120.976 39.68547, -120.9755 39.6898, -120.975 39.68761, -120.9745 39.67874, -120.974 39.66392, -120.9735 39.6447, -120.973 39.62322, -120.9725 39.60195, -120.972 39.58331, -120.9715 39.5694, -120.971 39.56166, -120.9705 39.5607, -120.97 39.56625, -120.9695 39.57712, -120.969 39.59144, -120.9685 39.60686, -120.968 39.62089, -120.9675 39.63123, -120.967 39.6361, -120.9665 39.63445, -120.966 39.62613, -120.9655 39.61188, -120.965 39.59327, -120.9645 39.57245, -120.964 39.55189, -120.9635 39.53401, -120.963 39.5209, -120.9625 39.51397, -120.962 39.51385, -120.9615 39.52022, -120.961 39.53189, -120.9605 39.54697, -120.96 39.5631, -120.9595 39.57781, -120.959 39.5888, -120.9585 39.59429, -120.958 39.59326, -120.9575 39.58556, -120.957 39.57196, -120.9565 39.55404, -120.956 39.53396, -120.9555 39.51419, -120.955 39.49714, -120.9545 39.4849, -120.954 39.47887, -120.9535 39.47965, -120.953 39.4869, -120.9525 39.49943, -120.952 39.51534, -120.9515 39.53226, -120.951 39.54771, -120.9505 39.5594, -120.95 39.56557, -120.9495 39.56522, -120.949 39.5582, -120.9485 39.54531, -120.948 39.52814, -120.9475 39.50885, -120.947 39.48992, -120.9465 39.47376, -120.946 39.46244, -120.9455 39.45735, -120.945 39.45907, -120.9445 39.46726, -120.944 39.4807, -120.9435 39.49747, -120.943 39.51522, -120.9425 39.53145, -120.942 39.54389, -120.9415 39.55078, -120.941 39.55113, -120.9405 39.54484, -120.94 39.53269, -120.9395 39.5163, -120.939 39.49784, -120.9385 39.47978, -120.938 39.46453, -120.9375 39.45416, -120.937 39.45004, -120.9365 39.45273, -120.936 39.46188, -120.9355 39.47624, -120.935 39.4939, -120.9345 39.51249, -120.934 39.52952, -120.9335 39.54272, -120.933 39.55034, -120.9325 39.55142, -120.932 39.54585, -120.9315 39.53446, -120.931 39.51886, -120.9305 39.50123, -120.93 39.48404, -120.9295 39.46972, -120.929 39.46029, -120.9285 39.45714, -120.928 39.46081, -120.9275 39.47091, -120.927 39.48619, -120.9265 39.50474, -120.926 39.52416, -120.9255 39.54197, -120.925 39.55592, -120.9245 39.56427, -120.924 39.56606, -120.9235 39.56121, -120.923 39.55056, -120.9225 39.53573, -120.922 39.51891, -120.9215 39.50259, -120.921 39.48916, -120.9205 39.48067, -120.92 39.47846, -120.9195 39.48307, -120.919 39.4941, -120.9185 39.51028, -120.918 39.52967, -120.9175 39.5499, -120.917 39.56847, -120.9165 39.58313, -120.916 39.59217, -120.9155 39.59463, -120.915 39.59047, -120.9145 39.58051, -120.914 39.56641, -120.9135 39.55037, -120.913 39.53487, -120.9125 39.5223, -120.912 39.51468, -120.9115 39.51338, -120.911 39.51888, -120.9105 39.53078, -120.91 39.54781, -120.9095 39.568, -120.909 39.58897, -120.9085 39.60824, -120.908 39.62357, -120.9075 39.63324, -120.907 39.63632, -120.9065 39.63277, -120.906 39.62345, -120.9055 39.61002, -120.905 39.59469, -120.9045 39.57994, -120.904 39.56816, -120.9035 39.56136, -120.903 39.56089, -120.9025 39.56721, -120.902 39.57992, -120.9015 39.59771, -120.901 39.61863, -120.9005 39.64027, -120.9 39.66016, -120.8995 39.67607, -120.899 39.68629, -120.8985 39.6899, -120.898 39.68689, -120.8975 39.67813, -120.897 39.66529, -120.8965 39.65059, -120.896 39.6365, -120.8955 39.62542, -120.895 39.61935, -120.8945 39.61961, -120.894 39.62667, -120.8935 39.64009, -120.893 39.65856, -120.8925 39.6801, -120.892 39.70232, -120.8915 39.72274, -120.891 39.73912, -120.8905 39.74979, -120.89 39.75384, -120.8895 39.75127, -120.889 39.74296, -120.8885 39.73061, -120.888 39.71643, -120.8875 39.7029, -120.887 39.69242, -120.8865 39.68697, -120.886 39.68787, -120.8855 39.69555, -120.885 39.70957, -120.8845 39.7286, -120.884 39.75066, -120.8835 39.77334, -120.883 39.79417, -120.8825 39.81092, -120.882 39.82193, -120.8815 39.82629, -120.881 39.82404, -120.8805 39.81608, -120.88 39.80409, -120.8795 39.79031, -120.879 39.77723, -120.8785 39.76723, -120.878 39.76228, -120.8775 39.76368, -120.877 39.77187, -120.8765 39.78636, -120.876 39.80583, -120.8755 39.82828, -120.875 39.85129, -120.8745 39.87241, -120.874 39.8894, -120.8735 39.90061, -120.873 39.90517, -120.8725 39.90311, -120.872 39.89535, -120.8715 39.8836, -120.871 39.8701, -120.8705 39.85733, -120.87 39.84767, -120.8695 39.84309, -120.869 39.84487, -120.8685 39.85343, -120.868 39.86826, -120.8675 39.88803, -120.867 39.91073, -120.8665 39.93395, -120.866 39.9552, -120.8655 39.97229, -120.865 39.98358, -120.8645 39.98819, -120.864 39.98618, -120.8635 39.9785, -120.863 39.96685, -120.8625 39.95348, -120.862 39.94088, -120.8615 39.93143, -120.861 39.92708, -120.8605 39.92909, -120.86 39.93787, -120.8595 39.95291, -120.859 39.97284, -120.8585 39.99565, -120.858 40.01892, -120.8575 40.04018, -120.857 40.05723, -120.8565 40.06844, -120.856 40.07296, -120.8555 40.07086, -120.855 40.06311, -120.8545 40.05141, -120.854 40.03804, -120.8535 40.02547, -120.853 40.01608, -120.8525 40.01181, -120.852 40.01392, -120.8515 40.02278, -120.851 40.03787, -120.8505 40.05782, -120.85 40.08059, -120.8495 40.10377, -120.849 40.12489, -120.8485 40.14175, -120.848 40.15274, -120.8475 40.15703, -120.847 40.1547, -120.8465 40.14673, -120.846 40.13485, -120.8455 40.12133, -120.845 40.10865, -120.8445 40.09918, -120.844 40.09485, -120.8435 40.09691, -120.843 40.10571, -120.8425 40.12071, -120.842 40.14053, -120.8415 40.16312, -120.841 40.18607, -120.8405 40.20691, -120.84 40.22344, -120.8395 40.23407, -120.839 40.23798, -120.8385 40.23528, -120.838 40.22696, -120.8375 40.21475, -120.837 40.20094, -120.8365 40.18801, -120.836 40.17832, -120.8355 40.1738, -120.835 40.17566, -120.8345 40.18426, -120.834 40.19904, -120.8335 40.2186, -120.833 40.24087, -120.8325 40.26345, -120.832 40.28387, -120.8315 40.29994, -120.831 40.31007, -120.8305 40.31348, -120.83 40.31027, -120.8295 40.30146, -120.829 40.2888, -120.8285 40.27456, -120.828 40.26125, -120.8275 40.25122, -120.827 40.24637, -120.8265 40.24792, -120.826 40.25619, -120.8255 40.27062, -120.825 40.28978, -120.8245 40.31161, -120.824 40.33369, -120.8235 40.35356, -120.823 40.36904, -120.8225 40.37856, -120.822 40.38134, -120.8215 40.3775, -120.821 40.36808, -120.8205 40.35484, -120.82 40.34007, -120.8195 40.32626, -120.819 40.31576, -120.8185 40.31047, -120.818 40.31158, -120.8175 40.31942, -120.817 40.33337, -120.8165 40.35202, -120.816 40.3733, -120.8155 40.39478, -120.815 40.41399, -120.8145 40.42877, -120.814 40.43756, -120.8135 40.4396, -120.813 40.43503, -120.8125 40.42489, -120.812 40.41098, -120.8115 40.39557, -120.811 40.38115, -120.8105 40.37009, -120.81 40.36425, -120.8095 40.36483, -120.809 40.37212, -120.8085 40.38551, -120.808 40.40356, -120.8075 40.42418, -120.807 40.44496, -120.8065 40.46341, -120.806 40.4774, -120.8055 40.48537, -120.805 40.48658, -120.8045 40.48119, -120.804 40.47025, -120.8035 40.45557, -120.803 40.43943, -120.8025 40.42434, -120.802 40.41262, -120.8015 40.40616, -120.801 40.40612, -120.8005 40.41279, -120.8 40.42554, -120.7995 40.4429, -120.799 40.4628, -120.7985 40.48279, -120.798 40.50042, -120.7975 40.51354, -120.797 40.52062, -120.7965 40.52093, -120.796 40.51465, -120.7955 40.50285, -120.795 40.48733, -120.7945 40.4704, -120.794 40.45456, -120.7935 40.44213, -120.793 40.43499, -120.7925 40.43427, -120.792 40.44026, -120.7915 40.4523, -120.791 40.46892, -120.7905 40.48804, -120.79 40.50719, -120.7895 40.52394, -120.789 40.53615, -120.7885 40.54229, -120.788 40.54165, -120.7875 40.53443, -120.787 40.52172, -120.7865 40.50533, -120.786 40.48757, -120.7855 40.47094, -120.785 40.45776, -120.7845 40.44989, -120.784 40.44847, -120.7835 40.45374, -120.783 40.46504, -120.7825 40.48089, -120.782 40.49918, -120.7815 40.51748, -120.781 40.53332, -120.7805 40.54458, -120.78 40.54976, -120.7795 40.54815, -120.779 40.53997, -120.7785 40.52632, -120.778 40.50904, -120.7775 40.49043, -120.777 40.47299, -120.7765 40.45905, -120.776 40.45045, -120.7755 40.4483, -120.775 40.45284, -120.7745 40.46339, -120.774 40.47846, -120.7735 40.49593, -120.773 40.51335, -120.7725 40.52828, -120.772 40.5386, -120.7715 40.54281, -120.771 40.54023, -120.7705 40.53109, -120.77 40.51651, -120.7695 40.49834, -120.769 40.47889, -120.7685 40.46066, -120.768 40.44596, -120.7675 40.43663, -120.767 40.43377, -120.7665 40.4376, -120.766 40.44741, -120.7655 40.46172, -120.765 40.47838, -120.7645 40.49495, -120.764 40.50898, -120.7635 40.51838, -120.763 40.52164, -120.7625 40.51811, -120.762 40.50805, -120.7615 40.49257, -120.761 40.47354, -120.7605 40.45328, -120.76 40.43428, -120.7595 40.41886, -120.759 40.40884, -120.7585 40.4053, -120.758 40.40845, -120.7575 40.41757, -120.757 40.43115, -120.7565 40.44704, -120.756 40.4628, -120.7555 40.47599, -120.755 40.4845, -120.7545 40.48687, -120.754 40.48244, -120.7535 40.4715, -120.753 40.45517, -120.7525 40.43533, -120.752 40.41432, -120.7515 40.39461, -120.751 40.37853, -120.7505 40.36788, -120.75 40.36372, -120.7495 40.36625, -120.749 40.37474, -120.7485 40.38765, -120.748 40.40284, -120.7475 40.41785, -120.747 40.43025, -120.7465 40.43795, -120.746 40.43949, -120.7455 40.43424, -120.745 40.42249, -120.7445 40.40539, -120.744 40.38482, -120.7435 40.36312, -120.743 40.34279, -120.7425 40.32612, -120.742 40.31491, -120.7415 40.31022, -120.741 40.31222, -120.7405 40.32015, -120.74 40.33248, -120.7395 40.34705, -120.739 40.3614, -120.7385 40.37311, -120.738 40.38008, -120.7375 40.38088, -120.737 40.3749, -120.7365 40.36243, -120.736 40.34465, -120.7355 40.32344, -120.735 40.30116, -120.7345 40.2803, -120.734 40.26314, -120.7335 40.25148, -120.733 40.24635, -120.7325 40.24791, -120.732 40.25539, -120.7315 40.26724, -120.731 40.28129, -120.7305 40.29509, -120.73 40.3062, -120.7295 40.31256, -120.729 40.31273, -120.7285 40.30612, -120.728 40.29304, -120.7275 40.27469, -120.727 40.25296, -120.7265 40.23021, -120.726 40.20893, -120.7255 40.1914, -120.725 40.1794, -120.7245 40.17395, -120.724 40.17518, -120.7235 40.18233, -120.723 40.19382, -120.7225 40.20748, -120.722 40.22084, -120.7215 40.23148, -120.721 40.23733, -120.7205 40.237, -120.72 40.22988, -120.7195 40.21632, -120.719 40.19752, -120.7185 40.1754, -120.718 40.15231, -120.7175 40.13073, -120.717 40.11296, -120.7165 40.10074, -120.716 40.0951, -120.7155 40.09615, -120.715 40.10309, -120.7145 40.11435, -120.714 40.12773, -120.7135 40.14079, -120.713 40.15109, -120.7125 40.15658, -120.712 40.15587, -120.7115 40.14838, -120.711 40.13448, -120.7105 40.11537, -120.71 40.09298, -120.7095 40.06968, -120.709 40.04796, -120.7085 40.03007, -120.708 40.01779, -120.7075 40.01209, -120.707 40.01308, -120.7065 40.01996, -120.706 40.03112, -120.7055 40.04438, -120.705 40.05726, -120.7045 40.06736, -120.704 40.07263, -120.7035 40.07168, -120.703 40.06397, -120.7025 40.04986, -120.702 40.03058, -120.7015 40.00808, -120.701 39.98472, -120.7005 39.96298, -120.7 39.94513, -120.6995 39.93291, -120.699 39.92731, -120.6985 39.92839, -120.698 39.93534, -120.6975 39.94655, -120.697 39.95982, -120.6965 39.97268, -120.696 39.98272, -120.6955 39.98791, -120.695 39.98687, -120.6945 39.97907, -120.694 39.9649, -120.6935 39.9456, -120.693 39.92313, -120.6925 39.89984, -120.692 39.87824, -120.6915 39.86057, -120.691 39.84857, -120.6905 39.84319, -120.69 39.84451, -120.6895 39.85168, -120.689 39.86308, -120.6885 39.87651, -120.688 39.88949, -120.6875 39.89961, -120.687 39.90486, -120.6865 39.90387, -120.686 39.89613, -120.6855 39.88204, -120.685 39.86287, -120.6845 39.84056, -120.684 39.8175, -120.6835 39.79618, -120.683 39.77883, -120.6825 39.76718, -120.682 39.76218, -120.6815 39.76387, -120.681 39.77141, -120.6805 39.78314, -120.68 39.79686, -120.6795 39.81009, -120.679 39.82044, -120.6785 39.82589, -120.678 39.82509, -120.6775 39.81754, -120.677 39.80368, -120.6765 39.78476, -120.676 39.76276, -120.6755 39.74006, -120.675 39.71914, -120.6745 39.70226, -120.674 39.6911, -120.6735 39.68661, -120.673 39.68881, -120.6725 39.69683, -120.672 39.70902, -120.6715 39.72317, -120.671 39.73679, -120.6705 39.74749, -120.67 39.75327, -120.6695 39.75278, -120.669 39.74557, -120.6685 39.73204, -120.668 39.71351, -120.6675 39.69195, -120.667 39.66974, -120.6665 39.64936, -120.666 39.63306, -120.6655 39.62251, -120.665 39.61865, -120.6645 39.62148, -120.664 39.63011, -120.6635 39.64288, -120.663 39.65757, -120.6625 39.6717, -120.662 39.68287, -120.6615 39.68909, -120.661 39.68905, -120.6605 39.68227, -120.66 39.66921, -120.6595 39.65118, -120.659 39.63016, -120.6585 39.60855, -120.658 39.58883, -120.6575 39.57321, -120.657 39.5634, -120.6565 39.56027, -120.656 39.56383, -120.6555 39.57318, -120.655 39.58664, -120.6545 39.60198, -120.654 39.61672, -120.6535 39.62846, -120.653 39.63523, -120.6525 39.63571, -120.652 39.62947, -120.6515 39.61698, -120.651 39.59955, -120.6505 39.57917, -120.65 39.55826, -120.6495 39.53928, -120.649 39.52445, -120.6485 39.51545, -120.648 39.51315, -120.6475 39.51754, -120.647 39.5277, -120.6465 39.54193, -120.646 39.558, -120.6455 39.57343, -120.645 39.58582, -120.6445 39.59322, -120.644 39.59432, -120.6435 39.5887, -120.643 39.57685, -120.6425 39.56009, -120.642 39.54044, -120.6415 39.5203, -120.641 39.50214, -120.6405 39.48817, -120.64 39.48006, -120.6395 39.47866, -120.639 39.48394, -120.6385 39.49497, -120.638 39.51004, -120.6375 39.52691, -120.637 39.54309, -120.6365 39.5562, -120.636 39.56429, -120.6355 39.56606, -120.635 39.56113, -120.6345 39.54997, -120.634 39.53395, -120.6335 39.51508, -120.633 39.49576, -120.6325 39.47847, -120.632 39.46542, -120.6315 39.45824, -120.631 39.45779, -120.6305 39.46401, -120.63 39.47596, -120.6295 39.49191, -120.629 39.50961, -120.6285 39.52659, -120.628 39.54046, -120.6275 39.54927, -120.627 39.55176, -120.6265 39.54753, -120.626 39.53711, -120.6255 39.52186, -120.625 39.50379, -120.6245 39.48533, -120.624 39.46895, -120.6235 39.45683, -120.623 39.45062, -120.6225 39.45114, -120.622 39.45832, -120.6215 39.47121, -120.621 39.48806, -120.6205 39.50662, -120.62 39.52441, -120.6195 39.53905, -120.619 39.5486, -120.6185 39.55181, -120.618 39.54832, -120.6175 39.53864, -120.617 39.52416, -120.6165 39.50691, -120.616 39.48932, -120.6155 39.47384, -120.615 39.46267, -120.6145 39.45742, -120.614 39.45891, -120.6135 39.46705, -120.613 39.48087, -120.6125 39.49862, -120.612 39.51803, -120.6115 39.53662, -120.611 39.55202, -120.6105 39.5623, -120.61 39.56623, -120.6095 39.56344, -120.609 39.5545, -120.6085 39.54078, -120.608 39.52433, -120.6075 39.50758, -120.607 39.49299, -120.6065 39.48274, -120.606 39.47843, -120.6055 39.48087, -120.605 39.48995, -120.6045 39.50467, -120.604 39.52329, -120.6035 39.54352, -120.603 39.56288, -120.6025 39.579, -120.602 39.58998, -120.6015 39.59459, -120.601 39.59248, -120.6005 39.58422, -120.6 39.57123, -120.5995 39.55554, -120.599 39.5396, -120.5985 39.52585, -120.598 39.51647, -120.5975 39.51306, -120.597 39.5164, -120.5965 39.52636, -120.596 39.54194, -120.5955 39.56137, -120.595 39.58236, -120.5945 39.60243, -120.594 39.61923, -120.5935 39.63084, -120.593 39.63607, -120.5925 39.63458, -120.592 39.62696, -120.5915 39.61462, -120.591 39.59963, -120.5905 39.58442, -120.59 39.57145, -120.5895 39.56289, -120.589 39.5603, -120.5885 39.56447, -120.588 39.57524, -120.5875 39.5916, -120.587 39.61177, -120.5865 39.63345, -120.586 39.65416, -120.5855 39.67155, -120.585 39.68372, -120.5845 39.68949, -120.584 39.68853, -120.5835 39.68146, -120.583 39.6697, -120.5825 39.65532, -120.582 39.64077, -120.5815 39.62849, -120.581 39.62064, -120.5805 39.61879, -120.58 39.6237, -120.5795 39.63519, -120.579 39.65224, -120.5785 39.67305, -120.578 39.69532, -120.5775 39.71657, -120.577 39.73446, -120.5765 39.74709, -120.576 39.75329, -120.5755 39.75277, -120.575 39.74614, -120.5745 39.73486, -120.574 39.72099, -120.5735 39.70699, -120.573 39.6953, -120.5725 39.68807, -120.572 39.68685, -120.5715 39.69238, -120.571 39.70448, -120.5705 39.72211, -120.57 39.74345, -120.5695 39.7662, -120.569 39.78788, -120.5685 39.80614, -120.568 39.81911, -120.5675 39.82564, -120.567 39.82544, -120.5665 39.81914, -120.566 39.80822, -120.5655 39.79474, -120.565 39.78117, -120.5645 39.76995, -120.564 39.76321, -120.5635 39.7625, -120.563 39.76854, -120.5625 39.78113, -120.562 39.7992, -120.5615 39.82095, -120.561 39.84405, -120.5605 39.86603, -120.56 39.88455, -120.5595 39.89774, -120.559 39.90446, -120.5585 39.90444, -120.558 39.89835, -120.5575 39.88765, -120.557 39.87444, -120.5565 39.86117, -120.556 39.85028, -120.5555 39.84391, -120.555 39.84357, -120.5545 39.84998, -120.554 39.86292, -120.5535 39.88131, -120.553 39.90333, -120.5525 39.92665, -120.552 39.94879, -120.5515 39.96742, -120.551 39.98068, -120.5505 39.98746, -120.55 39.9875, -120.5495 39.98147, -120.549 39.97086, -120.5485 39.95777, -120.548 39.94466, -120.5475 39.93397, -120.547 39.92782, -120.5465 39.92772, -120.546 39.93435, -120.5455 39.94751, -120.545 39.96607, -120.5445 39.98821, -120.544 40.01161, -120.5435 40.03377, -120.543 40.05237, -120.5425 40.06557, -120.542 40.07226, -120.5415 40.07221, -120.541 40.0661, -120.5405 40.05543, -120.54 40.04233, -120.5395 40.02924, -120.539 40.0186, -120.5385 40.01253, -120.538 40.01252, -120.5375 40.01924, -120.537 40.03246, -120.5365 40.05105, -120.536 40.07318, -120.5355 40.0965, -120.535 40.11853, -120.5345 40.13696, -120.534 40.14995, -120.5335 40.15641, -120.533 40.15612, -120.5325 40.14979, -120.532 40.13893, -120.5315 40.12566, -120.531 40.11245, -120.5305 40.10172, -120.53 40.09558, -120.5295 40.09552, -120.529 40.10219, -120.5285 40.11533, -120.528 40.13381, -120.5275 40.15577, -120.527 40.17888, -120.5265 40.20064, -120.526 40.21875, -120.5255 40.23139, -120.525 40.23748, -120.5245 40.23682, -120.524 40.23013, -120.5235 40.21893, -120.523 40.20536, -120.5225 40.19188, -120.522 40.18092, -120.5215 40.17459, -120.521 40.17434, -120.5205 40.18081, -120.52 40.19374, -120.5195 40.21196, -120.519 40.23363, -120.5185 40.25638, -120.518 40.27774, -120.5175 40.2954, -120.517 40.30755, -120.5165 40.31314, -120.516 40.31197, -120.5155 40.30478, -120.515 40.29311, -120.5145 40.27912, -120.514 40.26524, -120.5135 40.25393, -120.513 40.24726, -120.5125 40.24669, -120.512 40.25284, -120.5115 40.26542, -120.511 40.28327, -120.5105 40.30451, -120.51 40.32679, -120.5095 40.34761, -120.509 40.3647, -120.5085 40.37624, -120.508 40.38119, -120.5075 40.37939, -120.507 40.37159, -120.5065 40.35934, -120.506 40.34479, -120.5055 40.33041, -120.505 40.31862, -120.5045 40.3115, -120.504 40.3105, -120.5035 40.31621, -120.503 40.32833, -120.5025 40.34569, -120.502 40.36638, -120.5015 40.38807, -120.501 40.40826, -120.5005 40.42465, -120.5 40.43547, -120.4995 40.43969, -120.499 40.43715, -120.4985 40.42863, -120.498 40.41569, -120.4975 40.40049, -120.497 40.38549, -120.4965 40.37312, -120.496 40.36546, -120.4955 40.36392, -120.495 40.36909, -120.4945 40.38066, -120.494 40.39742, -120.4935 40.41748, -120.493 40.43848, -120.4925 40.45792, -120.492 40.47354, -120.4915 40.48355, -120.491 40.48694, -120.4905 40.48358, -120.49 40.47424, -120.4895 40.46052, -120.489 40.44458, -120.4885 40.42888, -120.488 40.41586, -120.4875 40.40756, -120.487 40.4054, -120.4865 40.40996, -120.486 40.42089, -120.4855 40.43698, -120.485 40.45633, -120.4845 40.47656, -120.484 40.4952, -120.4835 40.50996, -120.483 40.51909, -120.4825 40.52158, -120.482 40.51732, -120.4815 40.50711, -120.481 40.49254, -120.4805 40.4758, -120.48 40.45934, -120.4795 40.44559, -120.479 40.4366, -120.4785 40.43377, -120.478 40.43765, -120.4775 40.44788, -120.477 40.46325, -120.4765 40.48182, -120.476 40.50124, -120.4755 40.51901, -120.475 40.53286, -120.4745 40.54106, -120.474 40.5426, -120.4735 40.5374, -120.473 40.52627, -120.4725 40.51081, -120.472 40.49322, -120.4715 40.47596, -120.471 40.46146, -120.4705 40.45174, -120.47 40.44819, -120.4695 40.45135, -120.469 40.46086, -120.4685 40.47547, -120.468 40.49324, -120.4675 40.5118, -120.467 40.52868, -120.4665 40.5416, -120.466 40.54883, -120.4655 40.5494, -120.465 40.54324, -120.4645 40.53116, -120.464 40.5148, -120.4635 40.49635, -120.463 40.47827, -120.4625 40.46299, -120.462 40.45252, -120.4615 40.44825, -120.461 40.45069, -120.4605 40.45945, -120.46 40.47329, -120.4595 40.49025, -120.459 40.50796, -120.4585 40.52394, -120.458 40.53592, -120.4575 40.54219, -120.457 40.54179, -120.4565 40.53466, -120.456 40.52165, -120.4555 40.50438, -120.455 40.48507, -120.4545 40.46619, -120.454 40.45014, -120.4535 40.43894, -120.453 40.43395, -120.4525 40.43568, -120.452 40.44371, -120.4515 40.45679, -120.451 40.47296, -120.4505 40.48983, -120.45 40.50493, -120.4495 40.51599, -120.449 40.52132, -120.4485 40.51998, -120.448 40.51191, -120.4475 40.49799, -120.447 40.47985, -120.4465 40.45971, -120.446 40.44005, -120.4455 40.42326, -120.445 40.41136, -120.4445 40.4057, -120.444 40.40675, -120.4435 40.4141, -120.443 40.42646, -120.4425 40.44188, -120.442 40.45795, -120.4415 40.47221, -120.441 40.4824, -120.4405 40.48684, -120.44 40.48459, -120.4395 40.47564, -120.439 40.46085, -120.4385 40.4419, -120.438 40.42099, -120.4375 40.4006, -120.437 40.38314, -120.4365 40.3706, -120.436 40.36431, -120.4355 40.36475, -120.435 40.37147, -120.4345 40.38318, -120.434 40.3979, -120.4335 40.41324, -120.433 40.42672, -120.4325 40.43612, -120.432 40.43973, -120.4315 40.43665, -120.431 40.42688, -120.4305 40.41131, -120.43 40.39161, -120.4295 40.37, -120.429 40.34897, -120.4285 40.33091, -120.428 40.31781, -120.4275 40.31098, -120.427 40.31088, -120.4265 40.31706, -120.426 40.3282, -120.4255 40.34231, -120.425 40.35701, -120.4245 40.3698, -120.424 40.37848, -120.4235 40.38135, -120.423 40.37754, -120.4225 40.36705, -120.422 40.35078, -120.4215 40.33043, -120.421 40.30822, -120.4205 40.28664, -120.42 40.26808, -120.4195 40.25452, -120.419 40.24725, -120.4185 40.24671, -120.418 40.25244, -120.4175 40.26311, -120.417 40.27672, -120.4165 40.29088, -120.416 40.30309, -120.4155 40.31115, -120.415 40.3134, -120.4145 40.30896, -120.414 40.29785, -120.4135 40.281, -120.413 40.26011, -120.4125 40.23742, -120.412 40.2154, -120.4115 40.19645, -120.411 40.18254, -120.4105 40.17494, -120.41 40.17409, -120.4095 40.1795, -120.409 40.18981, -120.4085 40.20304, -120.408 40.21676, -120.4075 40.22852, -120.407 40.23609, -120.4065 40.23783, -120.406 40.23288, -120.4055 40.22128, -120.405 40.20398, -120.4045 40.18267, -120.404 40.15961, -120.4035 40.13729, -120.403 40.11809, -120.4025 40.10395, -120.402 40.09616, -120.4015 40.09512, -120.401 40.10032, -120.4005 40.11042, -120.4 40.12339, -120.3995 40.13682, -120.399 40.14824, -120.3985 40.15545, -120.398 40.15682, -120.3975 40.1515, -120.397 40.13954, -120.3965 40.12191, -120.396 40.10033, -120.3955 40.07705, -120.395 40.05456, -120.3945 40.03523, -120.394 40.02101, -120.3935 40.01316, -120.393 40.01207, -120.3925 40.01722, -120.392 40.02723, -120.3915 40.04008, -120.391 40.05335, -120.3905 40.06458, -120.39 40.07158, -120.3895 40.07271, -120.389 40.06716, -120.3885 40.05499, -120.388 40.03718, -120.3875 40.01546, -120.387 39.9921, -120.3865 39.96958, -120.386 39.95027, -120.3855 39.93612, -120.385 39.92835, -120.3845 39.92735, -120.384 39.93258, -120.3835 39.94264, -120.383 39.95552, -120.3825 39.96878, -120.382 39.97997, -120.3815 39.98688, -120.381 39.98793, -120.3805 39.98228, -120.38 39.97004, -120.3795 39.9522, -120.379 39.93049, -120.3785 39.90719, -120.378 39.88479, -120.3775 39.86565, -120.377 39.8517, -120.3765 39.84416, -120.376 39.8434, -120.3755 39.84885, -120.375 39.85912, -120.3745 39.87216, -120.374 39.88555, -120.3735 39.89683, -120.373 39.90382, -120.3725 39.90491, -120.372 39.89933, -120.3715 39.88716, -120.371 39.86942, -120.3705 39.84787, -120.37 39.82478, -120.3695 39.80264, -120.369 39.78381, -120.3685 39.7702, -120.368 39.76303, -120.3675 39.76264, -120.367 39.76846, -120.3665 39.77907, -120.366 39.79242, -120.3655 39.80608, -120.365 39.81759, -120.3645 39.82478, -120.364 39.82607, -120.3635 39.82067, -120.363 39.80872, -120.3625 39.79122, -120.362 39.76996, -120.3615 39.74721, -120.361 39.72547, -120.3605 39.70708, -120.36 39.69396, -120.3595 39.6873, -120.359 39.68741, -120.3585 39.69373, -120.358 39.70481, -120.3575 39.7186, -120.357 39.73266, -120.3565 39.74453, -120.356 39.75206, -120.3555 39.75366, -120.355 39.74859, -120.3545 39.73697, -120.354 39.71985, -120.3535 39.69901, -120.353 39.67673, -120.3525 39.65551, -120.352 39.63769, -120.3515 39.62517, -120.351 39.61914, -120.3505 39.61989, -120.35 39.62682, -120.3495 39.63849, -120.349 39.65284, -120.3485 39.66741, -120.348 39.67977, -120.3475 39.68775, -120.347 39.68979, -120.3465 39.68515, -120.346 39.67399, -120.3455 39.65735, -120.345 39.63704, -120.3445 39.61535, -120.344 39.59476, -120.3435 39.57762, -120.343 39.56582, -120.3425 39.56052, -120.342 39.56201, -120.3415 39.56967, -120.341 39.58204, -120.3405 39.59704, -120.34 39.61224, -120.3395 39.62518, -120.339 39.63371, -120.3385 39.63628, -120.338 39.63218, -120.3375 39.62157, -120.337 39.60553, -120.3365 39.58584, -120.336 39.56483, -120.3355 39.54497, -120.335 39.52861, -120.3345 39.51762, -120.334 39.51314, -120.3335 39.51546, -120.333 39.52393, -120.3325 39.53708, -120.332 39.55283, -120.3315 39.56873, -120.331 39.58234, -120.3305 39.5915, -120.33 39.5947, -120.3295 39.59121, -120.329 39.58124, -120.3285 39.56585, -120.328 39.54688, -120.3275 39.52662, -120.327 39.50757, -120.3265 39.49205, -120.326 39.48194, -120.3255 39.47836, -120.325 39.48158, -120.3245 39.49093, -120.324 39.50493, -120.3235 39.52149, -120.323 39.53816, -120.3225 39.55249, -120.322 39.56235, -120.3215 39.56623, -120.321 39.56342, -120.3205 39.55413, -120.32 39.53947, -120.3195 39.52126, -120.319 39.50181, -120.3185 39.48361, -120.318 39.469, -120.3175 39.45982, -120.317 39.45719, -120.3165 39.46134, -120.316 39.47162, -120.3155 39.48652, -120.315 39.50393, -120.3145 39.52141, -120.314 39.53651, -120.3135 39.5471, -120.313 39.55169, -120.3125 39.5496, -120.312 39.54104, -120.3115 39.52713, -120.311 39.50971, -120.3105 39.4911, -120.31 39.4738, -120.3095 39.46012, -120.309 39.45189, -120.3085 39.45023, -120.308 39.45535, -120.3075 39.46658, -120.307 39.48239, -120.3065 39.50067, -120.306 39.51898, -120.3055 39.53485, -120.305 39.5462, -120.3045 39.55152, -120.304 39.55014, -120.3035 39.54232, -120.303 39.52918, -120.3025 39.51257, -120.302 39.49481, -120.3015 39.4784, -120.301 39.46564, -120.3005 39.45838, -120.3 39.45769, -120.2995 39.46378, -120.299 39.47594, -120.2985 39.49267, -120.298 39.51181, -120.2975 39.53094, -120.297 39.54759, -120.2965 39.55967, -120.296 39.56571, -120.2955 39.56504, -120.295 39.55795, -120.2945 39.54555, -120.294 39.52973, -120.2935 39.5128, -120.293 39.49726, -120.2925 39.48542, -120.292 39.47909, -120.2915 39.47935, -120.291 39.48638, -120.2905 39.49946, -120.29 39.51707, -120.2895 39.53705, -120.289 39.55695, -120.2885 39.57435, -120.288 39.58713, -120.2875 39.59385, -120.287 39.59386, -120.2865 39.58745, -120.286 39.57577, -120.2855 39.56069, -120.285 39.54455, -120.2845 39.52985, -120.284 39.51887, -120.2835 39.51344, -120.283 39.51459, -120.2825 39.52251, -120.282 39.53646, -120.2815 39.55489, -120.281 39.57565, -120.2805 39.59629, -120.28 39.61437, -120.2795 39.6278, -120.279 39.63514, -120.2785 39.63577, -120.278 39.62998, -120.2775 39.61895, -120.277 39.60455, -120.2765 39.58914, -120.276 39.5752, -120.2755 39.56503, -120.275 39.56041, -120.2745 39.5624, -120.274 39.57114, -120.2735 39.58588, -120.273 39.60506, -120.2725 39.62653, -120.272 39.64782, -120.2715 39.6665, -120.271 39.6805, -120.2705 39.68838, -120.27 39.68954, -120.2695 39.6843, -120.269 39.67383, -120.2685 39.66004, -120.268 39.64527, -120.2675 39.63201, -120.267 39.62255, -120.2665 39.61867, -120.266 39.62139, -120.2655 39.63086, -120.265 39.6463, -120.2645 39.66614, -120.264 39.68822, -120.2635 39.71006, -120.263 39.72925, -120.2625 39.74372, -120.262 39.75205, -120.2615 39.75364, -120.261 39.74884, -120.2605 39.73884, -120.26 39.72554, -120.2595 39.71131, -120.259 39.69863, -120.2585 39.68978, -120.258 39.68652, -120.2575 39.68988, -120.257 39.69996, -120.2565 39.71599, -120.256 39.73638, -120.2555 39.75895, -120.255 39.78124, -120.2545 39.80082, -120.254 39.81564, -120.2535 39.8243, -120.253 39.82621, -120.2525 39.82174, -120.252 39.81208, -120.2515 39.79917, -120.251 39.78535, -120.2505 39.77313, -120.25 39.76476, -120.2495 39.76201, -120.249 39.76587, -120.2485 39.77645, -120.248 39.79295, -120.2475 39.81376, -120.247 39.8367, -120.2465 39.8593, -120.246 39.87915, -120.2455 39.8942, -120.245 39.90305, -120.2445 39.90516, -120.244 39.90088, -120.2435 39.89144, -120.243 39.87878, -120.2425 39.86525, -120.242 39.85335, -120.2415 39.84534, -120.241 39.84296, -120.2405 39.8472, -120.24 39.85814, -120.2395 39.87496, -120.239 39.89605, -120.2385 39.91923, -120.238 39.94201, -120.2375 39.96199, -120.237 39.97712, -120.2365 39.98604, -120.236 39.98819, -120.2355 39.98397, -120.235 39.97462, -120.2345 39.96206, -120.234 39.94869, -120.2335 39.93697, -120.233 39.92918, -120.2325 39.92703, -120.232 39.9315, -120.2315 39.94266, -120.231 39.95967, -120.2305 39.98091, -120.23 40.00417, -120.2295 40.02699, -120.229 40.04695, -120.2285 40.06203, -120.228 40.07087, -120.2275 40.07293, -120.227 40.06863, -120.2265 40.05921, -120.226 40.04662, -120.2255 40.03325, -120.225 40.02158, -120.2245 40.01386, -120.224 40.0118, -120.2235 40.01636, -120.223 40.0276, -120.2225 40.04465, -120.222 40.06588, -120.2215 40.08909, -120.221 40.1118, -120.2205 40.1316, -120.22 40.14648, -120.2195 40.15509, -120.219 40.15692, -120.2185 40.15239, -120.218 40.14276, -120.2175 40.13, -120.217 40.1165, -120.2165 40.10473, -120.216 40.09693, -120.2155 40.09482, -120.215 40.09933, -120.2145 40.11049, -120.214 40.12744, -120.2135 40.14853, -120.213 40.17154, -120.2125 40.194, -120.212 40.2135, -120.2115 40.22804, -120.211 40.23628, -120.2105 40.23774, -120.21 40.23283, -120.2095 40.22286, -120.209 40.20979, -120.2085 40.19601, -120.208 40.184, -120.2075 40.176, -120.207 40.1737, -120.2065 40.17802, -120.206 40.18897, -120.2055 40.20568, -120.205 40.22649, -120.2045 40.24917, -120.204 40.27124, -120.2035 40.2903, -120.203 40.30436, -120.2025 40.3121, -120.202 40.31304, -120.2015 40.30764, -120.201 40.29719, -120.2005 40.28368, -120.2 40.2695, -120.1995 40.25712, -120.199 40.24878, -120.1985 40.24615, -120.198 40.25015, -120.1975 40.26077, -120.197 40.27712, -120.1965 40.29751, -120.196 40.31973, -120.1955 40.34128, -120.195 40.35978, -120.1945 40.37325, -120.194 40.38036, -120.1935 40.38067, -120.193 40.37465, -120.1925 40.3636, -120.192 40.34953, -120.1915 40.33482, -120.191 40.32196, -120.1905 40.31316, -120.19 40.3101, -120.1895 40.31366, -120.189 40.32383, -120.1885 40.3397, -120.188 40.35957, -120.1875 40.38121, -120.187 40.40214, -120.1865 40.41996, -120.186 40.43271, -120.1855 40.43909, -120.185 40.43867, -120.1845 40.43191, -120.184 40.42017, -120.1835 40.40543, -120.183 40.39009, -120.1825 40.37664, -120.182 40.36729, -120.1815 40.36369, -120.181 40.36671, -120.1805 40.37633, -120.18 40.39162, -120.1795 40.41087, -120.179 40.43184, -120.1785 40.45204, -120.178 40.4691, -120.1775 40.48105, -120.177 40.4866, -120.1765 40.48535, -120.176 40.47778, -120.1755 40.46525, -120.175 40.44975, -120.1745 40.43371, -120.174 40.41958, -120.1735 40.40959, -120.173 40.40537, -120.1725 40.40778, -120.172 40.41677, -120.1715 40.4314, -120.171 40.44995, -120.1705 40.47017, -120.17 40.48958, -120.1695 40.5058, -120.169 40.51687, -120.1685 40.52153, -120.168 40.51938, -120.1675 40.51092, -120.167 40.49753, -120.1665 40.48122, -120.166 40.4644, -120.1655 40.44954, -120.165 40.43885, -120.1645 40.43395, -120.164 40.43569, -120.1635 40.44399, -120.163 40.4579, -120.1625 40.4757, -120.162 40.49511, -120.1615 40.51367, -120.161 40.52899, -120.1605 40.53914, -120.16 40.54285, -120.1595 40.53976, -120.159 40.53037, -120.1585 40.51608, -120.158 40.49891, -120.1575 40.48127, -120.157 40.46564, -120.1565 40.45421, -120.156 40.4486, -120.1555 40.44962, -120.155 40.4572, -120.1545 40.47037, -120.154 40.48737, -120.1535 40.50596, -120.153 40.52363, -120.1525 40.53803, -120.152 40.54722, -120.1515 40.54997, -120.151 40.5459, -120.1505 40.53557, -120.15 40.52036, -120.1495 40.50231, -120.149 40.48384, -120.1485 40.46742, -120.148 40.45523, -120.1475 40.44889, -120.147 40.44919, -120.1465 40.45604, -120.146 40.46844, -120.1455 40.48465, -120.145 40.50239, -120.1445 40.51918, -120.144 40.53265, -120.1435 40.54089, -120.143 40.54266, -120.1425 40.53763, -120.142 40.52635, -120.1415 40.51022, -120.141 40.4913, -120.1405 40.47201, -120.14 40.45481, -120.1395 40.44188, -120.139 40.43481, -120.1385 40.4344, -120.138 40.44053, -120.1375 40.45219, -120.137 40.46762, -120.1365 40.48453, -120.136 40.50046, -120.1355 40.51302, -120.135 40.52032, -120.1345 40.52115, -120.134 40.51517, -120.1335 40.50297, -120.133 40.48596, -120.1325 40.4662, -120.132 40.44611, -120.1315 40.42816, -120.131 40.41453, -120.1305 40.40678, -120.13 40.40569, -120.1295 40.41114, -120.129 40.42209, -120.1285 40.43678, -120.128 40.45291, -120.1275 40.46801, -120.127 40.47971, -120.1265 40.48612, -120.126 40.48605, -120.1255 40.47918, -120.125 40.46611, -120.1245 40.44826, -120.124 40.42771, -120.1235 40.40689, -120.123 40.38825, -120.1225 40.37396, -120.122 40.36559, -120.1215 40.36389, -120.121 40.36871, -120.1205 40.37902, -120.12 40.39302, -120.1195 40.40844, -120.119 40.42278, -120.1185 40.43368, -120.118 40.43928, -120.1175 40.43838, -120.117 40.43069, -120.1165 40.41681, -120.116 40.39821, -120.1155 40.37694, -120.115 40.35546, -120.1145 40.33621, -120.114 40.32135, -120.1135 40.31243, -120.113 40.31019, -120.1125 40.31447, -120.112 40.32422, -120.1115 40.33763, -120.111 40.35242, -120.1105 40.36608, -120.11 40.37628, -120.1095 40.38114, -120.109 40.3795, -120.1085 40.37108, -120.108 40.3565, -120.1075 40.33723, -120.107 40.31535, -120.1065 40.2933, -120.106 40.27353, -120.1055 40.2582, -120.105 40.24883, -120.1045 40.24616, -120.104 40.25, -120.1035 40.25929, -120.103 40.27221, -120.1025 40.28646, -120.102 40.29955, -120.1015 40.30915, -120.101 40.31339, -120.1005 40.31112, -120.1 40.30207, -120.0995 40.2869, -120.099 40.26708, -120.0985 40.24469, -120.098 40.22219, -120.0975 40.20202, -120.097 40.18633, -120.0965 40.17663, -120.096 40.17364, -120.0955 40.17716, -120.095 40.18611, -120.0945 40.19865, -120.094 40.21249, -120.0935 40.22513, -120.093 40.23425, -120.0925 40.23798, -120.092 40.2352, -120.0915 40.22566, -120.091 40.21002, -120.0905 40.18976, -120.09 40.167, -120.0895 40.14417, -120.089 40.12373, -120.0885 40.10781, -120.088 40.09791, -120.0875 40.09473, -120.087 40.09806, -120.0865 40.10678, -120.086 40.11909, -120.0855 40.13264, -120.085 40.14496, -120.0845 40.15373, -120.084 40.15709, -120.0835 40.15393, -120.083 40.14403, -120.0825 40.12805, -120.082 40.10751, -120.0815 40.0845, -120.081 40.06149, -120.0805 40.04091, -120.08 40.0249, -120.0795 40.01493, -120.079 40.0117, -120.0785 40.01497, -120.078 40.02362, -120.0775 40.03582, -120.077 40.04923, -120.0765 40.06137, -120.076 40.06992, -120.0755 40.07305, -120.075 40.06966, -120.0745 40.05954, -120.074 40.04337, -120.0735 40.02267, -120.073 39.99957, -120.0725 39.97651, -120.072 39.95594, -120.0715 39.93998, -120.071 39.93009, -120.0705 39.92695, -120.07 39.9303, -120.0695 39.93902, -120.069 39.95126, -120.0685 39.96467, -120.068 39.97677, -120.0675 39.98526, -120.067 39.9883, -120.0665 39.98482, -120.066 39.97462, -120.0655 39.9584, -120.065 39.93769, -120.0645 39.91464, -120.064 39.89168, -120.0635 39.87127, -120.063 39.85549, -120.0625 39.84583, -120.062 39.84292, -120.0615 39.84651, -120.061 39.85544, -120.0605 39.86785, -120.06 39.8814, -120.0595 39.89361, -120.059 39.90217, -120.0585 39.90527, -120.058 39.90184, -120.0575 39.8917, -120.057 39.87558, -120.0565 39.85502, -120.056 39.83215, -120.0555 39.80944, -120.055 39.78932, -120.0545 39.77388, -120.054 39.76458, -120.0535 39.76205, -120.053 39.766, -120.0525 39.77528, -120.052 39.78801, -120.0515 39.80185, -120.051 39.8143, -120.0505 39.82307, -120.05 39.82636, -120.0495 39.82313, -120.049 39.81319, -120.0485 39.7973, -120.048 39.77701, -120.0475 39.75447, -120.047 39.73214, -120.0465 39.71245, -120.046 39.69748, -120.0455 39.68868, -120.045 39.68666, -120.0445 39.69112, -120.044 39.70088, -120.0435 39.71406, -120.043 39.7283, -120.0425 39.74113, -120.042 39.75024, -120.0415 39.75386, -120.041 39.75094, -120.0405 39.74134, -120.04 39.72581, -120.0395 39.70592, -120.039 39.68383, -120.0385 39.662, -120.038 39.64287, -120.0375 39.6285, -120.037 39.62032, -120.0365 39.61893, -120.036 39.62401, -120.0355 39.63438, -120.035 39.64812, -120.0345 39.6629, -120.034 39.67622, -120.0335 39.68579, -120.033 39.68984, -120.0325 39.68736, -120.032 39.6782, -120.0315 39.66315, -120.031 39.64378, -120.0305 39.62226, -120.03 39.60105, -120.0295 39.58258, -120.029 39.56892, -120.0285 39.56147, -120.028 39.56082, -120.0275 39.56663, -120.027 39.5777, -120.0265 39.59212, -120.026 39.60753, -120.0255 39.62144, -120.025 39.63158, -120.0245 39.63617, -120.024 39.63422, -120.0235 39.62561, -120.023 39.61113, -120.0225 39.59237, -120.022 39.57151, -120.0215 39.55102, -120.021 39.53332, -120.0205 39.52045, -120.02 39.51382, -120.0195 39.514, -120.019 39.52064, -120.0185 39.5325, -120.018 39.54768, -120.0175 39.56381, -120.017 39.57839, -120.0165 39.58917, -120.016 39.59439, -120.0155 39.59305, -120.015 39.58507, -120.0145 39.57124, -120.014 39.55318, -120.0135 39.53306, -120.013 39.51335, -120.0125 39.49648, -120.012 39.48449, -120.0115 39.47876, -120.011 39.47984, -120.0105 39.48736, -120.01 39.50008, -120.0095 39.51608, -120.009 39.53299, -120.0085 39.54832, -120.008 39.5598, -120.0075 39.5657, -120.007 39.56504, -120.0065 39.55774, -120.006 39.54463, -120.0055 39.52731, -120.005 39.50798, -120.0045 39.48912, -120.004 39.47314, -120.0035 39.46207, -120.003 39.45728, -120.0025 39.45931, -120.002 39.46776, -120.0015 39.48139, -120.001 39.49826, -120.0005 39.51599, -120 39.5321, -119.9995 39.54432, -119.999 39.55094, -119.9985 39.55099, -119.998 39.54441, -119.9975 39.53204, -119.997 39.51551, -119.9965 39.49701, -119.996 39.47902, -119.9955 39.46396, -119.995 39.45383, -119.9945 39.45001, -119.994 39.45301, -119.9935 39.46242, -119.993 39.47697, -119.9925 39.49473, -119.992 39.5133, -119.9915 39.5302, -119.991 39.54318, -119.9905 39.55054, -119.99 39.55131, -119.9895 39.54546, -119.989 39.53384, -119.9885 39.5181, -119.988 39.50044, -119.9875 39.48333, -119.987 39.46918, -119.9865 39.46001, -119.986 39.45716, -119.9855 39.46113, -119.985 39.47149, -119.9845 39.48697, -119.984 39.5056, -119.9835 39.525, -119.983 39.54269, -119.9825 39.55642, -119.982 39.5645, -119.9815 39.56598, -119.981 39.56085, -119.9805 39.54997, -119.98 39.535, -119.9795 39.51816, -119.979 39.50191, -119.9785 39.48867, -119.978 39.48043, -119.9775 39.47852, -119.977 39.48343, -119.9765 39.49472, -119.976 39.51109, -119.9755 39.53057, -119.975 39.55077, -119.9745 39.56922, -119.974 39.58366, -119.9735 39.59242, -119.973 39.59459, -119.9725 39.59014, -119.972 39.57996, -119.9715 39.56572, -119.971 39.54965, -119.9705 39.53423, -119.97 39.52184, -119.9695 39.51449, -119.969 39.51348, -119.9685 39.51928, -119.968 39.53144, -119.9675 39.54866, -119.967 39.56893, -119.9665 39.58988, -119.966 39.60902, -119.9655 39.62413, -119.965 39.63352, -119.9645 39.6363, -119.964 39.63246, -119.9635 39.62293, -119.963 39.60936, -119.9625 39.59401, -119.962 39.57933, -119.9615 39.56774, -119.961 39.5612, -119.9605 39.56102, -119.96 39.56765, -119.9595 39.58061, -119.959 39.59859, -119.9585 39.61959, -119.958 39.64121, -119.9575 39.66097, -119.957 39.67665, -119.9565 39.68659, -119.956 39.6899, -119.9555 39.68661, -119.955 39.67763, -119.9545 39.66466, -119.954 39.64993, -119.9535 39.63592, -119.953 39.62503, -119.9525 39.61922, -119.952 39.61978, -119.9515 39.62714, -119.951 39.64082, -119.9505 39.65947, -119.95 39.68109, -119.9495 39.70328, -119.949 39.72357, -119.9485 39.73973, -119.948 39.75012, -119.9475 39.75386, -119.947 39.75101, -119.9465 39.74249, -119.946 39.73, -119.9455 39.71579, -119.945 39.70235, -119.9445 39.69206, -119.944 39.68687, -119.9435 39.68806, -119.943 39.69605, -119.9425 39.71032, -119.942 39.72954, -119.9415 39.75167, -119.941 39.77432, -119.9405 39.79501, -119.94 39.81154, -119.9395 39.82226, -119.939 39.82633, -119.9385 39.8238, -119.938 39.81561, -119.9375 39.8035, -119.937 39.7897, -119.9365 39.7767, -119.936 39.76689, -119.9355 39.7622, -119.935 39.7639, -119.9345 39.77239, -119.934 39.78714, -119.9335 39.80678, -119.933 39.82931, -119.9325 39.85229, -119.932 39.87326, -119.9315 39.89003, -119.931 39.90096, -119.9305 39.90521, -119.93 39.90287, -119.9295 39.8949, -119.929 39.88302, -119.9285 39.8695, -119.928 39.85682, -119.9275 39.84735, -119.927 39.84303, -119.9265 39.84511, -119.926 39.85396, -119.9255 39.86905, -119.925 39.889, -119.9245 39.91177, -119.924 39.93495, -119.9235 39.95606, -119.923 39.97293, -119.9225 39.98392, -119.922 39.98824, -119.9215 39.98595, -119.921 39.97805, -119.9205 39.96627, -119.92 39.95289, -119.9195 39.94038, -119.919 39.93112, -119.9185 39.92703, -119.918 39.92934, -119.9175 39.93842, -119.917 39.9537, -119.9165 39.97381, -119.916 39.99669, -119.9155 40.01992, -119.915 40.04104, -119.9145 40.05786, -119.914 40.06878, -119.9135 40.073, -119.913 40.07063, -119.9125 40.06265, -119.912 40.05084, -119.9115 40.03744, -119.911 40.02497, -119.9105 40.01577, -119.91 40.01177, -119.9095 40.01417, -119.909 40.02333, -119.9085 40.03867, -119.908 40.05879, -119.9075 40.08163, -119.907 40.10477, -119.9065 40.12574, -119.906 40.14238, -119.9055 40.15308, -119.905 40.15707, -119.9045 40.15446, -119.904 40.14627, -119.9035 40.13427, -119.903 40.12073, -119.9025 40.10814, -119.902 40.09887, -119.9015 40.0948, -119.901 40.09716, -119.9005 40.10625, -119.9 40.1215, -119.8995 40.14149, -119.899 40.16415, -119.8985 40.18706, -119.898 40.20775, -119.8975 40.22405, -119.897 40.23439, -119.8965 40.238, -119.896 40.23502, -119.8955 40.22648, -119.895 40.21415, -119.8945 40.20033, -119.894 40.18749, -119.8935 40.178, -119.893 40.17374, -119.8925 40.1759, -119.892 40.1848, -119.8915 40.19982, -119.891 40.21955, -119.8905 40.24189, -119.89 40.26442, -119.8895 40.28469, -119.889 40.30052, -119.8885 40.31037, -119.888 40.31347, -119.8875 40.30999, -119.887 40.30096, -119.8865 40.28818, -119.886 40.27394, -119.8855 40.26072, -119.885 40.25088, -119.8845 40.2463, -119.884 40.24814, -119.8835 40.25671, -119.883 40.27138, -119.8825 40.29071, -119.882 40.3126, -119.8815 40.33464, -119.881 40.35436, -119.8805 40.3696, -119.88 40.37883, -119.8795 40.3813, -119.879 40.37719, -119.8785 40.36756, -119.878 40.3542, -119.8775 40.33942, -119.877 40.32571, -119.8765 40.3154, -119.876 40.31038, -119.8755 40.31179, -119.875 40.31991, -119.8745 40.33411, -119.874 40.35293, -119.8735 40.37427, -119.873 40.3957, -119.8725 40.41475, -119.872 40.4293, -119.8715 40.4378, -119.871 40.43953, -119.8705 40.43469, -119.87 40.42434, -119.8695 40.4103, -119.869 40.39489, -119.8685 40.38058, -119.868 40.36971, -119.8675 40.36414, -119.867 40.36501, -119.8665 40.37259, -119.866 40.38623, -119.8655 40.40444, -119.865 40.42512, -119.8645 40.44584, -119.864 40.46414, -119.8635 40.47789, -119.863 40.48557, -119.8625 40.48648, -119.862 40.48081, -119.8615 40.46967, -119.861 40.45487, -119.8605 40.43872, -119.86 40.42373, -119.8595 40.41221, -119.859 40.40602, -119.8585 40.40628, -119.858 40.41324, -119.8575 40.42622, -119.857 40.44375, -119.8565 40.4637, -119.856 40.48364, -119.8555 40.50111, -119.855 40.51399, -119.8545 40.52078, -119.854 40.52079, -119.8535 40.51423, -119.853 40.50222, -119.8525 40.48659, -119.852 40.46966, -119.8515 40.45392, -119.851 40.44169, -119.8505 40.43481, -119.85 40.4344, -119.8495 40.44067, -119.849 40.45295, -119.8485 40.46974, -119.848 40.4889, -119.8475 40.508, -119.847 40.5246, -119.8465 40.53656, -119.846 40.54241, -119.8455 40.54147, -119.845 40.53398, -119.8445 40.52105, -119.844 40.50455, -119.8435 40.48679, -119.843 40.47026, -119.8425 40.45729, -119.842 40.44969, -119.8415 40.44856, -119.841 40.45412, -119.8405 40.46566, -119.84 40.48167, -119.8395 40.50001, -119.839 40.51825, -119.8385 40.53393, -119.838 40.54495, -119.8375 40.54983, -119.837 40.54792, -119.8365 40.53947, -119.836 40.52562, -119.8355 40.50822, -119.835 40.48961, -119.8345 40.47228, -119.834 40.45854, -119.8335 40.45021, -119.833 40.44836, -119.8325 40.45319, -119.832 40.46398, -119.8315 40.4792, -119.831 40.49672, -119.8305 40.51409, -119.83 40.52885, -119.8295 40.53892, -119.829 40.54284, -119.8285 40.53995, -119.828 40.53055, -119.8275 40.51577, -119.827 40.49749, -119.8265 40.47804, -119.826 40.45992, -119.8255 40.44542, -119.825 40.43636, -119.8245 40.4338, -119.824 40.43791, -119.8235 40.44797, -119.823 40.46242, -119.8225 40.47913, -119.822 40.49564, -119.8215 40.50951, -119.821 40.51866, -119.8205 40.52163, -119.82 40.5178, -119.8195 40.50746, -119.819 40.49178, -119.8185 40.47265, -119.818 40.45239, -119.8175 40.43351, -119.817 40.41829, -119.8165 40.40854, -119.816 40.4053, -119.8155 40.40874, -119.815 40.4181, -119.8145 40.43182, -119.814 40.44776, -119.8135 40.46346, -119.813 40.47648, -119.8125 40.48474, -119.812 40.48682, -119.8115 40.48209, -119.811 40.47087, -119.8105 40.45435, -119.81 40.43441, -119.8095 40.4134, -119.809 40.39381, -119.8085 40.37793, -119.808 40.36755, -119.8075 40.36369, -119.807 40.36651, -119.8065 40.37523, -119.806 40.38829, -119.8055 40.40353, -119.805 40.41848, -119.8045 40.43071, -119.804 40.43816, -119.8035 40.4394, -119.803 40.43385, -119.8025 40.42183, -119.802 40.40453, -119.8015 40.38386, -119.801 40.36217, -119.8005 40.34196, -119.8 40.3255, -119.7995 40.31456, -119.799 40.31017, -119.7985 40.31245, -119.798 40.32062, -119.7975 40.3331, -119.797 40.34771, -119.7965 40.362, -119.796 40.37353, -119.7955 40.38026, -119.795 40.38076, -119.7945 40.37448, -119.794 40.36174, -119.7935 40.34376, -119.793 40.32246, -119.7925 40.30019, -119.792 40.27944, -119.7915 40.26249, -119.791 40.25111, -119.7905 40.24628, -119.79 40.24812, -119.7895 40.25584, -119.789 40.26783, -119.7885 40.28193, -119.788 40.29566, -119.7875 40.3066, -119.787 40.31271, -119.7865 40.31258, -119.786 40.30567, -119.7855 40.29233, -119.785 40.27378, -119.7845 40.25195, -119.784 40.22922, -119.7835 40.20805, -119.783 40.19074, -119.7825 40.17901, -119.782 40.17386, -119.7815 40.17539, -119.781 40.18277, -119.7805 40.1944, -119.78 40.20809, -119.7795 40.22138, -119.779 40.23185, -119.7785 40.23746, -119.778 40.23682, -119.7775 40.22941, -119.777 40.21559, -119.7765 40.1966, -119.776 40.17438, -119.7755 40.1513, -119.775 40.12985, -119.7745 40.11229, -119.774 40.10035, -119.7735 40.09501, -119.773 40.09634, -119.7725 40.10352, -119.772 40.11491, -119.7715 40.12834, -119.771 40.14132, -119.7705 40.15145, -119.77 40.15669, -119.7695 40.15568, -119.769 40.14789, -119.7685 40.13373, -119.768 40.11443, -119.7675 40.09195, -119.767 40.06867, -119.7665 40.04706, -119.766 40.0294, -119.7655 40.01739, -119.765 40.012, -119.7645 40.01327, -119.764 40.02038, -119.7635 40.03168, -119.763 40.04498, -119.7625 40.05779, -119.762 40.06771, -119.7615 40.07273, -119.761 40.07148, -119.7605 40.06347, -119.76 40.0491, -119.7595 40.02964, -119.759 40.00704, -119.7585 39.9837, -119.758 39.96209, -119.7575 39.94446, -119.757 39.93252, -119.7565 39.92721, -119.756 39.92858, -119.7555 39.93577, -119.755 39.94711, -119.7545 39.96042, -119.754 39.97321, -119.7535 39.98307, -119.753 39.988, -119.7525 39.98667, -119.752 39.97857, -119.7515 39.96414, -119.751 39.94466, -119.7505 39.92209, -119.75 39.89883, -119.7495 39.87736, -119.749 39.85991, -119.7485 39.84819, -119.748 39.84311, -119.7475 39.84472, -119.747 39.85212, -119.7465 39.86365, -119.746 39.87711, -119.7455 39.89002, -119.745 39.89996, -119.7445 39.90496, -119.744 39.90367, -119.7435 39.89564, -119.743 39.88129, -119.7425 39.86193, -119.742 39.83954, -119.7415 39.8165, -119.741 39.79531, -119.7405 39.77818, -119.74 39.76682, -119.7395 39.76212, -119.739 39.76409, -119.7385 39.77185, -119.738 39.78372, -119.7375 39.79747, -119.737 39.81063, -119.7365 39.8208, -119.736 39.82599, -119.7355 39.8249, -119.735 39.81706, -119.7345 39.80293, -119.734 39.78383, -119.7335 39.76175, -119.733 39.73908, -119.7325 39.71829, -119.732 39.70163, -119.7315 39.69076, -119.731 39.68657, -119.7305 39.68905, -119.73 39.6973, -119.7295 39.70962, -119.729 39.7238, -119.7285 39.73734, -119.728 39.74786, -119.7275 39.75338, -119.727 39.75261, -119.7265 39.74509, -119.726 39.73132, -119.7255 39.7126, -119.725 39.69096, -119.7245 39.66878, -119.724 39.64854, -119.7235 39.63246, -119.723 39.6222, -119.7225 39.61864, -119.722 39.62175, -119.7215 39.63061, -119.721 39.64351, -119.7205 39.65823, -119.72 39.67228, -119.7195 39.68327, -119.719 39.68923, -119.7185 39.68889, -119.718 39.68181, -119.7175 39.6685, -119.717 39.65029, -119.7165 39.6292, -119.716 39.60762, -119.7155 39.58803, -119.715 39.57265, -119.7145 39.56311, -119.714 39.56029, -119.7135 39.56414, -119.713 39.57371, -119.7125 39.5873, -119.712 39.60267, -119.7115 39.61732, -119.711 39.62888, -119.7105 39.63539, -119.71 39.63558, -119.7095 39.62905, -119.709 39.6163, -119.7085 39.59869, -119.708 39.57824, -119.7075 39.55736, -119.707 39.53852, -119.7065 39.52392, -119.706 39.5152, -119.7055 39.51321, -119.705 39.51788, -119.7045 39.52826, -119.704 39.54262, -119.7035 39.55872, -119.703 39.57406, -119.7025 39.58627, -119.702 39.59341, -119.7015 39.59421, -119.701 39.5883, -119.7005 39.5762, -119.7 39.55927, -119.6995 39.53954, -119.699 39.51943, -119.6985 39.50142, -119.698 39.48768, -119.6975 39.47985, -119.697 39.47876, -119.6965 39.48432, -119.696 39.49557, -119.6955 39.51077, -119.695 39.52766, -119.6945 39.54375, -119.694 39.55668, -119.6935 39.5645, -119.693 39.56599, -119.6925 39.56076, -119.692 39.54935, -119.6915 39.53316, -119.691 39.51421, -119.6905 39.49493, -119.69 39.47779, -119.6895 39.46496, -119.689 39.45807, -119.6885 39.45793, -119.688 39.46443, -119.6875 39.47659, -119.687 39.49267, -119.6865 39.5104, -119.686 39.52729, -119.6855 39.54097, -119.685 39.54952, -119.6845 39.55171, -119.684 39.5472, -119.6835 39.53653, -119.683 39.5211, -119.6825 39.50296, -119.682 39.48454, -119.6815 39.4683, -119.681 39.45642, -119.6805 39.4505, -119.68 39.45132, -119.6795 39.45878, -119.679 39.47188, -119.6785 39.48886, -119.678 39.50745, -119.6775 39.52514, -119.677 39.53959, -119.6765 39.54888, -119.676 39.5518, -119.6755 39.54801, -119.675 39.53808, -119.6745 39.52344, -119.674 39.50612, -119.6735 39.48857, -119.673 39.47323, -119.6725 39.4623, -119.672 39.45734, -119.6715 39.45913, -119.671 39.46755, -119.6705 39.48159, -119.67 39.49946, -119.6695 39.51889, -119.669 39.53739, -119.6685 39.55259, -119.668 39.56261, -119.6675 39.56625, -119.667 39.56317, -119.6665 39.55398, -119.666 39.54009, -119.6655 39.52358, -119.665 39.50687, -119.6645 39.49243, -119.664 39.48241, -119.6635 39.47839, -119.663 39.48114, -119.6625 39.49049, -119.662 39.50543, -119.6615 39.52417, -119.661 39.54441, -119.6605 39.56368, -119.66 39.57961, -119.6595 39.59032, -119.659 39.59463, -119.6585 39.59224, -119.658 39.58373, -119.6575 39.57057, -119.657 39.55482, -119.6565 39.53892, -119.656 39.52532, -119.6555 39.51619, -119.655 39.51306, -119.6545 39.5167, -119.654 39.52694, -119.6535 39.54273, -119.653 39.56228, -119.6525 39.58329, -119.652 39.60327, -119.6515 39.61987, -119.651 39.63122, -119.6505 39.63615, -119.65 39.63436, -119.6495 39.6265, -119.649 39.61399, -119.6485 39.59894, -119.648 39.58378, -119.6475 39.57097, -119.647 39.56264, -119.6465 39.56034, -119.646 39.56481, -119.6455 39.57586, -119.645 39.59243, -119.6445 39.61272, -119.644 39.63441, -119.6435 39.65502, -119.643 39.67221, -119.6425 39.68412, -119.642 39.68958, -119.6415 39.68834, -119.641 39.68102, -119.6405 39.6691, -119.64 39.65466, -119.6395 39.64015, -119.639 39.62803, -119.6385 39.62043, -119.638 39.61887, -119.6375 39.62407, -119.637 39.63584, -119.6365 39.6531, -119.636 39.67402, -119.6355 39.6963, -119.635 39.71745, -119.6345 39.73514, -119.634 39.7475, -119.6335 39.75341, -119.633 39.7526, -119.6325 39.74573, -119.632 39.73428, -119.6315 39.72036, -119.631 39.7064, -119.6305 39.69487, -119.63 39.68788, -119.6295 39.68695, -119.629 39.69278, -119.6285 39.70516, -119.628 39.72299, -119.6275 39.74444, -119.627 39.7672, -119.6265 39.78878, -119.626 39.80684, -119.6255 39.81955, -119.625 39.82577, -119.6245 39.82528, -119.624 39.81874, -119.6235 39.80765, -119.623 39.79413, -119.6225 39.7806, -119.622 39.76954, -119.6215 39.76304, -119.621 39.76262, -119.6205 39.76896, -119.62 39.78183, -119.6195 39.80011, -119.619 39.82196, -119.6185 39.84507, -119.618 39.86694, -119.6175 39.88526, -119.617 39.89818, -119.6165 39.9046, -119.616 39.90429, -119.6155 39.89796, -119.615 39.8871, -119.6145 39.87383, -119.614 39.86061, -119.6135 39.84988, -119.613 39.84375, -119.6125 39.84371, -119.612 39.85042, -119.6115 39.86363, -119.611 39.88223, -119.6105 39.90435, -119.61 39.92767, -119.6095 39.9497, -119.609 39.96813, -119.6085 39.98113, -119.608 39.9876, -119.6075 39.98735, -119.607 39.98108, -119.6065 39.97031, -119.606 39.95717, -119.6055 39.94412, -119.605 39.93358, -119.6045 39.92768, -119.604 39.92787, -119.6035 39.93481, -119.603 39.94823, -119.6025 39.967, -119.602 39.98924, -119.6015 40.01264, -119.601 40.03468, -119.6005 40.05308, -119.6 40.06601, -119.5995 40.0724, -119.599 40.07206, -119.5985 40.06571, -119.598 40.05489, -119.5975 40.04173, -119.597 40.02869, -119.5965 40.01822, -119.596 40.01239, -119.5955 40.01267, -119.595 40.01969, -119.5945 40.03318, -119.594 40.05198, -119.5935 40.0742, -119.593 40.09752, -119.5925 40.11944, -119.592 40.13766, -119.5915 40.15038, -119.591 40.15654, -119.5905 40.15596, -119.59 40.14939, -119.5895 40.13837, -119.589 40.12506, -119.5885 40.1119, -119.588 40.10133, -119.5875 40.09544, -119.587 40.09567, -119.5865 40.10264, -119.586 40.11605, -119.5855 40.13473, -119.585 40.15679, -119.5845 40.17989, -119.584 40.20154, -119.5835 40.21944, -119.583 40.23181, -119.5825 40.23759, -119.582 40.23664, -119.5815 40.22971, -119.581 40.21836, -119.5805 40.20474, -119.58 40.19132, -119.5795 40.18053, -119.579 40.17444, -119.5785 40.17448, -119.578 40.18125, -119.5775 40.19444, -119.577 40.21287, -119.5765 40.23463, -119.576 40.25738, -119.5755 40.27862, -119.575 40.29607, -119.5745 40.30795, -119.574 40.31322, -119.5735 40.31177, -119.573 40.30434, -119.5725 40.29252, -119.572 40.27848, -119.5715 40.26467, -119.571 40.25352, -119.5705 40.2471, -119.57 40.24682, -119.5695 40.25327, -119.569 40.26612, -119.5685 40.28416, -119.568 40.30549, -119.5675 40.32776, -119.567 40.34847, -119.5665 40.36534, -119.566 40.3766, -119.5655 40.38125, -119.565 40.37917, -119.5645 40.37113, -119.564 40.35873, -119.5635 40.34413, -119.563 40.32981, -119.5625 40.31819, -119.562 40.31132, -119.5615 40.31061, -119.561 40.31662, -119.5605 40.32901, -119.56 40.34655, -119.5595 40.36735, -119.559 40.38902, -119.5585 40.40908, -119.558 40.42526, -119.5575 40.43581, -119.557 40.43972, -119.5565 40.43689, -119.556 40.42814, -119.5555 40.41504, -119.555 40.3998, -119.5545 40.38487, -119.554 40.37267, -119.5535 40.36525, -119.553 40.364, -119.5525 40.36947, -119.552 40.3813, -119.5515 40.39826, -119.551 40.41841, -119.5505 40.43939, -119.55 40.45871, -119.5495 40.47411, -119.549 40.48385, -119.5485 40.48693, -119.548 40.48328, -119.5475 40.47371, -119.547 40.45984, -119.5465 40.44386, -119.546 40.42823, -119.5455 40.41538, -119.545 40.40733, -119.5445 40.40546, -119.544 40.41032, -119.5435 40.42151, -119.543 40.43779, -119.5425 40.45723, -119.542 40.47744, -119.5415 40.49595, -119.541 40.51049, -119.5405 40.51934, -119.54 40.52153, -119.5395 40.51698, -119.539 40.50654, -119.5385 40.49183, -119.538 40.47504, -119.5375 40.45865, -119.537 40.44508, -119.5365 40.43634, -119.536 40.4338, -119.5355 40.43797, -119.535 40.44847, -119.5345 40.46402, -119.534 40.48269, -119.5335 40.50208, -119.533 40.51972, -119.5325 40.53336, -119.532 40.54127, -119.5315 40.54251, -119.531 40.53702, -119.5305 40.52566, -119.53 40.51006, -119.5295 40.49243, -119.529 40.47525, -119.5285 40.46091, -119.528 40.45144, -119.5275 40.44819, -119.527 40.45165, -119.5265 40.46141, -119.526 40.4762, -119.5255 40.49406, -119.525 40.51261, -119.5245 40.52935, -119.524 40.54205, -119.5235 40.549, -119.523 40.54927, -119.5225 40.54282, -119.522 40.53051, -119.5215 40.51401, -119.521 40.49552, -119.5205 40.47752, -119.52 40.46241, -119.5195 40.4522, -119.519 40.44821, -119.5185 40.45095, -119.518 40.45997, -119.5175 40.47399, -119.517 40.49104, -119.5165 40.50872, -119.516 40.52457, -119.5155 40.53633, -119.515 40.54232, -119.5145 40.54161, -119.514 40.5342, -119.5135 40.52096, -119.513 40.50355, -119.5125 40.48421, -119.512 40.4654, -119.5115 40.44952, -119.511 40.43858, -119.5105 40.43388, -119.51 40.4359, -119.5095 40.4442, -119.509 40.45746, -119.5085 40.47371, -119.508 40.49056, -119.5075 40.50552, -119.507 40.51636, -119.5065 40.52141, -119.506 40.51976, -119.5055 40.51141, -119.505 40.49726, -119.5045 40.47898, -119.504 40.45881, -119.5035 40.43922, -119.503 40.42262, -119.5025 40.41097, -119.502 40.4056, -119.5015 40.40695, -119.501 40.41455, -119.5005 40.4271, -119.5 40.44259, -119.4995 40.45864, -119.499 40.47276, -119.4985 40.48273, -119.498 40.48688, -119.4975 40.48433, -119.497 40.4751, -119.4965 40.46009, -119.496 40.44099, -119.4955 40.42005, -119.495 40.39975, -119.4945 40.38246, -119.494 40.37018, -119.4935 40.36419, -119.493 40.36492, -119.4925 40.37189, -119.492 40.38378, -119.4915 40.39859, -119.491 40.4139, -119.4905 40.42724, -119.49 40.43641, -119.4895 40.43974, -119.489 40.43636, -119.4885 40.42631, -119.488 40.41051, -119.4875 40.39067, -119.487 40.36904, -119.4865 40.34809, -119.486 40.33021, -119.4855 40.31737, -119.485 40.31083, -119.4845 40.31103, -119.484 40.31746, -119.4835 40.32878, -119.483 40.34297, -119.4825 40.35763, -119.482 40.37029, -119.4815 40.37874, -119.481 40.38133, -119.4805 40.37721, -119.48 40.36644, -119.4795 40.34995, -119.479 40.32947, -119.4785 40.30723, -119.478 40.28574, -119.4775 40.26736, -119.477 40.25405, -119.4765 40.24708, -119.476 40.24684, -119.4755 40.25283, -119.475 40.26367, -119.4745 40.27736, -119.474 40.29148, -119.4735 40.30355, -119.473 40.31139, -119.4725 40.31335, -119.472 40.3086, -119.4715 40.29721, -119.471 40.28015, -119.4705 40.25912, -119.47 40.23641, -119.4695 40.21448, -119.469 40.19572, -119.4685 40.18206, -119.468 40.17476, -119.4675 40.17421, -119.467 40.17986, -119.4665 40.19036, -119.466 40.20366, -119.4655 40.21735, -119.465 40.22896, -119.4645 40.2363, -119.464 40.23775, -119.4635 40.2325, -119.463 40.22062, -119.4625 40.2031, -119.462 40.18167, -119.4615 40.15859, -119.461 40.13636, -119.4605 40.11734, -119.46 40.10346, -119.4595 40.09597, -119.459 40.09523, -119.4585 40.10068, -119.458 40.11095, -119.4575 40.12399, -119.457 40.13739, -119.4565 40.14867, -119.456 40.15565, -119.4555 40.15673, -119.455 40.1511, -119.4545 40.13887, -119.454 40.12102, -119.4535 40.09932, -119.453 40.07602, -119.4525 40.05362, -119.452 40.03448, -119.4515 40.02053, -119.451 40.01297, -119.4505 40.01218, -119.45 40.01757, -119.4495 40.02775, -119.449 40.04067, -119.4485 40.05391, -119.448 40.065, -119.4475 40.07176, -119.447 40.07261, -119.4465 40.06675, -119.446 40.05431, -119.4455 40.03628, -119.445 40.01444, -119.4445 39.99106, -119.444 39.96864, -119.4435 39.94952, -119.443 39.93563, -119.4425 39.92816, -119.442 39.92746, -119.4415 39.93293, -119.441 39.94317, -119.4405 39.95612, -119.44 39.96934, -119.4395 39.98038, -119.439 39.98706, -119.4385 39.98782, -119.438 39.98188, -119.4375 39.96936, -119.437 39.9513, -119.4365 39.92947, -119.436 39.90616, -119.4355 39.88386, -119.435 39.86491, -119.4345 39.85123, -119.434 39.84399, -119.4335 39.84352, -119.433 39.84922, -119.4325 39.85966, -119.432 39.87277, -119.4315 39.88612, -119.431 39.89725, -119.4305 39.904, -119.43 39.90481, -119.4295 39.89892, -119.429 39.88648, -119.4285 39.86853, -119.428 39.84686, -119.4275 39.82376, -119.427 39.80171, -119.4265 39.78308, -119.426 39.76974, -119.4255 39.76287, -119.425 39.76278, -119.4245 39.76884, -119.424 39.77962, -119.4235 39.79304, -119.423 39.80665, -119.4225 39.81802, -119.422 39.82497, -119.4215 39.82597, -119.421 39.82028, -119.4205 39.80805, -119.42 39.79034, -119.4195 39.76896, -119.419 39.74621, -119.4185 39.72456, -119.418 39.70638, -119.4175 39.69352, -119.417 39.68716, -119.4165 39.68757, -119.416 39.69413, -119.4155 39.70538, -119.415 39.71923, -119.4145 39.73325, -119.414 39.74497, -119.4135 39.75226, -119.413 39.75358, -119.4125 39.74821, -119.412 39.73632, -119.4115 39.71899, -119.411 39.69803, -119.4105 39.67575, -119.41 39.65463, -119.4095 39.63701, -119.409 39.62476, -119.4085 39.61903, -119.408 39.62007, -119.4075 39.62725, -119.407 39.63909, -119.4065 39.6535, -119.406 39.66803, -119.4055 39.68023, -119.405 39.68797, -119.4045 39.68973, -119.404 39.68479, -119.4035 39.67335, -119.403 39.65651, -119.4025 39.63609, -119.402 39.61439, -119.4015 39.59391, -119.401 39.57698, -119.4005 39.56544, -119.4 39.56044, -119.3995 39.56223, -119.399 39.57013, -119.3985 39.58267, -119.398 39.59773, -119.3975 39.61288, -119.397 39.62566, -119.3965 39.63395, -119.396 39.63625, -119.3955 39.63184, -119.395 39.62097, -119.3945 39.60471, -119.394 39.58492, -119.3935 39.5639, -119.393 39.54415, -119.3925 39.528, -119.392 39.51727, -119.3915 39.5131, -119.391 39.51571, -119.3905 39.52443, -119.39 39.53774, -119.3895 39.55355, -119.389 39.5694, -119.3885 39.58285, -119.388 39.59178, -119.3875 39.59469, -119.387 39.5909, -119.3865 39.58066, -119.386 39.56507, -119.3855 39.54599, -119.385 39.52573, -119.3845 39.50679, -119.384 39.49148, -119.3835 39.48164, -119.383 39.47836, -119.3825 39.48187, -119.382 39.49146, -119.3815 39.50563, -119.381 39.52225, -119.3805 39.53886, -119.38 39.55304, -119.3795 39.56266, -119.379 39.56624, -119.3785 39.56314, -119.378 39.55358, -119.3775 39.53872, -119.377 39.5204, -119.3765 39.50095, -119.376 39.48287, -119.3755 39.46847, -119.375 39.45956, -119.3745 39.45723, -119.374 39.46168, -119.3735 39.4722, -119.373 39.48726, -119.3725 39.50473, -119.372 39.52215, -119.3715 39.53709, -119.371 39.54744, -119.3705 39.55174, -119.37 39.54935, -119.3695 39.54052, -119.369 39.52641, -119.3685 39.50889, -119.368 39.49029, -119.3675 39.4731, -119.367 39.45962, -119.3665 39.45167, -119.366 39.45031, -119.3655 39.45573, -119.365 39.46719, -119.3645 39.48317, -119.364 39.5015, -119.3635 39.51975, -119.363 39.53547, -119.3625 39.54657, -119.362 39.5516, -119.3615 39.54993, -119.361 39.54184, -119.3605 39.5285, -119.36 39.51178, -119.3595 39.49403, -119.359 39.47774, -119.3585 39.46519, -119.358 39.4582, -119.3575 39.45782, -119.357 39.4642, -119.3565 39.4766, -119.356 39.49348, -119.3555 39.51268, -119.355 39.53174, -119.3545 39.54823, -119.354 39.56007, -119.3535 39.56582, -119.353 39.56486, -119.3525 39.5575, -119.352 39.54491, -119.3515 39.52898, -119.351 39.51206, -119.3505 39.49664, -119.35 39.48501, -119.3495 39.47896, -119.349 39.47952, -119.3485 39.48684, -119.348 39.50016, -119.3475 39.51792, -119.347 39.53795, -119.3465 39.5578, -119.346 39.57503, -119.3455 39.58757, -119.345 39.59399, -119.3445 39.59371, -119.344 39.58703, -119.3435 39.57515, -119.343 39.55998, -119.3425 39.54385, -119.342 39.52926, -119.3415 39.5185, -119.341 39.51334, -119.3405 39.5148, -119.34 39.52301, -119.3395 39.5372, -119.339 39.55578, -119.3385 39.57659, -119.338 39.59716, -119.3375 39.61507, -119.337 39.62826, -119.3365 39.63531, -119.336 39.63564, -119.3355 39.62959, -119.335 39.61836, -119.3345 39.60387, -119.334 39.58847, -119.3335 39.57465, -119.333 39.5647, -119.3325 39.56036, -119.332 39.56265, -119.3315 39.57167, -119.331 39.58665, -119.3305 39.60598, -119.33 39.6275, -119.3295 39.64872, -119.329 39.66723, -119.3285 39.68099, -119.328 39.68858, -119.3275 39.68944, -119.327 39.68394, -119.3265 39.67328, -119.326 39.65939, -119.3255 39.64463, -119.325 39.63149, -119.3245 39.62225, -119.324 39.61865, -119.3235 39.62167, -119.323 39.63143, -119.3225 39.6471, -119.322 39.66709, -119.3215 39.68921, -119.321 39.71099, -119.3205 39.73001, -119.32 39.74423, -119.3195 39.75226, -119.319 39.75356, -119.3185 39.7485, -119.318 39.7383, -119.3175 39.72491, -119.317 39.7107, -119.3165 39.69814, -119.316 39.6895, -119.3155 39.68653, -119.315 39.69018, -119.3145 39.70056, -119.314 39.71682, -119.3135 39.73735, -119.313 39.75996, -119.3125 39.78218, -119.312 39.80159, -119.3115 39.81617, -119.311 39.82453, -119.3105 39.82614, -119.31 39.82141, -119.3095 39.81156, -119.309 39.79855, -119.3085 39.78476, -119.308 39.77266, -119.3075 39.76451, -119.307 39.76204, -119.3065 39.7662, -119.306 39.77707, -119.3055 39.7938, -119.305 39.81475, -119.3045 39.83773, -119.304 39.86026, -119.3035 39.87993, -119.303 39.89473, -119.3025 39.90329, -119.302 39.9051, -119.3015 39.90055, -119.301 39.89093, -119.3005 39.87817, -119.3 39.86467, -119.2995 39.85289, -119.299 39.8451, -119.2985 39.843, -119.298 39.84754, -119.2975 39.85877, -119.297 39.87582, -119.2965 39.89706, -119.296 39.92027, -119.2955 39.94298, -119.295 39.96278, -119.2945 39.97766, -119.294 39.98628, -119.2935 39.98814, -119.293 39.98365, -119.2925 39.97411, -119.292 39.96147, -119.2915 39.94811, -119.291 39.93653, -119.2905 39.92895, -119.29 39.92709, -119.2895 39.93186, -119.289 39.9433, -119.2885 39.96054, -119.288 39.98192, -119.2875 40.00521, -119.287 40.02796, -119.2865 40.04774, -119.286 40.06257, -119.2855 40.0711, -119.285 40.07287, -119.2845 40.0683, -119.284 40.0587, -119.2835 40.04603, -119.283 40.03268, -119.2825 40.02114, -119.282 40.01364, -119.2815 40.01186, -119.281 40.01672, -119.2805 40.02824, -119.28 40.04552, -119.2795 40.06689, -119.279 40.09013, -119.2785 40.11276, -119.278 40.13238, -119.2775 40.14701, -119.277 40.15532, -119.2765 40.15685, -119.276 40.15205, -119.2755 40.14224, -119.275 40.1294, -119.2745 40.11592, -119.274 40.10428, -119.2735 40.09671, -119.273 40.09488, -119.2725 40.09969, -119.272 40.11113, -119.2715 40.12831, -119.271 40.14953, -119.2705 40.17257, -119.27 40.19495, -119.2695 40.21427, -119.269 40.22855, -119.2685 40.23649, -119.268 40.23765, -119.2675 40.23249, -119.267 40.22233, -119.2665 40.20918, -119.266 40.19542, -119.2655 40.18355, -119.265 40.17577, -119.2645 40.17375, -119.264 40.17836, -119.2635 40.1896, -119.263 40.20654, -119.2625 40.22748, -119.262 40.25018, -119.2615 40.27216, -119.261 40.29104, -119.2605 40.30485, -119.26 40.31229, -119.2595 40.31293, -119.259 40.30727, -119.2585 40.29664, -119.258 40.28305, -119.2575 40.26889, -119.257 40.25665, -119.2565 40.24853, -119.256 40.24619, -119.2555 40.25049, -119.255 40.26139, -119.2545 40.27795, -119.254 40.29848, -119.2535 40.32072, -119.253 40.34219, -119.2525 40.3605, -119.252 40.3737, -119.2515 40.38052, -119.251 40.38053, -119.2505 40.37425, -119.25 40.36303, -119.2495 40.34887, -119.249 40.33419, -119.2485 40.32146, -119.248 40.31289, -119.2475 40.31011, -119.247 40.31398, -119.2465 40.32442, -119.246 40.34051, -119.2455 40.36051, -119.245 40.38217, -119.2445 40.40301, -119.244 40.42065, -119.2435 40.43314, -119.243 40.43922, -119.2425 40.43849, -119.242 40.43149, -119.2415 40.41956, -119.241 40.40474, -119.2405 40.38944, -119.24 40.37612, -119.2395 40.36699, -119.239 40.36368, -119.2385 40.367, -119.238 40.3769, -119.2375 40.39241, -119.237 40.41178, -119.2365 40.43277, -119.236 40.45289, -119.2355 40.46975, -119.235 40.48144, -119.2345 40.48669, -119.234 40.48514, -119.2335 40.47732, -119.233 40.4646, -119.2325 40.44903, -119.232 40.43302, -119.2315 40.41904, -119.231 40.40927, -119.2305 40.40534, -119.23 40.40805, -119.2295 40.41731, -119.229 40.43216, -119.2285 40.45083, -119.228 40.47107, -119.2275 40.49039, -119.227 40.50641, -119.2265 40.51722, -119.226 40.52158, -119.2255 40.51913, -119.225 40.51042, -119.2245 40.49685, -119.224 40.48046, -119.2235 40.46368, -119.223 40.44896, -119.2225 40.4385, -119.222 40.43388, -119.2215 40.43592, -119.221 40.4445, -119.2205 40.45863, -119.22 40.47654, -119.2195 40.49598, -119.219 40.51444, -119.2185 40.52957, -119.218 40.53945, -119.2175 40.54286, -119.217 40.53946, -119.2165 40.52983, -119.216 40.51536, -119.2155 40.49812, -119.215 40.48052, -119.2145 40.46503, -119.214 40.45383, -119.2135 40.4485, -119.213 40.44982, -119.2125 40.45768, -119.212 40.47105, -119.2115 40.48818, -119.211 40.50678, -119.2105 40.52436, -119.21 40.53856, -119.2095 40.54749, -119.209 40.54993, -119.2085 40.54557, -119.208 40.53498, -119.2075 40.5196, -119.207 40.50148, -119.2065 40.48305, -119.206 40.46677, -119.2055 40.45482, -119.205 40.44876, -119.2045 40.44936, -119.204 40.45648, -119.2035 40.46909, -119.203 40.48542, -119.2025 40.50317, -119.202 40.51987, -119.2015 40.53314, -119.201 40.54111, -119.2005 40.54258, -119.2 40.53725, -119.1995 40.52572, -119.199 40.50942, -119.1985 40.49043, -119.198 40.47118, -119.1975 40.45413, -119.197 40.44143, -119.1965 40.43465, -119.196 40.43454, -119.1955 40.44094, -119.195 40.45281, -119.1945 40.46835, -119.194 40.48528, -119.1935 40.5011, -119.193 40.51347, -119.1925 40.5205, -119.192 40.52103, -119.1915 40.51476, -119.191 40.50231, -119.1905 40.48512, -119.19 40.46529, -119.1895 40.44525, -119.189 40.42745, -119.1885 40.41405, -119.188 40.40659, -119.1875 40.4058, -119.187 40.41152, -119.1865 40.42268, -119.186 40.43748, -119.1855 40.45362, -119.185 40.46861, -119.1845 40.48012, -119.184 40.48626, -119.1835 40.48589, -119.183 40.47873, -119.1825 40.4654, -119.182 40.44739, -119.1815 40.42677, -119.181 40.40599, -119.1805 40.38751, -119.18 40.37346, -119.1795 40.36537, -119.179 40.36397, -119.1785 40.36906, -119.178 40.37957, -119.1775 40.3937, -119.177 40.40912, -119.1765 40.42335, -119.176 40.43406, -119.1755 40.43938, -119.175 40.43818, -119.1745 40.43019, -119.174 40.41607, -119.1735 40.3973, -119.173 40.37598, -119.1725 40.35454, -119.172 40.33544, -119.1715 40.32082, -119.171 40.31219, -119.1705 40.31025, -119.17 40.3148, -119.1695 40.32475, -119.169 40.33828, -119.1685 40.35306, -119.168 40.36662, -119.1675 40.37662, -119.167 40.38121, -119.1665 40.37927, -119.166 40.37055, -119.1655 40.35573, -119.165 40.3363, -119.1645 40.31435, -119.164 40.29235, -119.1635 40.27275, -119.163 40.25765, -119.1625 40.24857, -119.162 40.2462, -119.1615 40.25031, -119.161 40.2598, -119.1605 40.27283, -119.16 40.28709, -119.1595 40.30007, -119.159 40.30946, -119.1585 40.31343, -119.158 40.31086, -119.1575 40.30152, -119.157 40.28611, -119.1565 40.26612, -119.156 40.24368, -119.1555 40.22123, -119.155 40.20122, -119.1545 40.18576, -119.154 40.17636, -119.1535 40.17367, -119.153 40.17746, -119.1525 40.1866, -119.152 40.19926, -119.1515 40.21309, -119.151 40.22563, -119.1505 40.23454, -119.15 40.238, -119.1495 40.23492, -119.149 40.22508, -119.1485 40.2092, -119.148 40.18879, -119.1475 40.16597, -119.147 40.1432, -119.1465 40.12292, -119.146 40.10723, -119.1455 40.09762, -119.145 40.09475, -119.1445 40.09834, -119.144 40.10727, -119.1435 40.11968, -119.143 40.13323, -119.1425 40.14544, -119.142 40.154, -119.1415 40.15709, -119.141 40.15364, -119.1405 40.14344, -119.14 40.12723, -119.1395 40.10652, -119.139 40.08346, -119.1385 40.06051, -119.138 40.04009, -119.1375 40.02432, -119.137 40.01464, -119.1365 40.01171, -119.136 40.01525, -119.1355 40.0241, -119.135 40.03641, -119.1345 40.04981, -119.134 40.06184, -119.1335 40.07019, -119.133 40.07305, -119.1325 40.06936, -119.132 40.05894, -119.1315 40.04253, -119.131 40.02168, -119.1305 39.99852, -119.13 39.97553, -119.1295 39.95512, -119.129 39.9394, -119.1285 39.92981, -119.128 39.92697, -119.1275 39.93059, -119.127 39.93951, -119.1265 39.95184, -119.126 39.96525, -119.1255 39.97724, -119.125 39.98552, -119.1245 39.98829, -119.124 39.98451, -119.1235 39.97401, -119.123 39.95756, -119.1225 39.9367, -119.122 39.9136, -119.1215 39.8907, -119.121 39.87045, -119.1205 39.85493, -119.12 39.84556, -119.1195 39.84295, -119.119 39.8468, -119.1185 39.85593, -119.118 39.86845, -119.1175 39.88199, -119.117 39.89409, -119.1165 39.90244, -119.116 39.90526, -119.1155 39.90153, -119.115 39.89111, -119.1145 39.87475, -119.114 39.85403, -119.1135 39.83112, -119.113 39.80847, -119.1125 39.78852, -119.112 39.77333, -119.1115 39.76432, -119.111 39.76209, -119.1105 39.76631, -119.11 39.77579, -119.1095 39.78862, -119.109 39.80245, -119.1085 39.81478, -119.108 39.82334, -119.1075 39.82636, -119.107 39.82283, -119.1065 39.8126, -119.106 39.79648, -119.1055 39.77604, -119.105 39.75345, -119.1045 39.73119, -119.104 39.71167, -119.1035 39.69695, -119.103 39.68844, -119.1025 39.68672, -119.102 39.69145, -119.1015 39.70141, -119.101 39.71468, -119.1005 39.72892, -119.1 39.74163, -119.0995 39.75053, -119.099 39.75387, -119.0985 39.75065, -119.098 39.74076, -119.0975 39.725, -119.097 39.70497, -119.0965 39.68284, -119.096 39.66108, -119.0955 39.64212, -119.095 39.628, -119.0945 39.62011, -119.094 39.61902, -119.0935 39.62437, -119.093 39.63493, -119.0925 39.64878, -119.092 39.66354, -119.0915 39.67674, -119.091 39.6861, -119.0905 39.68988, -119.09 39.68709, -119.0895 39.67765, -119.089 39.66237, -119.0885 39.64285, -119.088 39.62129, -119.0875 39.60015, -119.087 39.58186, -119.0865 39.56845, -119.086 39.56129, -119.0855 39.56095, -119.085 39.56702, -119.0845 39.57829, -119.084 39.5928, -119.0835 39.6082, -119.083 39.62199, -119.0825 39.63191, -119.082 39.63623, -119.0815 39.63398, -119.081 39.62508, -119.0805 39.61037, -119.08 39.59147, -119.0795 39.57058, -119.079 39.55016, -119.0785 39.53263, -119.078 39.52001, -119.0775 39.51369, -119.077 39.51417, -119.0765 39.52106, -119.076 39.53312, -119.0755 39.54839, -119.075 39.5645, -119.0745 39.57897, -119.074 39.58953, -119.0735 39.59447, -119.073 39.59284, -119.0725 39.58457, -119.072 39.57052, -119.0715 39.55231, -119.071 39.53216, -119.0705 39.51253, -119.07 39.49583, -119.0695 39.48409, -119.069 39.47866, -119.0685 39.48004, -119.068 39.48782, -119.0675 39.50074, -119.067 39.51683, -119.0665 39.53372, -119.066 39.54893, -119.0655 39.56019, -119.065 39.56582, -119.0645 39.56486, -119.064 39.55727, -119.0635 39.54393, -119.063 39.52648, -119.0625 39.50712, -119.062 39.48834, -119.0615 39.47253, -119.061 39.46172, -119.0605 39.45723, -119.06 39.45955, -119.0595 39.46827, -119.059 39.48209, -119.0585 39.49905, -119.058 39.51676, -119.0575 39.53274, -119.057 39.54475, -119.0565 39.55109, -119.056 39.55084, -119.0555 39.54398, -119.055 39.53138, -119.0545 39.51471, -119.054 39.49618, -119.0535 39.47827, -119.053 39.46339, -119.0525 39.45352, -119.052 39.45, -119.0515 39.4533, -119.051 39.46297, -119.0505 39.47771, -119.05 39.49555, -119.0495 39.5141, -119.049 39.53087, -119.0485 39.54364, -119.048 39.55071, -119.0475 39.55119, -119.047 39.54506, -119.0465 39.53322, -119.046 39.51734, -119.0455 39.49965, -119.045 39.48262, -119.0445 39.46866, -119.044 39.45975, -119.0435 39.45719, -119.043 39.46146, -119.0425 39.47208, -119.042 39.48774, -119.0415 39.50646, -119.041 39.52584, -119.0405 39.5434, -119.04 39.55691, -119.0395 39.56471, -119.039 39.56589, -119.0385 39.56048, -119.038 39.54938, -119.0375 39.53428, -119.037 39.51741, -119.0365 39.50124, -119.036 39.48818, -119.0355 39.4802, -119.035 39.4786, -119.0345 39.4838, -119.034 39.49535, -119.0335 39.5119, -119.033 39.53147, -119.0325 39.55165, -119.032 39.56996, -119.0315 39.58418, -119.031 39.59266, -119.0305 39.59453, -119.03 39.5898, -119.0295 39.5794, -119.029 39.56503, -119.0285 39.54894, -119.028 39.5336, -119.0275 39.5214, -119.027 39.5143, -119.0265 39.51359, -119.026 39.51969, -119.0255 39.53211, -119.025 39.54951, -119.0245 39.56987, -119.024 39.59079, -119.0235 39.60979, -119.023 39.62467, -119.0225 39.63378, -119.022 39.63626, -119.0215 39.63215, -119.021 39.6224, -119.0205 39.6087, -119.02 39.59332, -119.0195 39.57874, -119.019 39.56733, -119.0185 39.56105, -119.018 39.56117, -119.0175 39.5681, -119.017 39.58132, -119.0165 39.59948, -119.016 39.62056, -119.0155 39.64214, -119.015 39.66177, -119.0145 39.67722, -119.014 39.68688, -119.0135 39.68989, -119.013 39.68632, -119.0125 39.67712, -119.012 39.66402, -119.0115 39.64927, -119.011 39.63536, -119.0105 39.62465, -119.01 39.6191, -119.0095 39.61996, -119.009 39.62762, -119.0085 39.64155, -119.008 39.66038, -119.0075 39.68208, -119.007 39.70424, -119.0065 39.72438, -119.006 39.74032, -119.0055 39.75043, -119.005 39.75387, -119.0045 39.75074, -119.004 39.742, -119.0035 39.72939, -119.003 39.71516, -119.0025 39.70181, -119.002 39.69171, -119.0015 39.68678, -119.001 39.68828, -119.0005 39.69656, -119 39.71108, -118.9995 39.73047, -118.999 39.75268, -118.9985 39.7753, -118.998 39.79585, -118.9975 39.81215, -118.997 39.82259, -118.9965 39.82636, -118.996 39.82354, -118.9955 39.81514, -118.995 39.8029, -118.9945 39.78909, -118.994 39.77618, -118.9935 39.76656, -118.993 39.76213, -118.9925 39.76413, -118.992 39.77292, -118.9915 39.78792, -118.991 39.80774, -118.9905 39.83034, -118.99 39.85328, -118.9895 39.87411, -118.989 39.89065, -118.9885 39.90129, -118.988 39.90525, -118.9875 39.90263, -118.987 39.89444, -118.9865 39.88244, -118.986 39.8689, -118.9855 39.85631, -118.985 39.84703, -118.9845 39.84298, -118.984 39.84536, -118.9835 39.8545, -118.983 39.86984, -118.9825 39.88996, -118.982 39.91281, -118.9815 39.93595, -118.981 39.95692, -118.9805 39.97355, -118.98 39.98426, -118.9795 39.98827, -118.979 39.98571, -118.9785 39.97759, -118.978 39.96569, -118.9775 39.95229, -118.977 39.93988, -118.9765 39.93081, -118.976 39.92699, -118.9755 39.9296, -118.975 39.93897, -118.9745 39.95451, -118.974 39.97478, -118.9735 39.99773, -118.973 40.02092, -118.9725 40.04189, -118.972 40.05848, -118.9715 40.06911, -118.971 40.07303, -118.9705 40.07038, -118.97 40.0622, -118.9695 40.05026, -118.969 40.03685, -118.9685 40.02448, -118.968 40.01547, -118.9675 40.01173, -118.967 40.01443, -118.9665 40.02389, -118.966 40.03948, -118.9655 40.05976, -118.965 40.08267, -118.9645 40.10577, -118.964 40.12659, -118.9635 40.14299, -118.963 40.1534, -118.9625 40.15709, -118.962 40.1542, -118.9615 40.1458, -118.961 40.13368, -118.9605 40.12013, -118.96 40.10764, -118.9595 40.09856, -118.959 40.09477, -118.9585 40.09742, -118.958 40.10681, -118.9575 40.1223, -118.957 40.14246, -118.9565 40.16519, -118.956 40.18804, -118.9555 40.20858, -118.955 40.22464, -118.9545 40.23469, -118.954 40.238, -118.9535 40.23475, -118.953 40.226, -118.9525 40.21355, -118.952 40.19972, -118.9515 40.18698, -118.951 40.17769, -118.9505 40.17369, -118.95 40.17616, -118.9495 40.18534, -118.949 40.20061, -118.9485 40.2205, -118.948 40.2429, -118.9475 40.26539, -118.947 40.2855, -118.9465 40.30109, -118.946 40.31065, -118.9455 40.31345, -118.945 40.30969, -118.9445 40.30046, -118.944 40.28756, -118.9435 40.27331, -118.943 40.2602, -118.9425 40.25055, -118.942 40.24624, -118.9415 40.24838, -118.941 40.25724, -118.9405 40.27215, -118.94 40.29164, -118.9395 40.3136, -118.939 40.33558, -118.9385 40.35514, -118.938 40.37015, -118.9375 40.37908, -118.937 40.38125, -118.9365 40.37687, -118.936 40.36703, -118.9355 40.35356, -118.935 40.33877, -118.9345 40.32516, -118.934 40.31506, -118.9335 40.3103, -118.933 40.31201, -118.9325 40.32042, -118.932 40.33487, -118.9315 40.35384, -118.931 40.37524, -118.9305 40.39661, -118.93 40.41551, -118.9295 40.42981, -118.929 40.43802, -118.9285 40.43945, -118.928 40.43433, -118.9275 40.42378, -118.927 40.40963, -118.9265 40.39421, -118.926 40.38, -118.9255 40.36933, -118.925 40.36404, -118.9245 40.36521, -118.924 40.37308, -118.9235 40.38695, -118.923 40.40532, -118.9225 40.42606, -118.922 40.44672, -118.9215 40.46486, -118.921 40.47837, -118.9205 40.48576, -118.92 40.48636, -118.9195 40.48042, -118.919 40.46907, -118.9185 40.45416, -118.918 40.43802, -118.9175 40.42313, -118.917 40.41181, -118.9165 40.40589, -118.916 40.40645, -118.9155 40.41369, -118.915 40.42692, -118.9145 40.4446, -118.914 40.4646, -118.9135 40.48448, -118.913 40.50179, -118.9125 40.51443, -118.912 40.52093, -118.9115 40.52063, -118.911 40.5138, -118.9105 40.50159, -118.91 40.48585, -118.9095 40.46892, -118.909 40.45328, -118.9085 40.44126, -118.908 40.43465, -118.9075 40.43454, -118.907 40.4411, -118.9065 40.45362, -118.906 40.47056, -118.9055 40.48977, -118.905 40.50881, -118.9045 40.52524, -118.904 40.53696, -118.9035 40.54251, -118.903 40.54127, -118.9025 40.53351, -118.902 40.52038, -118.9015 40.50377, -118.901 40.48601, -118.9005 40.4696, -118.9 40.45682, -118.8995 40.4495, -118.899 40.44867, -118.8985 40.45451, -118.898 40.46629, -118.8975 40.48245, -118.897 40.50085, -118.8965 40.51902, -118.896 40.53453, -118.8955 40.54531, -118.895 40.54989, -118.8945 40.54768, -118.894 40.53896, -118.8935 40.5249, -118.893 40.5074, -118.8925 40.4888, -118.892 40.47158, -118.8915 40.45805, -118.891 40.44998, -118.8905 40.44843, -118.89 40.45355, -118.8895 40.46458, -118.889 40.47995, -118.8885 40.49752, -118.888 40.51481, -118.8875 40.52941, -118.887 40.53924, -118.8865 40.54286, -118.886 40.53967, -118.8855 40.52999, -118.885 40.51501, -118.8845 40.49663, -118.884 40.47719, -118.8835 40.45918, -118.883 40.44489, -118.8825 40.43611, -118.882 40.43384, -118.8815 40.43824, -118.881 40.44853, -118.8805 40.46314, -118.88 40.47989, -118.8795 40.49633, -118.879 40.51003, -118.8785 40.51893, -118.878 40.5216, -118.8775 40.51747, -118.877 40.50687, -118.8765 40.49099, -118.876 40.47175, -118.8755 40.4515, -118.875 40.43274, -118.8745 40.41773, -118.874 40.40826, -118.8735 40.40532, -118.873 40.40904, -118.8725 40.41863, -118.872 40.4325, -118.8715 40.44849, -118.871 40.46411, -118.8705 40.47696, -118.87 40.48497, -118.8695 40.48675, -118.869 40.48172, -118.8685 40.47024, -118.868 40.45352, -118.8675 40.43348, -118.867 40.41248, -118.8665 40.39301, -118.866 40.37734, -118.8655 40.36723, -118.865 40.36368, -118.8645 40.36678, -118.864 40.37573, -118.8635 40.38894, -118.863 40.40422, -118.8625 40.41909, -118.862 40.43115, -118.8615 40.43835, -118.861 40.4393, -118.8605 40.43345, -118.86 40.42116, -118.8595 40.40367, -118.859 40.3829, -118.8585 40.36123, -118.858 40.34113, -118.8575 40.32488, -118.857 40.31422, -118.8565 40.31013, -118.856 40.3127, -118.8555 40.3211, -118.855 40.33372, -118.8545 40.34837, -118.854 40.36258, -118.8535 40.37394, -118.853 40.38042, -118.8525 40.38063, -118.852 40.37404, -118.8515 40.36104, -118.851 40.34287, -118.8505 40.32147, -118.85 40.29922, -118.8495 40.27859, -118.849 40.26186, -118.8485 40.25075, -118.848 40.24622, -118.8475 40.24835, -118.847 40.2563, -118.8465 40.26843, -118.846 40.28257, -118.8455 40.29622, -118.845 40.30699, -118.8445 40.31284, -118.844 40.31242, -118.8435 40.30521, -118.843 40.2916, -118.8425 40.27286, -118.842 40.25094, -118.8415 40.22823, -118.841 40.20719, -118.8405 40.19009, -118.84 40.17864, -118.8395 40.17379, -118.839 40.1756, -118.8385 40.18321, -118.838 40.19498, -118.8375 40.20871, -118.837 40.22192, -118.8365 40.23222, -118.836 40.23757, -118.8355 40.23664, -118.835 40.22892, -118.8345 40.21484, -118.834 40.19566, -118.8335 40.17335, -118.833 40.15029, -118.8325 40.12897, -118.832 40.11163, -118.8315 40.09997, -118.831 40.09493, -118.8305 40.09655, -118.83 40.10395, -118.8295 40.11549, -118.829 40.12894, -118.8285 40.14185, -118.828 40.1518, -118.8275 40.15678, -118.827 40.15548, -118.8265 40.14739, -118.826 40.13297, -118.8255 40.11348, -118.825 40.09091, -118.8245 40.06765, -118.824 40.04618, -118.8235 40.02873, -118.823 40.01701, -118.8225 40.01191, -118.822 40.01348, -118.8215 40.02081, -118.821 40.03225, -118.8205 40.04557, -118.82 40.05831, -118.8195 40.06805, -118.819 40.07281, -118.8185 40.07127, -118.818 40.06296, -118.8175 40.04833, -118.817 40.02868, -118.8165 40.006, -118.816 39.98268, -118.8155 39.9612, -118.815 39.9438, -118.8145 39.93214, -118.814 39.92714, -118.8135 39.92879, -118.813 39.9362, -118.8125 39.94768, -118.812 39.96102, -118.8115 39.97372, -118.811 39.98341, -118.8105 39.98808, -118.81 39.98645, -118.8095 39.97806, -118.809 39.96337, -118.8085 39.9437, -118.808 39.92105, -118.8075 39.89782, -118.807 39.87648, -118.8065 39.85926, -118.806 39.84782, -118.8055 39.84305, -118.805 39.84493, -118.8045 39.85256, -118.804 39.86423, -118.8035 39.87772, -118.803 39.89054, -118.8025 39.9003, -118.802 39.90504, -118.8015 39.90346, -118.801 39.89513, -118.8005 39.88052, -118.8 39.86098, -118.7995 39.83851, -118.799 39.8155, -118.7985 39.79444, -118.798 39.77755, -118.7975 39.76646, -118.797 39.76207, -118.7965 39.76433, -118.796 39.77231, -118.7955 39.78431, -118.795 39.79809, -118.7945 39.81116, -118.794 39.82115, -118.7935 39.82608, -118.793 39.82469, -118.7925 39.81656, -118.792 39.80217, -118.7915 39.7829, -118.791 39.76073, -118.7905 39.73809, -118.79 39.71745, -118.7895 39.70102, -118.789 39.69043, -118.7885 39.68654, -118.788 39.6893, -118.7875 39.69777, -118.787 39.71023, -118.7865 39.72443, -118.786 39.73789, -118.7855 39.74823, -118.785 39.75349, -118.7845 39.75242, -118.784 39.74461, -118.7835 39.73058, -118.783 39.71169, -118.7825 39.68996, -118.782 39.66782, -118.7815 39.64772, -118.781 39.63187, -118.7805 39.62189, -118.78 39.61864, -118.7795 39.62203, -118.779 39.63111, -118.7785 39.64415, -118.778 39.65889, -118.7775 39.67285, -118.777 39.68365, -118.7765 39.68936, -118.776 39.68872, -118.7755 39.68135, -118.775 39.66779, -118.7745 39.6494, -118.774 39.62823, -118.7735 39.60669, -118.773 39.58724, -118.7725 39.57209, -118.772 39.56284, -118.7715 39.56032, -118.771 39.56445, -118.7705 39.57424, -118.77 39.58797, -118.7695 39.60335, -118.769 39.61791, -118.7685 39.62929, -118.768 39.63554, -118.7675 39.63543, -118.767 39.6286, -118.7665 39.61561, -118.766 39.59782, -118.7655 39.5773, -118.765 39.55646, -118.7645 39.53776, -118.764 39.5234, -118.7635 39.51497, -118.763 39.51328, -118.7625 39.51823, -118.762 39.52883, -118.7615 39.54332, -118.761 39.55943, -118.7605 39.57468, -118.76 39.58671, -118.7595 39.59358, -118.759 39.59409, -118.7585 39.58789, -118.758 39.57553, -118.7575 39.55843, -118.757 39.53864, -118.7565 39.51857, -118.756 39.5007, -118.7555 39.4872, -118.755 39.47966, -118.7545 39.47887, -118.754 39.48471, -118.7535 39.49618, -118.753 39.5115, -118.7525 39.52841, -118.752 39.54441, -118.7515 39.55715, -118.751 39.56471, -118.7505 39.5659, -118.75 39.56037, -118.7495 39.54872, -118.749 39.53236, -118.7485 39.51334, -118.748 39.49411, -118.7475 39.47711, -118.747 39.46452, -118.7465 39.45792, -118.746 39.45808, -118.7455 39.46486, -118.745 39.47724, -118.7445 39.49344, -118.744 39.51119, -118.7435 39.52798, -118.743 39.54147, -118.7425 39.54976, -118.742 39.55165, -118.7415 39.54684, -118.741 39.53593, -118.7405 39.52033, -118.74 39.50213, -118.7395 39.48376, -118.739 39.46767, -118.7385 39.45602, -118.738 39.45039, -118.7375 39.45152, -118.737 39.45926, -118.7365 39.47257, -118.736 39.48967, -118.7355 39.50827, -118.735 39.52587, -118.7345 39.54012, -118.734 39.54915, -118.7335 39.55177, -118.733 39.54769, -118.7325 39.53752, -118.732 39.52271, -118.7315 39.50533, -118.731 39.48782, -118.7305 39.47264, -118.73 39.46194, -118.7295 39.45727, -118.729 39.45937, -118.7285 39.46807, -118.728 39.48232, -118.7275 39.50031, -118.727 39.51975, -118.7265 39.53815, -118.726 39.55316, -118.7255 39.56292, -118.725 39.56625, -118.7245 39.56288, -118.724 39.55345, -118.7235 39.5394, -118.723 39.52282, -118.7225 39.50616, -118.722 39.49188, -118.7215 39.4821, -118.721 39.47837, -118.7205 39.48142, -118.72 39.49105, -118.7195 39.5062, -118.719 39.52505, -118.7185 39.54531, -118.718 39.56447, -118.7175 39.58021, -118.717 39.59066, -118.7165 39.59467, -118.716 39.59198, -118.7155 39.58324, -118.715 39.56991, -118.7145 39.5541, -118.714 39.53825, -118.7135 39.52481, -118.713 39.51591, -118.7125 39.51308, -118.712 39.51702, -118.7115 39.52754, -118.711 39.54354, -118.7105 39.5632, -118.71 39.58422, -118.7095 39.60409, -118.709 39.6205, -118.7085 39.63158, -118.708 39.63621, -118.7075 39.63414, -118.707 39.62603, -118.7065 39.61336, -118.706 39.59825, -118.7055 39.58315, -118.705 39.57049, -118.7045 39.5624, -118.704 39.5604, -118.7035 39.56517, -118.703 39.57649, -118.7025 39.59327, -118.702 39.61367, -118.7015 39.63536, -118.701 39.65587, -118.7005 39.67287, -118.7 39.6845, -118.6995 39.68967, -118.699 39.68813, -118.6985 39.68057, -118.698 39.66849, -118.6975 39.654, -118.697 39.63955, -118.6965 39.62758, -118.696 39.62022, -118.6955 39.61895, -118.695 39.62446, -118.6945 39.6365, -118.694 39.65396, -118.6935 39.675, -118.693 39.69729, -118.6925 39.71833, -118.692 39.73581, -118.6915 39.74791, -118.691 39.75351, -118.6905 39.75241, -118.69 39.7453, -118.6895 39.73369, -118.689 39.71972, -118.6885 39.70582, -118.688 39.69445, -118.6875 39.6877, -118.687 39.68706, -118.6865 39.6932, -118.686 39.70585, -118.6855 39.72388, -118.685 39.74545, -118.6845 39.76821, -118.684 39.78967, -118.6835 39.80753, -118.683 39.81997, -118.6825 39.82589, -118.682 39.82511, -118.6815 39.81833, -118.681 39.80709, -118.6805 39.79351, -118.68 39.78004, -118.6795 39.76914, -118.679 39.76289, -118.6785 39.76276, -118.678 39.7694, -118.6775 39.78253, -118.677 39.80102, -118.6765 39.82298, -118.676 39.84609, -118.6755 39.86785, -118.675 39.88596, -118.6745 39.8986, -118.674 39.90472, -118.6735 39.90413, -118.673 39.89756, -118.6725 39.88654, -118.672 39.87323, -118.6715 39.86007, -118.671 39.8495, -118.6705 39.84361, -118.67 39.84386, -118.6695 39.85087, -118.669 39.86436, -118.6685 39.88315, -118.668 39.90538, -118.6675 39.9287, -118.667 39.95062, -118.6665 39.96883, -118.666 39.98156, -118.6655 39.98773, -118.665 39.98719, -118.6645 39.98069, -118.664 39.96976, -118.6635 39.95657, -118.663 39.94358, -118.6625 39.93321, -118.662 39.92755, -118.6615 39.92803, -118.661 39.93527, -118.6605 39.94896, -118.66 39.96793, -118.6595 39.99028, -118.659 40.01366, -118.6585 40.03559, -118.658 40.05378, -118.6575 40.06644, -118.657 40.07252, -118.6565 40.07189, -118.656 40.06531, -118.6555 40.05433, -118.655 40.04113, -118.6545 40.02816, -118.654 40.01785, -118.6535 40.01226, -118.653 40.01284, -118.6525 40.02016, -118.652 40.03392, -118.6515 40.05291, -118.651 40.07523, -118.6505 40.09854, -118.65 40.12034, -118.6495 40.13835, -118.649 40.1508, -118.6485 40.15665, -118.648 40.15579, -118.6475 40.14898, -118.647 40.13781, -118.6465 40.12445, -118.646 40.11136, -118.6455 40.10096, -118.645 40.09531, -118.6445 40.09584, -118.644 40.1031, -118.6435 40.11678, -118.643 40.13565, -118.6425 40.15781, -118.642 40.1809, -118.6415 40.20243, -118.641 40.22012, -118.6405 40.23221, -118.64 40.23769, -118.6395 40.23645, -118.639 40.22929, -118.6385 40.21778, -118.638 40.20412, -118.6375 40.19077, -118.637 40.18015, -118.6365 40.1743, -118.636 40.17464, -118.6355 40.18171, -118.635 40.19516, -118.6345 40.21378, -118.634 40.23564, -118.6335 40.25837, -118.633 40.27949, -118.6325 40.29672, -118.632 40.30832, -118.6315 40.3133, -118.631 40.31155, -118.6305 40.3039, -118.63 40.29193, -118.6295 40.27784, -118.629 40.2641, -118.6285 40.25312, -118.628 40.24695, -118.6275 40.24696, -118.627 40.25371, -118.6265 40.26682, -118.626 40.28506, -118.6255 40.30648, -118.625 40.32873, -118.6245 40.34931, -118.624 40.36597, -118.6235 40.37696, -118.623 40.3813, -118.6225 40.37893, -118.622 40.37066, -118.6215 40.35811, -118.621 40.34347, -118.6205 40.32922, -118.62 40.31777, -118.6195 40.31115, -118.619 40.31073, -118.6185 40.31704, -118.618 40.32969, -118.6175 40.34742, -118.617 40.36831, -118.6165 40.38996, -118.616 40.4099, -118.6155 40.42586, -118.615 40.43613, -118.6145 40.43973, -118.614 40.43662, -118.6135 40.42763, -118.613 40.41439, -118.6125 40.39911, -118.612 40.38425, -118.6115 40.37222, -118.611 40.36506, -118.6105 40.3641, -118.61 40.36987, -118.6095 40.38196, -118.609 40.3991, -118.6085 40.41934, -118.608 40.4403, -118.6075 40.4595, -118.607 40.47468, -118.6065 40.48413, -118.606 40.48691, -118.6055 40.48297, -118.605 40.47317, -118.6045 40.45916, -118.604 40.44314, -118.6035 40.42759, -118.603 40.41491, -118.6025 40.40711, -118.602 40.40554, -118.6015 40.41069, -118.601 40.42213, -118.6005 40.4386, -118.6 40.45813, -118.5995 40.47832, -118.599 40.4967, -118.5985 40.51102, -118.598 40.51958, -118.5975 40.52146, -118.597 40.51663, -118.5965 40.50596, -118.596 40.49111, -118.5955 40.47429, -118.595 40.45798, -118.5945 40.44458, -118.594 40.43609, -118.5935 40.43384, -118.593 40.43831, -118.5925 40.44906, -118.592 40.4648, -118.5915 40.48355, -118.591 40.50292, -118.5905 40.52043, -118.59 40.53384, -118.5895 40.54147, -118.589 40.5424, -118.5885 40.53663, -118.588 40.52504, -118.5875 40.5093, -118.587 40.49164, -118.5865 40.47453, -118.586 40.46037, -118.5855 40.45116, -118.585 40.4482, -118.5845 40.45195, -118.584 40.46197, -118.5835 40.47695, -118.583 40.49489, -118.5825 40.51341, -118.582 40.53002, -118.5815 40.54249, -118.581 40.54916, -118.5805 40.54912, -118.58 40.54239, -118.5795 40.52986, -118.579 40.51321, -118.5785 40.49469, -118.578 40.47677, -118.5775 40.46184, -118.577 40.45188, -118.5765 40.44819, -118.576 40.45122, -118.5755 40.4605, -118.575 40.4747, -118.5745 40.49183, -118.574 40.50949, -118.5735 40.52519, -118.573 40.53673, -118.5725 40.54243, -118.572 40.54142, -118.5715 40.53372, -118.571 40.52026, -118.5705 40.50272, -118.57 40.48334, -118.5695 40.46461, -118.569 40.44892, -118.5685 40.43823, -118.568 40.43383, -118.5675 40.43615, -118.567 40.4447, -118.5665 40.45814, -118.566 40.47447, -118.5655 40.49128, -118.565 40.5061, -118.5645 40.51672, -118.564 40.52148, -118.5635 40.51953, -118.563 40.51089, -118.5625 40.49652, -118.562 40.47811, -118.5615 40.45791, -118.561 40.43841, -118.5605 40.42198, -118.56 40.4106, -118.5595 40.40552, -118.559 40.40716, -118.5585 40.41502, -118.558 40.42774, -118.5575 40.44331, -118.557 40.45933, -118.5565 40.4733, -118.556 40.48305, -118.5555 40.48691, -118.555 40.48406, -118.5545 40.47454, -118.554 40.45931, -118.5535 40.44008, -118.553 40.41912, -118.5525 40.3989, -118.552 40.3818, -118.5515 40.36977, -118.551 40.36408, -118.5505 40.3651, -118.55 40.37233, -118.5495 40.3844, -118.549 40.39927, -118.5485 40.41455, -118.548 40.42775, -118.5475 40.43669, -118.547 40.43973, -118.5465 40.43605, -118.546 40.42572, -118.5455 40.4097, -118.545 40.38973, -118.5445 40.36808, -118.544 40.34721, -118.5435 40.32952, -118.543 40.31694, -118.5425 40.3107, -118.542 40.31119, -118.5415 40.31787, -118.541 40.32936, -118.5405 40.34363, -118.54 40.35826, -118.5395 40.37077, -118.539 40.37899, -118.5385 40.38129, -118.538 40.37687, -118.5375 40.36582, -118.537 40.34911, -118.5365 40.3285, -118.536 40.30624, -118.5355 40.28484, -118.535 40.26665, -118.5345 40.2536, -118.534 40.24693, -118.5335 40.24698, -118.533 40.25322, -118.5325 40.26424, -118.532 40.278, -118.5315 40.29207, -118.531 40.304, -118.5305 40.31161, -118.53 40.31328, -118.5295 40.30823, -118.529 40.29657, -118.5285 40.27928, -118.528 40.25813, -118.5275 40.2354, -118.527 40.21356, -118.5265 40.19499, -118.526 40.1816, -118.5255 40.1746, -118.525 40.17433, -118.5245 40.18024, -118.524 40.1909, -118.5235 40.20427, -118.523 40.21792, -118.5225 40.22939, -118.522 40.2365, -118.5215 40.23767, -118.521 40.23211, -118.5205 40.21996, -118.52 40.20222, -118.5195 40.18066, -118.519 40.15757, -118.5185 40.13543, -118.518 40.1166, -118.5175 40.10299, -118.517 40.0958, -118.5165 40.09534, -118.516 40.10105, -118.5155 40.11149, -118.515 40.1246, -118.5145 40.13795, -118.514 40.14908, -118.5135 40.15583, -118.513 40.15662, -118.5125 40.1507, -118.512 40.13819, -118.5115 40.12013, -118.511 40.0983, -118.5105 40.07499, -118.51 40.05268, -118.5095 40.03374, -118.509 40.02005, -118.5085 40.0128, -118.508 40.01229, -118.5075 40.01793, -118.507 40.02829, -118.5065 40.04127, -118.506 40.05447, -118.5055 40.06541, -118.505 40.07193, -118.5045 40.07249, -118.504 40.06633, -118.5035 40.05361, -118.503 40.03538, -118.5025 40.01342, -118.502 39.99003, -118.5015 39.9677, -118.501 39.94878, -118.5005 39.93516, -118.5 39.92799, -118.4995 39.92758, -118.499 39.9333, -118.4985 39.94371, -118.498 39.95672, -118.4975 39.96989, -118.497 39.98078, -118.4965 39.98723, -118.496 39.9877, -118.4955 39.98145, -118.495 39.96867, -118.4945 39.9504, -118.494 39.92845, -118.4935 39.90513, -118.493 39.88293, -118.4925 39.86418, -118.492 39.85076, -118.4915 39.84382, -118.491 39.84365, -118.4905 39.84959, -118.49 39.8602, -118.4895 39.87337, -118.489 39.88668, -118.4885 39.89766, -118.488 39.90417, -118.4875 39.90469, -118.487 39.8985, -118.4865 39.88579, -118.486 39.86763, -118.4855 39.84584, -118.485 39.82274, -118.4845 39.8008, -118.484 39.78236, -118.4835 39.76929, -118.483 39.76273, -118.4825 39.76292, -118.482 39.76923, -118.4815 39.78018, -118.481 39.79366, -118.4805 39.80722, -118.48 39.81843, -118.4795 39.82515, -118.479 39.82586, -118.4785 39.81987, -118.478 39.80737, -118.4775 39.78946, -118.477 39.76796, -118.4765 39.7452, -118.476 39.72367, -118.4755 39.70568, -118.475 39.6931, -118.4745 39.68703, -118.474 39.68774, -118.4735 39.69455, -118.473 39.70596, -118.4725 39.71987, -118.472 39.73384, -118.4715 39.7454, -118.471 39.75246, -118.4705 39.75349, -118.47 39.74781, -118.4695 39.73565, -118.469 39.71812, -118.4685 39.69705, -118.468 39.67477, -118.4675 39.65376, -118.467 39.63634, -118.4665 39.62436, -118.466 39.61893, -118.4655 39.62027, -118.465 39.62769, -118.4645 39.63969, -118.464 39.65416, -118.4635 39.66864, -118.463 39.68068, -118.4625 39.68818, -118.462 39.68965, -118.4615 39.68441, -118.461 39.67271, -118.4605 39.65567, -118.46 39.63513, -118.4595 39.61344, -118.459 39.59307, -118.4585 39.57634, -118.458 39.56508, -118.4575 39.56038, -118.457 39.56246, -118.4565 39.5706, -118.456 39.5833, -118.4555 39.59842, -118.455 39.61351, -118.4545 39.62614, -118.454 39.63419, -118.4535 39.63619, -118.453 39.63149, -118.4525 39.62035, -118.452 39.60389, -118.4515 39.58399, -118.451 39.56298, -118.4505 39.54334, -118.45 39.52739, -118.4495 39.51694, -118.449 39.51307, -118.4485 39.51598, -118.448 39.52493, -118.4475 39.53841, -118.447 39.55428, -118.4465 39.57007, -118.446 39.58336, -118.4455 39.59204, -118.445 39.59466, -118.4445 39.59058, -118.444 39.58007, -118.4435 39.56428, -118.443 39.54509, -118.4425 39.52484, -118.442 39.50601, -118.4415 39.49091, -118.441 39.48135, -118.4405 39.47838, -118.44 39.48217, -118.4395 39.49201, -118.439 39.50633, -118.4385 39.523, -118.438 39.53956, -118.4375 39.55357, -118.437 39.56295, -118.4365 39.56625, -118.436 39.56284, -118.4355 39.55303, -118.435 39.53796, -118.4345 39.51954, -118.434 39.5001, -118.4335 39.48214, -118.433 39.46794, -118.4325 39.45931, -118.432 39.45728, -118.4315 39.46203, -118.431 39.47278, -118.4305 39.488, -118.43 39.50552, -118.4295 39.52288, -118.429 39.53766, -118.4285 39.54777, -118.428 39.55178, -118.4275 39.54909, -118.427 39.54, -118.4265 39.52569, -118.426 39.50807, -118.4255 39.48948, -118.425 39.47241, -118.4245 39.45914, -118.424 39.45147, -118.4235 39.45041, -118.423 39.45612, -118.4225 39.46782, -118.422 39.48395, -118.4215 39.50233, -118.421 39.52052, -118.4205 39.53607, -118.42 39.54693, -118.4195 39.55167, -118.419 39.5497, -118.4185 39.54135, -118.418 39.52781, -118.4175 39.511, -118.417 39.49326, -118.4165 39.47708, -118.416 39.46475, -118.4155 39.45804, -118.415 39.45796, -118.4145 39.46463, -118.414 39.47727, -118.4135 39.4943, -118.413 39.51355, -118.4125 39.53255, -118.412 39.54887, -118.4115 39.56047, -118.411 39.56592, -118.4105 39.56466, -118.41 39.55704, -118.4095 39.54425, -118.409 39.52823, -118.4085 39.51133, -118.408 39.49603, -118.4075 39.48462, -118.407 39.47884, -118.4065 39.4797, -118.406 39.48731, -118.4055 39.50087, -118.405 39.51878, -118.4045 39.53886, -118.404 39.55863, -118.4035 39.57569, -118.403 39.58799, -118.4025 39.59412, -118.402 39.59354, -118.4015 39.5866, -118.401 39.57453, -118.4005 39.55926, -118.4 39.54315, -118.3995 39.52869, -118.399 39.51815, -118.3985 39.51326, -118.398 39.51503, -118.3975 39.52352, -118.397 39.53794, -118.3965 39.55668, -118.396 39.57753, -118.3955 39.59803, -118.395 39.61577, -118.3945 39.62871, -118.394 39.63547, -118.3935 39.6355, -118.393 39.62919, -118.3925 39.61777, -118.392 39.60319, -118.3915 39.58781, -118.391 39.57411, -118.3905 39.56437, -118.39 39.56031, -118.3895 39.56291, -118.389 39.57222, -118.3885 39.58743, -118.388 39.60691, -118.3875 39.62846, -118.387 39.64962, -118.3865 39.66796, -118.386 39.68146, -118.3855 39.68876, -118.385 39.68933, -118.3845 39.68356, -118.384 39.67271, -118.3835 39.65873, -118.383 39.64399, -118.3825 39.63099, -118.382 39.62196, -118.3815 39.61864, -118.381 39.62197, -118.3805 39.63201, -118.38 39.64791, -118.3795 39.66805, -118.379 39.6902, -118.3785 39.71191, -118.378 39.73076, -118.3775 39.74472, -118.377 39.75246, -118.3765 39.75346, -118.376 39.74814, -118.3755 39.73776, -118.375 39.72428, -118.3745 39.71009, -118.374 39.69766, -118.3735 39.68924, -118.373 39.68654, -118.3725 39.6905, -118.372 39.70116, -118.3715 39.71765, -118.371 39.73833, -118.3705 39.76098, -118.37 39.78312, -118.3695 39.80236, -118.369 39.81668, -118.3685 39.82474, -118.368 39.82606, -118.3675 39.82106, -118.367 39.81103, -118.3665 39.79794, -118.366 39.78417, -118.3655 39.7722, -118.365 39.76427, -118.3645 39.76208, -118.364 39.76655, -118.3635 39.7777, -118.363 39.79465, -118.3625 39.81574, -118.362 39.83876, -118.3615 39.86121, -118.361 39.88071, -118.3605 39.89525, -118.36 39.90351, -118.3595 39.90502, -118.359 39.90022, -118.3585 39.89041, -118.358 39.87757, -118.3575 39.86409, -118.357 39.85245, -118.3565 39.84488, -118.356 39.84306, -118.3555 39.8479, -118.355 39.85941, -118.3545 39.87669, -118.354 39.89806, -118.3535 39.9213, -118.353 39.94393, -118.3525 39.96355, -118.352 39.97818, -118.3515 39.9865, -118.351 39.98807, -118.3505 39.98333, -118.35 39.9736, -118.3495 39.96087, -118.349 39.94754, -118.3485 39.93609, -118.348 39.92874, -118.3475 39.92715, -118.347 39.93223, -118.3465 39.94395, -118.346 39.96142, -118.3455 39.98293, -118.345 40.00625, -118.3445 40.02891, -118.344 40.04852, -118.3435 40.06309, -118.343 40.07132, -118.3425 40.07279, -118.342 40.06797, -118.3415 40.05818, -118.341 40.04543, -118.3405 40.03211, -118.34 40.02071, -118.3395 40.01343, -118.339 40.01193, -118.3385 40.0171, -118.338 40.02889, -118.3375 40.04639, -118.337 40.0679, -118.3365 40.09116, -118.336 40.11371, -118.3355 40.13315, -118.335 40.14752, -118.3345 40.15553, -118.334 40.15676, -118.3335 40.15171, -118.333 40.14172, -118.3325 40.1288, -118.332 40.11535, -118.3315 40.10384, -118.331 40.0965, -118.3305 40.09495, -118.33 40.10006, -118.3295 40.11178, -118.329 40.12918, -118.3285 40.15053, -118.328 40.1736, -118.3275 40.19589, -118.327 40.21502, -118.3265 40.22904, -118.326 40.23669, -118.3255 40.23754, -118.325 40.23213, -118.3245 40.22179, -118.324 40.20856, -118.3235 40.19484, -118.323 40.1831, -118.3225 40.17555, -118.322 40.17381, -118.3215 40.17873, -118.321 40.19024, -118.3205 40.2074, -118.32 40.22846, -118.3195 40.25119, -118.319 40.27308, -118.3185 40.29178, -118.318 40.30532, -118.3175 40.31246, -118.317 40.31281, -118.3165 40.30689, -118.316 40.29609, -118.3155 40.28241, -118.315 40.26829, -118.3145 40.25618, -118.314 40.24829, -118.3135 40.24623, -118.313 40.25083, -118.3125 40.26201, -118.312 40.2788, -118.3115 40.29945, -118.311 40.32171, -118.3105 40.34308, -118.31 40.36121, -118.3095 40.37415, -118.309 40.38066, -118.3085 40.38038, -118.308 40.37385, -118.3075 40.36244, -118.307 40.34821, -118.3065 40.33357, -118.306 40.32098, -118.3055 40.31264, -118.305 40.31014, -118.3045 40.3143, -118.304 40.32503, -118.3035 40.34133, -118.303 40.36145, -118.3025 40.38313, -118.302 40.40388, -118.3015 40.42132, -118.301 40.43355, -118.3005 40.43933, -118.3 40.43831, -118.2995 40.43105, -118.299 40.41895, -118.2985 40.40405, -118.298 40.38878, -118.2975 40.37561, -118.297 40.36671, -118.2965 40.36368, -118.296 40.36731, -118.2955 40.37748, -118.295 40.3932, -118.2945 40.4127, -118.294 40.4337, -118.2935 40.45372, -118.293 40.4704, -118.2925 40.48181, -118.292 40.48677, -118.2915 40.48492, -118.291 40.47684, -118.2905 40.46396, -118.29 40.44831, -118.2895 40.43234, -118.289 40.4185, -118.2885 40.40896, -118.288 40.40531, -118.2875 40.40832, -118.287 40.41787, -118.2865 40.43292, -118.286 40.45172, -118.2855 40.47197, -118.285 40.49118, -118.2845 40.50701, -118.284 40.51755, -118.2835 40.52161, -118.283 40.51886, -118.2825 40.50991, -118.282 40.49617, -118.2815 40.47971, -118.281 40.46296, -118.2805 40.44839, -118.28 40.43816, -118.2795 40.43383, -118.279 40.43617, -118.2785 40.44502, -118.278 40.45936, -118.2775 40.47739, -118.277 40.49683, -118.2765 40.5152, -118.276 40.53013, -118.2755 40.53974, -118.275 40.54285, -118.2745 40.53916, -118.274 40.52928, -118.2735 40.51464, -118.273 40.49733, -118.2725 40.47977, -118.272 40.46443, -118.2715 40.45346, -118.271 40.44841, -118.2705 40.45004, -118.27 40.45817, -118.2695 40.47175, -118.269 40.48899, -118.2685 40.5076, -118.268 40.52508, -118.2675 40.53908, -118.267 40.54774, -118.2665 40.54988, -118.266 40.54522, -118.2655 40.53439, -118.265 40.51883, -118.2645 40.50065, -118.264 40.48226, -118.2635 40.46614, -118.263 40.45442, -118.2625 40.44864, -118.262 40.44954, -118.2615 40.45693, -118.261 40.46976, -118.2605 40.4862, -118.26 40.50396, -118.2595 40.52054, -118.259 40.53362, -118.2585 40.54132, -118.258 40.54249, -118.2575 40.53686, -118.257 40.52508, -118.2565 40.50862, -118.256 40.48956, -118.2555 40.47036, -118.255 40.45346, -118.2545 40.441, -118.254 40.4345, -118.2535 40.43469, -118.253 40.44136, -118.2525 40.45344, -118.252 40.46909, -118.2515 40.48603, -118.251 40.50174, -118.2505 40.51391, -118.25 40.52067, -118.2495 40.52089, -118.249 40.51433, -118.2485 40.50163, -118.248 40.48428, -118.2475 40.46439, -118.247 40.44439, -118.2465 40.42675, -118.246 40.41358, -118.2455 40.40641, -118.245 40.40592, -118.2445 40.41191, -118.244 40.42327, -118.2435 40.43819, -118.243 40.45433, -118.2425 40.46922, -118.242 40.48052, -118.2415 40.48639, -118.241 40.48572, -118.2405 40.47826, -118.24 40.46469, -118.2395 40.44651, -118.239 40.42583, -118.2385 40.40511, -118.238 40.38678, -118.2375 40.37296, -118.237 40.36516, -118.2365 40.36406, -118.236 40.36942, -118.2355 40.38014, -118.235 40.39437, -118.2345 40.40979, -118.234 40.42392, -118.2335 40.43442, -118.233 40.43947, -118.2325 40.43797, -118.232 40.42969, -118.2315 40.41533, -118.231 40.39639, -118.2305 40.37501, -118.23 40.35362, -118.2295 40.33468, -118.229 40.3203, -118.2285 40.31196, -118.228 40.31032, -118.2275 40.31514, -118.227 40.32529, -118.2265 40.33893, -118.226 40.35371, -118.2255 40.36716, -118.225 40.37695, -118.2245 40.38127, -118.224 40.37902, -118.2235 40.37002, -118.223 40.35495, -118.2225 40.33536, -118.222 40.31336, -118.2215 40.29142, -118.221 40.27197, -118.2205 40.25711, -118.22 40.24832, -118.2195 40.24625, -118.219 40.25063, -118.2185 40.26032, -118.218 40.27346, -118.2175 40.28771, -118.217 40.30058, -118.2165 40.30977, -118.216 40.31346, -118.2155 40.31058, -118.215 40.30096, -118.2145 40.2853, -118.214 40.26516, -118.2135 40.24266, -118.213 40.22027, -118.2125 40.20042, -118.212 40.18521, -118.2115 40.17609, -118.211 40.1737, -118.2105 40.17776, -118.21 40.18711, -118.2095 40.19986, -118.209 40.2137, -118.2085 40.22611, -118.208 40.23482, -118.2075 40.238, -118.207 40.23462, -118.2065 40.2245, -118.206 40.20838, -118.2055 40.18781, -118.205 40.16494, -118.2045 40.14223, -118.204 40.12211, -118.2035 40.10667, -118.203 40.09735, -118.2025 40.09477, -118.202 40.09863, -118.2015 40.10776, -118.201 40.12028, -118.2005 40.13382, -118.2 40.14592, -118.1995 40.15427, -118.199 40.15708, -118.1985 40.15332, -118.198 40.14284, -118.1975 40.12639, -118.197 40.10553, -118.1965 40.08242, -118.196 40.05953, -118.1955 40.03928, -118.195 40.02375, -118.1945 40.01437, -118.194 40.01174, -118.1935 40.01554, -118.193 40.02459, -118.1925 40.037, -118.192 40.0504, -118.1915 40.06231, -118.191 40.07044, -118.1905 40.07303, -118.19 40.06903, -118.1895 40.05833, -118.189 40.04169, -118.1885 40.02068, -118.188 39.99748, -118.1875 39.97455, -118.187 39.95431, -118.1865 39.93884, -118.186 39.92954, -118.1855 39.927, -118.185 39.93088, -118.1845 39.94, -118.184 39.95244, -118.1835 39.96583, -118.183 39.9777, -118.1825 39.98577, -118.182 39.98826, -118.1815 39.98418, -118.181 39.9734, -118.1805 39.95671, -118.18 39.93571, -118.1795 39.91256, -118.179 39.88973, -118.1785 39.86965, -118.178 39.85437, -118.1775 39.8453, -118.177 39.84299, -118.1765 39.84711, -118.176 39.85643, -118.1755 39.86904, -118.175 39.88258, -118.1745 39.89455, -118.174 39.90269, -118.1735 39.90524, -118.173 39.90121, -118.1725 39.8905, -118.172 39.87391, -118.1715 39.85304, -118.171 39.83009, -118.1705 39.80751, -118.17 39.78773, -118.1695 39.77279, -118.169 39.76408, -118.1685 39.76215, -118.168 39.76664, -118.1675 39.77631, -118.167 39.78923, -118.1665 39.80304, -118.166 39.81526, -118.1655 39.82361, -118.165 39.82635, -118.1645 39.82251, -118.164 39.812, -118.1635 39.79565, -118.163 39.77507, -118.1625 39.75244, -118.162 39.73025, -118.1615 39.7109, -118.161 39.69643, -118.1605 39.68822, -118.16 39.6868, -118.1595 39.69179, -118.159 39.70194, -118.1585 39.71531, -118.158 39.72953, -118.1575 39.74212, -118.157 39.75081, -118.1565 39.75387, -118.156 39.75035, -118.1555 39.74018, -118.155 39.72419, -118.1545 39.70401, -118.154 39.68184, -118.1535 39.66016, -118.153 39.64137, -118.1525 39.62751, -118.152 39.61992, -118.1515 39.61913, -118.151 39.62474, -118.1505 39.63549, -118.15 39.64943, -118.1495 39.66418, -118.149 39.67725, -118.1485 39.68639, -118.148 39.6899, -118.1475 39.68681, -118.147 39.67709, -118.1465 39.66158, -118.146 39.64192, -118.1455 39.62032, -118.145 39.59926, -118.1445 39.58115, -118.144 39.56799, -118.1435 39.56113, -118.143 39.56109, -118.1425 39.56743, -118.142 39.57888, -118.1415 39.59349, -118.141 39.60886, -118.1405 39.62252, -118.14 39.63223, -118.1395 39.63627, -118.139 39.63372, -118.1385 39.62454, -118.138 39.60961, -118.1375 39.59057, -118.137 39.56964, -118.1365 39.5493, -118.136 39.53195, -118.1355 39.51959, -118.135 39.51356, -118.1345 39.51434, -118.134 39.5215, -118.1335 39.53375, -118.133 39.54911, -118.1325 39.5652, -118.132 39.57953, -118.1315 39.58988, -118.131 39.59454, -118.1305 39.59261, -118.13 39.58406, -118.1295 39.56978, -118.129 39.55144, -118.1285 39.53125, -118.128 39.51171, -118.1275 39.4952, -118.127 39.48371, -118.1265 39.47858, -118.126 39.48026, -118.1255 39.4883, -118.125 39.5014, -118.1245 39.51759, -118.124 39.53445, -118.1235 39.54952, -118.123 39.56057, -118.1225 39.56592, -118.122 39.56466, -118.1215 39.55679, -118.121 39.54323, -118.1205 39.52564, -118.12 39.50625, -118.1195 39.48756, -118.119 39.47193, -118.1185 39.46138, -118.118 39.45718, -118.1175 39.45981, -118.117 39.46878, -118.1165 39.48279, -118.116 39.49984, -118.1155 39.51752, -118.115 39.53337, -118.1145 39.54516, -118.114 39.55122, -118.1135 39.55067, -118.113 39.54353, -118.1125 39.53071, -118.112 39.51391, -118.1115 39.49535, -118.111 39.47753, -118.1105 39.46283, -118.11 39.45323, -118.1095 39.45, -118.109 39.4536, -118.1085 39.46352, -118.108 39.47845, -118.1075 39.49638, -118.107 39.5149, -118.1065 39.53154, -118.106 39.54408, -118.1055 39.55088, -118.105 39.55105, -118.1045 39.54464, -118.104 39.53258, -118.1035 39.51657, -118.103 39.49886, -118.1025 39.48192, -118.102 39.46814, -118.1015 39.45949, -118.101 39.45724, -118.1005 39.4618, -118.1 39.47268, -118.0995 39.48853, -118.099 39.50733, -118.0985 39.52668, -118.098 39.5441, -118.0975 39.55739, -118.097 39.5649, -118.0965 39.56579, -118.096 39.5601, -118.0955 39.54878, -118.095 39.53355, -118.0945 39.51665, -118.094 39.50058, -118.0935 39.48771, -118.093 39.47999, -118.0925 39.47868, -118.092 39.48419, -118.0915 39.49599, -118.091 39.51273, -118.0905 39.53237, -118.09 39.55252, -118.0895 39.57069, -118.089 39.58469, -118.0885 39.59289, -118.088 39.59445, -118.0875 39.58944, -118.087 39.57883, -118.0865 39.56434, -118.086 39.54822, -118.0855 39.53297, -118.085 39.52096, -118.0845 39.51413, -118.084 39.51372, -118.0835 39.52012, -118.083 39.53279, -118.0825 39.55037, -118.082 39.5708, -118.0815 39.59169, -118.081 39.61056, -118.0805 39.62521, -118.08 39.63404, -118.0795 39.63622, -118.079 39.63183, -118.0785 39.62186, -118.078 39.60804, -118.0775 39.59264, -118.077 39.57815, -118.0765 39.56693, -118.076 39.56091, -118.0755 39.56134, -118.075 39.56856, -118.0745 39.58203, -118.074 39.60037, -118.0735 39.62152, -118.073 39.64307, -118.0725 39.66256, -118.072 39.67779, -118.0715 39.68716, -118.071 39.68987, -118.0705 39.68602, -118.07 39.67661, -118.0695 39.66338, -118.069 39.64862, -118.0685 39.6348, -118.068 39.62428, -118.0675 39.619, -118.067 39.62016, -118.0665 39.62812, -118.066 39.6423, -118.0655 39.6613, -118.065 39.68308, -118.0645 39.7052, -118.064 39.7252, -118.0635 39.7409, -118.063 39.75072, -118.0625 39.75387, -118.062 39.75046, -118.0615 39.74151, -118.061 39.72877, -118.0605 39.71453, -118.06 39.70128, -118.0595 39.69137, -118.059 39.68671, -118.0585 39.6885, -118.058 39.69708, -118.0575 39.71185, -118.057 39.73142, -118.0565 39.7537, -118.056 39.77627, -118.0555 39.79668, -118.055 39.81275, -118.0545 39.8229, -118.054 39.82637, -118.0535 39.82328, -118.053 39.81467, -118.0525 39.8023, -118.052 39.78847, -118.0515 39.77567, -118.051 39.76624, -118.0505 39.76208, -118.05 39.76438, -118.0495 39.77346, -118.049 39.78871, -118.0485 39.8087, -118.048 39.83137, -118.0475 39.85427, -118.047 39.87495, -118.0465 39.89125, -118.046 39.90161, -118.0455 39.90527, -118.045 39.90237, -118.0445 39.89397, -118.044 39.88185, -118.0435 39.8683, -118.043 39.85581, -118.0425 39.84673, -118.042 39.84294, -118.0415 39.84562, -118.041 39.85506, -118.0405 39.87065, -118.04 39.89094, -118.0395 39.91385, -118.039 39.93694, -118.0385 39.95776, -118.038 39.97416, -118.0375 39.98458, -118.037 39.98829, -118.0365 39.98546, -118.036 39.97713, -118.0355 39.96511, -118.035 39.9517, -118.0345 39.93939, -118.034 39.93052, -118.0335 39.92696, -118.033 39.92987, -118.0325 39.93954, -118.032 39.95532, -118.0315 39.97576, -118.031 39.99878, -118.0305 40.02192, -118.03 40.04274, -118.0295 40.05909, -118.029 40.06943, -118.0285 40.07305, -118.028 40.07013, -118.0275 40.06173, -118.027 40.04967, -118.0265 40.03626, -118.026 40.02399, -118.0255 40.01518, -118.025 40.01171, -118.0245 40.01471, -118.024 40.02446, -118.0235 40.04029, -118.023 40.06074, -118.0225 40.08371, -118.022 40.10676, -118.0215 40.12743, -118.021 40.14358, -118.0205 40.15371, -118.02 40.15709, -118.0195 40.15394, -118.019 40.14533, -118.0185 40.13309, -118.018 40.11954, -118.0175 40.10715, -118.017 40.09827, -118.0165 40.09474, -118.016 40.09769, -118.0155 40.10737, -118.015 40.12311, -118.0145 40.14343, -118.014 40.16622, -118.0135 40.18902, -118.013 40.2094, -118.0125 40.22522, -118.012 40.23499, -118.0115 40.23799, -118.011 40.23447, -118.0105 40.22551, -118.01 40.21295, -118.0095 40.19911, -118.009 40.18648, -118.0085 40.17738, -118.008 40.17366, -118.0075 40.17642, -118.007 40.1859, -118.0065 40.20141, -118.006 40.22146, -118.0055 40.24392, -118.005 40.26635, -118.0045 40.2863, -118.004 40.30166, -118.0035 40.31092, -118.003 40.31342, -118.0025 40.30939, -118.002 40.29995, -118.0015 40.28694, -118.001 40.27268, -118.0005 40.25968, -118 40.25024, -117.9995 40.24619, -117.999 40.24863, -117.9985 40.25778, -117.998 40.27293, -117.9975 40.29258, -117.997 40.31459, -117.9965 40.33652, -117.996 40.35592, -117.9955 40.37068, -117.995 40.37933, -117.9945 40.38119, -117.994 40.37654, -117.9935 40.36649, -117.993 40.35291, -117.9925 40.33812, -117.992 40.32462, -117.9915 40.31472, -117.991 40.31023, -117.9905 40.31224, -117.99 40.32094, -117.9895 40.33563, -117.989 40.35476, -117.9885 40.37621, -117.988 40.39752, -117.9875 40.41625, -117.987 40.43031, -117.9865 40.43823, -117.986 40.43936, -117.9855 40.43397, -117.985 40.42321, -117.9845 40.40896, -117.984 40.39353, -117.9835 40.37944, -117.983 40.36897, -117.9825 40.36395, -117.982 40.36542, -117.9815 40.37358, -117.981 40.38769, -117.9805 40.40621, -117.98 40.427, -117.9795 40.4476, -117.979 40.46557, -117.9785 40.47884, -117.978 40.48593, -117.9775 40.48623, -117.977 40.48002, -117.9765 40.46847, -117.976 40.45345, -117.9755 40.43731, -117.975 40.42253, -117.9745 40.41142, -117.974 40.40577, -117.9735 40.40663, -117.973 40.41416, -117.9725 40.42762, -117.972 40.44546, -117.9715 40.46551, -117.971 40.48532, -117.9705 40.50247, -117.97 40.51486, -117.9695 40.52106, -117.969 40.52046, -117.9685 40.51336, -117.968 40.50095, -117.9675 40.4851, -117.967 40.46818, -117.9665 40.45266, -117.966 40.44084, -117.9655 40.43451, -117.965 40.43469, -117.9645 40.44154, -117.964 40.45429, -117.9635 40.47138, -117.963 40.49064, -117.9625 40.50961, -117.962 40.52587, -117.9615 40.53734, -117.961 40.5426, -117.9605 40.54106, -117.96 40.53303, -117.9595 40.5197, -117.959 40.50299, -117.9585 40.48524, -117.958 40.46894, -117.9575 40.45637, -117.957 40.44932, -117.9565 40.44879, -117.956 40.45492, -117.9555 40.46693, -117.955 40.48324, -117.9545 40.50168, -117.954 40.51978, -117.9535 40.53512, -117.953 40.54565, -117.9525 40.54994, -117.952 40.54742, -117.9515 40.53843, -117.951 40.52418, -117.9505 40.50658, -117.95 40.48799, -117.9495 40.47089, -117.949 40.45756, -117.9485 40.44977, -117.948 40.44852, -117.9475 40.45392, -117.947 40.46518, -117.9465 40.4807, -117.946 40.49831, -117.9455 40.51554, -117.945 40.52996, -117.9445 40.53954, -117.944 40.54286, -117.9435 40.53937, -117.943 40.52943, -117.9425 40.51425, -117.942 40.49577, -117.9415 40.47634, -117.941 40.45845, -117.9405 40.44438, -117.94 40.43586, -117.9395 40.4339, -117.939 40.43858, -117.9385 40.4491, -117.938 40.46385, -117.9375 40.48065, -117.937 40.49701, -117.9365 40.51054, -117.936 40.51919, -117.9355 40.52157, -117.935 40.51713, -117.9345 40.50626, -117.934 40.49019, -117.9335 40.47085, -117.933 40.45062, -117.9325 40.43198, -117.932 40.41718, -117.9315 40.40798, -117.931 40.40534, -117.9305 40.40935, -117.93 40.41917, -117.9295 40.43318, -117.929 40.44921, -117.9285 40.46476, -117.928 40.47743, -117.9275 40.48519, -117.927 40.48667, -117.9265 40.48135, -117.926 40.4696, -117.9255 40.45268, -117.925 40.43255, -117.9245 40.41156, -117.924 40.39222, -117.9235 40.37677, -117.923 40.36693, -117.9225 40.36368, -117.922 40.36706, -117.9215 40.37625, -117.921 40.38959, -117.9205 40.4049, -117.92 40.41971, -117.9195 40.43159, -117.919 40.43854, -117.9185 40.43919, -117.918 40.43304, -117.9175 40.42048, -117.917 40.4028, -117.9165 40.38194, -117.916 40.36028, -117.9155 40.34031, -117.915 40.32428, -117.9145 40.3139, -117.914 40.31011, -117.9135 40.31296, -117.913 40.32158, -117.9125 40.33434, -117.912 40.34903, -117.9115 40.36317, -117.911 40.37435, -117.9105 40.38057, -117.91 40.38048, -117.9095 40.37359, -117.909 40.36033, -117.9085 40.34197, -117.908 40.32048, -117.9075 40.29825, -117.907 40.27775, -117.9065 40.26124, -117.906 40.2504, -117.9055 40.24618, -117.905 40.24859, -117.9045 40.25676, -117.904 40.26904, -117.9035 40.2832, -117.903 40.29678, -117.9025 40.30736, -117.902 40.31296, -117.9015 40.31224, -117.901 40.30473, -117.9005 40.29086, -117.9 40.27194, -117.8995 40.24993, -117.899 40.22724, -117.8985 40.20633, -117.898 40.18945, -117.8975 40.17828, -117.897 40.17373, -117.8965 40.17582, -117.896 40.18366, -117.8955 40.19557, -117.895 40.20933, -117.8945 40.22246, -117.894 40.23257, -117.8935 40.23767, -117.893 40.23644, -117.8925 40.22843, -117.892 40.21408, -117.8915 40.19472, -117.891 40.17232, -117.8905 40.14929, -117.89 40.1281, -117.8895 40.11098, -117.889 40.0996, -117.8885 40.09486, -117.888 40.09676, -117.8875 40.10439, -117.887 40.11606, -117.8865 40.12955, -117.886 40.14237, -117.8855 40.15214, -117.885 40.15687, -117.8845 40.15526, -117.884 40.14688, -117.8835 40.13219, -117.883 40.11253, -117.8825 40.08988, -117.882 40.06664, -117.8815 40.04531, -117.881 40.02808, -117.8805 40.01664, -117.88 40.01184, -117.8795 40.01369, -117.879 40.02124, -117.8785 40.03282, -117.878 40.04617, -117.8775 40.05882, -117.877 40.06838, -117.8765 40.07289, -117.876 40.07105, -117.8755 40.06244, -117.875 40.04755, -117.8745 40.02772, -117.874 40.00496, -117.8735 39.98167, -117.873 39.96033, -117.8725 39.94315, -117.872 39.93177, -117.8715 39.92707, -117.871 39.929, -117.8705 39.93663, -117.87 39.94825, -117.8695 39.96161, -117.869 39.97423, -117.8685 39.98373, -117.868 39.98815, -117.8675 39.98622, -117.867 39.97753, -117.8665 39.96259, -117.866 39.94274, -117.8655 39.92002, -117.865 39.89682, -117.8645 39.87561, -117.864 39.85862, -117.8635 39.84746, -117.863 39.84299, -117.8625 39.84516, -117.862 39.853, -117.8615 39.86481, -117.861 39.87832, -117.8605 39.89105, -117.86 39.90063, -117.8595 39.90511, -117.859 39.90323, -117.8585 39.8946, -117.858 39.87975, -117.8575 39.86003, -117.857 39.83748, -117.8565 39.81451, -117.856 39.79359, -117.8555 39.77692, -117.855 39.76612, -117.8545 39.76203, -117.854 39.76457, -117.8535 39.77277, -117.853 39.7849, -117.8525 39.7987, -117.852 39.81169, -117.8515 39.82149, -117.851 39.82616, -117.8505 39.82447, -117.85 39.81604, -117.8495 39.80141, -117.849 39.78196, -117.8485 39.75972, -117.848 39.73712, -117.8475 39.71662, -117.847 39.70041, -117.8465 39.69011, -117.846 39.68652, -117.8455 39.68957, -117.845 39.69826, -117.8445 39.71084, -117.844 39.72507, -117.8435 39.73843, -117.843 39.74858, -117.8425 39.75358, -117.842 39.75221, -117.8415 39.74411, -117.841 39.72983, -117.8405 39.71077, -117.84 39.68897, -117.8395 39.66686, -117.839 39.64691, -117.8385 39.63129, -117.838 39.6216, -117.8375 39.61865, -117.837 39.62232, -117.8365 39.63162, -117.836 39.64478, -117.8355 39.65954, -117.835 39.67341, -117.8345 39.68402, -117.834 39.68947, -117.8335 39.68853, -117.833 39.68087, -117.8325 39.66706, -117.832 39.6485, -117.8315 39.62726, -117.831 39.60576, -117.8305 39.58646, -117.83 39.57154, -117.8295 39.56258, -117.829 39.56037, -117.8285 39.56477, -117.828 39.57479, -117.8275 39.58863, -117.827 39.60403, -117.8265 39.6185, -117.826 39.62968, -117.8255 39.63567, -117.825 39.63527, -117.8245 39.62815, -117.824 39.6149, -117.8235 39.59695, -117.823 39.57637, -117.8225 39.55557, -117.822 39.53702, -117.8215 39.52289, -117.821 39.51475, -117.8205 39.51336, -117.82 39.51859, -117.8195 39.5294, -117.819 39.54402, -117.8185 39.56015, -117.818 39.5753, -117.8175 39.58713, -117.817 39.59375, -117.8165 39.59396, -117.816 39.58746, -117.8155 39.57486, -117.815 39.55759, -117.8145 39.53773, -117.814 39.51771, -117.8135 39.49999, -117.813 39.48673, -117.8125 39.47948, -117.812 39.47899, -117.8115 39.48511, -117.811 39.49679, -117.8105 39.51224, -117.81 39.52916, -117.8095 39.54506, -117.809 39.55761, -117.8085 39.56491, -117.808 39.56579, -117.8075 39.55998, -117.807 39.54808, -117.8065 39.53155, -117.806 39.51247, -117.8055 39.49329, -117.805 39.47644, -117.8045 39.46409, -117.804 39.45778, -117.8035 39.45824, -117.803 39.4653, -117.8025 39.47789, -117.802 39.49422, -117.8015 39.51197, -117.801 39.52866, -117.8005 39.54196, -117.8 39.54998, -117.7995 39.55158, -117.799 39.54648, -117.7985 39.53532, -117.798 39.51956, -117.7975 39.5013, -117.797 39.48298, -117.7965 39.46704, -117.796 39.45564, -117.7955 39.45029, -117.795 39.45172, -117.7945 39.45974, -117.794 39.47327, -117.7935 39.49049, -117.793 39.50909, -117.7925 39.52659, -117.792 39.54065, -117.7915 39.54941, -117.791 39.55173, -117.7905 39.54736, -117.79 39.53695, -117.7895 39.52197, -117.789 39.50454, -117.7885 39.48708, -117.788 39.47206, -117.7875 39.4616, -117.787 39.45722, -117.7865 39.45962, -117.786 39.4686, -117.7855 39.48305, -117.785 39.50116, -117.7845 39.52061, -117.784 39.5389, -117.7835 39.55372, -117.783 39.5632, -117.7825 39.56624, -117.782 39.56259, -117.7815 39.55291, -117.781 39.5387, -117.7805 39.52207, -117.78 39.50546, -117.7795 39.49133, -117.779 39.4818, -117.7785 39.47836, -117.778 39.48171, -117.7775 39.49162, -117.777 39.50697, -117.7765 39.52594, -117.776 39.5462, -117.7755 39.56526, -117.775 39.5808, -117.7745 39.59098, -117.774 39.59469, -117.7735 39.59171, -117.773 39.58273, -117.7725 39.56924, -117.772 39.55338, -117.7715 39.53759, -117.771 39.5243, -117.7705 39.51565, -117.77 39.51311, -117.7695 39.51736, -117.769 39.52814, -117.7685 39.54435, -117.768 39.56413, -117.7675 39.58514, -117.767 39.60491, -117.7665 39.62111, -117.766 39.63193, -117.7655 39.63626, -117.765 39.6339, -117.7645 39.62555, -117.764 39.61273, -117.7635 39.59757, -117.763 39.58252, -117.7625 39.57002, -117.762 39.56217, -117.7615 39.56046, -117.761 39.56553, -117.7605 39.57713, -117.76 39.59411, -117.7595 39.61462, -117.759 39.63632, -117.7585 39.65672, -117.758 39.67351, -117.7575 39.68487, -117.757 39.68974, -117.7565 39.68792, -117.756 39.68012, -117.7555 39.66788, -117.755 39.65334, -117.7545 39.63895, -117.754 39.62715, -117.7535 39.62003, -117.753 39.61905, -117.7525 39.62486, -117.752 39.63717, -117.7515 39.65484, -117.751 39.67598, -117.7505 39.69827, -117.75 39.7192, -117.7495 39.73648, -117.749 39.7483, -117.7485 39.7536, -117.748 39.75221, -117.7475 39.74487, -117.747 39.73311, -117.7465 39.71908, -117.746 39.70524, -117.7455 39.69403, -117.745 39.68753, -117.7445 39.68719, -117.744 39.69363, -117.7435 39.70655, -117.743 39.72478, -117.7425 39.74645, -117.742 39.7692, -117.7415 39.79056, -117.741 39.80821, -117.7405 39.82037, -117.74 39.826, -117.7395 39.82493, -117.739 39.81792, -117.7385 39.80652, -117.738 39.79289, -117.7375 39.77949, -117.737 39.76875, -117.7365 39.76274, -117.736 39.76291, -117.7355 39.76985, -117.735 39.78325, -117.7345 39.80193, -117.734 39.824, -117.7335 39.8471, -117.733 39.86875, -117.7325 39.88664, -117.732 39.89902, -117.7315 39.90484, -117.731 39.90396, -117.7305 39.89715, -117.73 39.88598, -117.7295 39.87262, -117.729 39.85953, -117.7285 39.84913, -117.728 39.84349, -117.7275 39.84403, -117.727 39.85134, -117.7265 39.86509, -117.726 39.88408, -117.7255 39.90641, -117.725 39.92972, -117.7245 39.95152, -117.724 39.96953, -117.7235 39.98197, -117.723 39.98785, -117.7225 39.98702, -117.722 39.98028, -117.7215 39.96921, -117.721 39.95597, -117.7205 39.94305, -117.72 39.93285, -117.7195 39.92743, -117.719 39.92821, -117.7185 39.93575, -117.718 39.9497, -117.7175 39.96886, -117.717 39.99131, -117.7165 40.01469, -117.716 40.0365, -117.7155 40.05447, -117.715 40.06685, -117.7145 40.07263, -117.714 40.07172, -117.7135 40.0649, -117.713 40.05378, -117.7125 40.04053, -117.712 40.02763, -117.7115 40.01748, -117.711 40.01215, -117.7105 40.01302, -117.71 40.02064, -117.7095 40.03466, -117.709 40.05384, -117.7085 40.07627, -117.708 40.09956, -117.7075 40.12124, -117.707 40.13903, -117.7065 40.1512, -117.706 40.15675, -117.7055 40.1556, -117.705 40.14856, -117.7045 40.13725, -117.704 40.12385, -117.7035 40.11082, -117.703 40.10059, -117.7025 40.0952, -117.702 40.09602, -117.7015 40.10358, -117.701 40.11752, -117.7005 40.13658, -117.7 40.15884, -117.6995 40.18191, -117.699 40.20331, -117.6985 40.22078, -117.698 40.23259, -117.6975 40.23777, -117.697 40.23625, -117.6965 40.22885, -117.696 40.21721, -117.6955 40.20351, -117.695 40.19023, -117.6945 40.17977, -117.694 40.17418, -117.6935 40.17481, -117.693 40.18218, -117.6925 40.19589, -117.692 40.2147, -117.6915 40.23665, -117.691 40.25936, -117.6905 40.28035, -117.69 40.29737, -117.6895 40.30869, -117.689 40.31336, -117.6885 40.31133, -117.688 40.30344, -117.6875 40.29133, -117.687 40.27721, -117.6865 40.26354, -117.686 40.25273, -117.6855 40.24681, -117.685 40.24712, -117.6845 40.25416, -117.684 40.26753, -117.6835 40.28596, -117.683 40.30747, -117.6825 40.3297, -117.682 40.35015, -117.6815 40.36659, -117.681 40.37729, -117.6805 40.38134, -117.68 40.37868, -117.6795 40.37017, -117.679 40.35748, -117.6785 40.34281, -117.678 40.32864, -117.6775 40.31736, -117.677 40.31099, -117.6765 40.31087, -117.676 40.31747, -117.6755 40.33038, -117.675 40.3483, -117.6745 40.36927, -117.674 40.3909, -117.6735 40.4107, -117.673 40.42645, -117.6725 40.43643, -117.672 40.43974, -117.6715 40.43634, -117.671 40.42712, -117.6705 40.41374, -117.67 40.39842, -117.6695 40.38364, -117.669 40.37179, -117.6685 40.36488, -117.668 40.36421, -117.6675 40.37028, -117.667 40.38263, -117.6665 40.39995, -117.666 40.42028, -117.6655 40.44121, -117.665 40.46027, -117.6645 40.47523, -117.664 40.4844, -117.6635 40.48687, -117.663 40.48265, -117.6625 40.47263, -117.662 40.45847, -117.6615 40.44242, -117.661 40.42695, -117.6605 40.41444, -117.66 40.4069, -117.6595 40.40562, -117.659 40.41107, -117.6585 40.42277, -117.658 40.43942, -117.6575 40.45903, -117.657 40.47919, -117.6565 40.49743, -117.656 40.51153, -117.6555 40.51981, -117.655 40.52139, -117.6545 40.51627, -117.654 40.50538, -117.6535 40.49038, -117.653 40.47353, -117.6525 40.4573, -117.652 40.44408, -117.6515 40.43585, -117.651 40.4339, -117.6505 40.43866, -117.65 40.44967, -117.6495 40.46559, -117.649 40.48442, -117.6485 40.50375, -117.648 40.52112, -117.6475 40.53431, -117.647 40.54166, -117.6465 40.54229, -117.646 40.53623, -117.6455 40.52442, -117.645 40.50854, -117.6445 40.49085, -117.644 40.47382, -117.6435 40.45985, -117.643 40.45089, -117.6425 40.44822, -117.642 40.45227, -117.6415 40.46255, -117.641 40.4777, -117.6405 40.49572, -117.64 40.5142, -117.6395 40.53067, -117.639 40.54292, -117.6385 40.5493, -117.638 40.54896, -117.6375 40.54194, -117.637 40.52919, -117.6365 40.51241, -117.636 40.49386, -117.6355 40.47603, -117.635 40.46128, -117.6345 40.45158, -117.634 40.44819, -117.6335 40.45151, -117.633 40.46104, -117.6325 40.47542, -117.632 40.49262, -117.6315 40.51024, -117.631 40.52581, -117.6305 40.53711, -117.63 40.54253, -117.6295 40.54122, -117.629 40.53324, -117.6285 40.51955, -117.628 40.50188, -117.6275 40.48248, -117.627 40.46384, -117.6265 40.44833, -117.626 40.43789, -117.6255 40.43379, -117.625 40.4364, -117.6245 40.4452, -117.624 40.45882, -117.6235 40.47522, -117.623 40.492, -117.6225 40.50668, -117.622 40.51706, -117.6215 40.52154, -117.621 40.51928, -117.6205 40.51037, -117.62 40.49577, -117.6195 40.47723, -117.619 40.45701, -117.6185 40.4376, -117.618 40.42136, -117.6175 40.41023, -117.617 40.40545, -117.6165 40.40738, -117.616 40.41549, -117.6155 40.42839, -117.615 40.44403, -117.6145 40.46001, -117.614 40.47384, -117.6135 40.48335, -117.613 40.48693, -117.6125 40.48378, -117.612 40.47398, -117.6115 40.45853, -117.611 40.43917, -117.6105 40.41819, -117.61 40.39806, -117.6095 40.38115, -117.609 40.36938, -117.6085 40.36398, -117.608 40.3653, -117.6075 40.37278, -117.607 40.38501, -117.6065 40.39996, -117.606 40.4152, -117.6055 40.42826, -117.605 40.43696, -117.6045 40.43971, -117.604 40.43573, -117.6035 40.42512, -117.603 40.40888, -117.6025 40.38879, -117.602 40.36711, -117.6015 40.34635, -117.601 40.32884, -117.6005 40.31652, -117.6 40.31058, -117.5995 40.31136, -117.599 40.31829, -117.5985 40.32996, -117.598 40.34429, -117.5975 40.35887, -117.597 40.37124, -117.5965 40.37922, -117.596 40.38124, -117.5955 40.37652, -117.595 40.36519, -117.5945 40.34826, -117.594 40.32753, -117.5935 40.30526, -117.593 40.28395, -117.5925 40.26595, -117.592 40.25317, -117.5915 40.24679, -117.591 40.24714, -117.5905 40.25362, -117.59 40.26481, -117.5895 40.27863, -117.589 40.29267, -117.5885 40.30445, -117.588 40.31182, -117.5875 40.3132, -117.587 40.30785, -117.5865 40.29591, -117.586 40.27841, -117.5855 40.25714, -117.585 40.23439, -117.5845 40.21265, -117.584 40.19427, -117.5835 40.18114, -117.583 40.17444, -117.5825 40.17447, -117.582 40.18063, -117.5815 40.19146, -117.581 40.20489, -117.5805 40.2185, -117.58 40.22981, -117.5795 40.23668, -117.579 40.23757, -117.5785 40.23171, -117.578 40.21928, -117.5775 40.20132, -117.577 40.17965, -117.5765 40.15654, -117.576 40.13451, -117.5755 40.11587, -117.575 40.10253, -117.5745 40.09563, -117.574 40.09547, -117.5735 40.10142, -117.573 40.11203, -117.5725 40.1252, -117.572 40.13851, -117.5715 40.14949, -117.571 40.156, -117.5705 40.15651, -117.57 40.15028, -117.5695 40.13749, -117.569 40.11922, -117.5685 40.09728, -117.568 40.07396, -117.5675 40.05175, -117.567 40.03301, -117.5665 40.01958, -117.566 40.01263, -117.5655 40.01242, -117.565 40.01831, -117.5645 40.02882, -117.564 40.04187, -117.5635 40.05502, -117.563 40.0658, -117.5625 40.07209, -117.562 40.07236, -117.5615 40.0659, -117.561 40.05291, -117.5605 40.03446, -117.56 40.01239, -117.5595 39.989, -117.559 39.96677, -117.5585 39.94805, -117.558 39.9347, -117.5575 39.92783, -117.557 39.92771, -117.5565 39.93368, -117.556 39.94425, -117.5555 39.95732, -117.555 39.97044, -117.5545 39.98118, -117.554 39.98739, -117.5535 39.98757, -117.553 39.98102, -117.5525 39.96796, -117.552 39.94948, -117.5515 39.92743, -117.551 39.9041, -117.5505 39.88201, -117.55 39.86346, -117.5495 39.85031, -117.549 39.84367, -117.5485 39.84379, -117.548 39.84998, -117.5475 39.86075, -117.547 39.87398, -117.5465 39.88723, -117.546 39.89805, -117.5455 39.90433, -117.545 39.90456, -117.5445 39.89807, -117.544 39.88509, -117.5435 39.86672, -117.543 39.84483, -117.5425 39.82172, -117.542 39.79989, -117.5415 39.78166, -117.541 39.76886, -117.5405 39.76259, -117.54 39.76308, -117.5395 39.76963, -117.539 39.78074, -117.5385 39.79427, -117.538 39.80779, -117.5375 39.81884, -117.537 39.82532, -117.5365 39.82574, -117.536 39.81944, -117.5355 39.80667, -117.535 39.78856, -117.5345 39.76696, -117.534 39.7442, -117.5335 39.72278, -117.533 39.705, -117.5325 39.69268, -117.532 39.68692, -117.5315 39.68792, -117.531 39.69497, -117.5305 39.70654, -117.53 39.72051, -117.5295 39.73442, -117.529 39.74583, -117.5285 39.75264, -117.528 39.75338, -117.5275 39.7474, -117.527 39.73498, -117.5265 39.71724, -117.526 39.69607, -117.5255 39.67379, -117.525 39.65289, -117.5245 39.63568, -117.524 39.62398, -117.5235 39.61885, -117.523 39.62048, -117.5225 39.62814, -117.522 39.6403, -117.5215 39.65482, -117.521 39.66924, -117.5205 39.68113, -117.52 39.68839, -117.5195 39.68956, -117.519 39.68402, -117.5185 39.67206, -117.518 39.65481, -117.5175 39.63418, -117.517 39.61249, -117.5165 39.59223, -117.516 39.57571, -117.5155 39.56473, -117.515 39.56033, -117.5145 39.5627, -117.514 39.57108, -117.5135 39.58394, -117.513 39.59911, -117.5125 39.61415, -117.512 39.62661, -117.5115 39.63442, -117.511 39.63613, -117.5105 39.63113, -117.51 39.61972, -117.5095 39.60307, -117.509 39.58307, -117.5085 39.56206, -117.508 39.54254, -117.5075 39.5268, -117.507 39.51663, -117.5065 39.51306, -117.506 39.51625, -117.5055 39.52545, -117.505 39.53908, -117.5045 39.555, -117.504 39.57073, -117.5035 39.58385, -117.503 39.5923, -117.5025 39.59462, -117.502 39.59024, -117.5015 39.57947, -117.501 39.56349, -117.5005 39.5442, -117.5 39.52396, -117.4995 39.50525, -117.499 39.49036, -117.4985 39.48107, -117.498 39.4784, -117.4975 39.48249, -117.497 39.49256, -117.4965 39.50704, -117.496 39.52376, -117.4955 39.54026, -117.495 39.5541, -117.4945 39.56324, -117.494 39.56624, -117.4935 39.56254, -117.493 39.55246, -117.4925 39.5372, -117.492 39.51868, -117.4915 39.49926, -117.491 39.48141, -117.4905 39.46743, -117.49 39.45908, -117.4895 39.45735, -117.489 39.46238, -117.4885 39.47338, -117.488 39.48875, -117.4875 39.50631, -117.487 39.52361, -117.4865 39.53822, -117.486 39.54808, -117.4855 39.5518, -117.485 39.54881, -117.4845 39.53946, -117.484 39.52496, -117.4835 39.50725, -117.483 39.48867, -117.4825 39.47172, -117.482 39.45867, -117.4815 39.45128, -117.481 39.45052, -117.4805 39.45652, -117.48 39.46846, -117.4795 39.48473, -117.479 39.50316, -117.4785 39.52128, -117.478 39.53667, -117.4775 39.54728, -117.477 39.55172, -117.4765 39.54946, -117.476 39.54085, -117.4755 39.52712, -117.475 39.51021, -117.4745 39.49249, -117.474 39.47644, -117.4735 39.46433, -117.473 39.45789, -117.4725 39.45811, -117.472 39.46507, -117.4715 39.47795, -117.471 39.49513, -117.4705 39.51442, -117.47 39.53335, -117.4695 39.5495, -117.469 39.56085, -117.4685 39.56601, -117.468 39.56445, -117.4675 39.55657, -117.467 39.5436, -117.4665 39.52748, -117.466 39.5106, -117.4655 39.49543, -117.465 39.48423, -117.4645 39.47873, -117.464 39.4799, -117.4635 39.4878, -117.463 39.50159, -117.4625 39.51964, -117.462 39.53976, -117.4615 39.55947, -117.461 39.57635, -117.4605 39.5884, -117.46 39.59424, -117.4595 39.59336, -117.459 39.58616, -117.4585 39.57391, -117.458 39.55855, -117.4575 39.54246, -117.457 39.52812, -117.4565 39.5178, -117.456 39.5132, -117.4555 39.51526, -117.455 39.52405, -117.4545 39.5387, -117.454 39.55757, -117.4535 39.57846, -117.453 39.5989, -117.4525 39.61646, -117.452 39.62915, -117.4515 39.63561, -117.451 39.63535, -117.4505 39.62878, -117.45 39.61717, -117.4495 39.6025, -117.449 39.58714, -117.4485 39.57358, -117.448 39.56406, -117.4475 39.56028, -117.447 39.56318, -117.4465 39.57278, -117.446 39.58822, -117.4455 39.60784, -117.445 39.62943, -117.4445 39.65051, -117.444 39.66867, -117.4435 39.68193, -117.443 39.68893, -117.4425 39.6892, -117.442 39.68317, -117.4415 39.67214, -117.441 39.65807, -117.4405 39.64336, -117.44 39.63049, -117.4395 39.62168, -117.439 39.61864, -117.4385 39.62227, -117.438 39.6326, -117.4375 39.64873, -117.437 39.66901, -117.4365 39.6912, -117.436 39.71282, -117.4355 39.73149, -117.435 39.74521, -117.4345 39.75265, -117.434 39.75336, -117.4335 39.74777, -117.433 39.73721, -117.4325 39.72365, -117.432 39.70948, -117.4315 39.69718, -117.431 39.68899, -117.4305 39.68657, -117.43 39.69084, -117.4295 39.70178, -117.429 39.7185, -117.4285 39.73931, -117.428 39.76199, -117.4275 39.78405, -117.427 39.80311, -117.4265 39.81717, -117.426 39.82494, -117.4255 39.82597, -117.425 39.82071, -117.4245 39.8105, -117.424 39.79732, -117.4235 39.78358, -117.423 39.77174, -117.4225 39.76404, -117.422 39.76213, -117.4215 39.7669, -117.421 39.77834, -117.4205 39.79551, -117.42 39.81674, -117.4195 39.83978, -117.419 39.86216, -117.4185 39.88147, -117.418 39.89576, -117.4175 39.90372, -117.417 39.90494, -117.4165 39.89988, -117.416 39.88989, -117.4155 39.87697, -117.415 39.86352, -117.4145 39.85201, -117.414 39.84467, -117.4135 39.84313, -117.413 39.84828, -117.4125 39.86007, -117.412 39.87757, -117.4115 39.89907, -117.411 39.92234, -117.4105 39.94488, -117.41 39.96432, -117.4095 39.97869, -117.409 39.98672, -117.4085 39.98798, -117.408 39.98299, -117.4075 39.97308, -117.407 39.96028, -117.4065 39.94698, -117.406 39.93566, -117.4055 39.92854, -117.405 39.92724, -117.4045 39.93261, -117.404 39.94462, -117.4035 39.9623, -117.403 39.98394, -117.4025 40.00729, -117.402 40.02987, -117.4015 40.04928, -117.401 40.06359, -117.4005 40.07153, -117.4 40.07271, -117.3995 40.06763, -117.399 40.05766, -117.3985 40.04483, -117.398 40.03155, -117.3975 40.02028, -117.397 40.01323, -117.3965 40.01202, -117.396 40.01748, -117.3955 40.02956, -117.395 40.04728, -117.3945 40.06891, -117.394 40.0922, -117.3935 40.11466, -117.393 40.13391, -117.3925 40.14801, -117.392 40.15573, -117.3915 40.15666, -117.391 40.15136, -117.3905 40.14119, -117.39 40.12819, -117.3895 40.11478, -117.389 40.10341, -117.3885 40.09629, -117.388 40.09503, -117.3875 40.10044, -117.387 40.11245, -117.3865 40.13006, -117.386 40.15154, -117.3855 40.17462, -117.385 40.19682, -117.3845 40.21576, -117.384 40.22952, -117.3835 40.23687, -117.383 40.23743, -117.3825 40.23176, -117.382 40.22125, -117.3815 40.20794, -117.381 40.19426, -117.3805 40.18266, -117.38 40.17534, -117.3795 40.17388, -117.379 40.1791, -117.3785 40.19089, -117.378 40.20826, -117.3775 40.22946, -117.377 40.2522, -117.3765 40.274, -117.376 40.2925, -117.3755 40.30578, -117.375 40.31262, -117.3745 40.31267, -117.374 40.3065, -117.3735 40.29552, -117.373 40.28178, -117.3725 40.26769, -117.372 40.25573, -117.3715 40.24807, -117.371 40.24629, -117.3705 40.25119, -117.37 40.26265, -117.3695 40.27965, -117.369 40.30042, -117.3685 40.32269, -117.368 40.34397, -117.3675 40.36191, -117.367 40.37458, -117.3665 40.38079, -117.366 40.38022, -117.3655 40.37343, -117.365 40.36185, -117.3645 40.34755, -117.364 40.33295, -117.3635 40.32051, -117.363 40.31239, -117.3625 40.31018, -117.362 40.31465, -117.3615 40.32565, -117.361 40.34216, -117.3605 40.3624, -117.36 40.38409, -117.3595 40.40474, -117.359 40.42199, -117.3585 40.43395, -117.358 40.43943, -117.3575 40.43811, -117.357 40.4306, -117.3565 40.41833, -117.356 40.40336, -117.3555 40.38814, -117.355 40.37511, -117.3545 40.36645, -117.354 40.3637, -117.3535 40.36763, -117.353 40.37807, -117.3525 40.394, -117.352 40.41362, -117.3515 40.43463, -117.351 40.45455, -117.3505 40.47103, -117.35 40.48218, -117.3495 40.48683, -117.349 40.48469, -117.3485 40.47636, -117.348 40.4633, -117.3475 40.44759, -117.347 40.43166, -117.3465 40.41797, -117.346 40.40867, -117.3455 40.4053, -117.345 40.40861, -117.3445 40.41843, -117.344 40.43369, -117.3435 40.4526, -117.343 40.47286, -117.3425 40.49197, -117.342 40.50761, -117.3415 40.51788, -117.341 40.52163, -117.3405 40.51859, -117.34 40.50939, -117.3395 40.49548, -117.339 40.47895, -117.3385 40.46225, -117.338 40.44783, -117.3375 40.43784, -117.337 40.43379, -117.3365 40.43643, -117.336 40.44555, -117.3355 40.46009, -117.335 40.47824, -117.3345 40.49769, -117.334 40.51595, -117.3335 40.53068, -117.333 40.54002, -117.3325 40.54283, -117.332 40.53885, -117.3315 40.52871, -117.331 40.51391, -117.3305 40.49653, -117.33 40.47902, -117.3295 40.46384, -117.329 40.4531, -117.3285 40.44834, -117.328 40.45027, -117.3275 40.45867, -117.327 40.47245, -117.3265 40.48981, -117.326 40.50842, -117.3255 40.52579, -117.325 40.53959, -117.3245 40.54798, -117.324 40.54982, -117.3235 40.54486, -117.323 40.53378, -117.3225 40.51806, -117.322 40.49981, -117.3215 40.48148, -117.321 40.46551, -117.3205 40.45403, -117.32 40.44854, -117.3195 40.44974, -117.319 40.4574, -117.3185 40.47042, -117.318 40.48698, -117.3175 40.50474, -117.317 40.52121, -117.3165 40.53409, -117.316 40.54151, -117.3155 40.54238, -117.315 40.53646, -117.3145 40.52444, -117.314 40.50781, -117.3135 40.48869, -117.313 40.46954, -117.3125 40.4528, -117.312 40.44057, -117.3115 40.43437, -117.311 40.43485, -117.3105 40.4418, -117.31 40.45407, -117.3095 40.46984, -117.309 40.48677, -117.3085 40.50237, -117.308 40.51433, -117.3075 40.52082, -117.307 40.52074, -117.3065 40.51389, -117.306 40.50094, -117.3055 40.48343, -117.305 40.46348, -117.3045 40.44354, -117.304 40.42606, -117.3035 40.41313, -117.303 40.40624, -117.3025 40.40605, -117.302 40.41231, -117.3015 40.42388, -117.301 40.43889, -117.3005 40.45504, -117.3 40.46981, -117.2995 40.4809, -117.299 40.4865, -117.2985 40.48553, -117.298 40.47778, -117.2975 40.46397, -117.297 40.44563, -117.2965 40.4249, -117.296 40.40423, -117.2955 40.38605, -117.295 40.37248, -117.2945 40.36497, -117.294 40.36417, -117.2935 40.3698, -117.293 40.38071, -117.2925 40.39505, -117.292 40.41047, -117.2915 40.42447, -117.291 40.43477, -117.2905 40.43955, -117.29 40.43774, -117.2895 40.42917, -117.289 40.41457, -117.2885 40.39548, -117.288 40.37404, -117.2875 40.35271, -117.287 40.33393, -117.2865 40.31979, -117.286 40.31174, -117.2855 40.3104, -117.285 40.31549, -117.2845 40.32584, -117.284 40.33958, -117.2835 40.35435, -117.283 40.36768, -117.2825 40.37727, -117.282 40.38131, -117.2815 40.37876, -117.281 40.36947, -117.2805 40.35416, -117.28 40.33441, -117.2795 40.31237, -117.279 40.29048, -117.2785 40.27119, -117.278 40.25658, -117.2775 40.24809, -117.277 40.24631, -117.2765 40.25096, -117.276 40.26085, -117.2755 40.27409, -117.275 40.28833, -117.2745 40.30108, -117.274 40.31006, -117.2735 40.31347, -117.273 40.3103, -117.2725 40.30038, -117.272 40.28449, -117.2715 40.26419, -117.271 40.24165, -117.2705 40.21932, -117.27 40.19964, -117.2695 40.18467, -117.269 40.17584, -117.2685 40.17375, -117.268 40.17807, -117.2675 40.18762, -117.267 40.20047, -117.2665 40.2143, -117.266 40.2266, -117.2655 40.23509, -117.265 40.238, -117.2645 40.23431, -117.264 40.2239, -117.2635 40.20754, -117.263 40.18682, -117.2625 40.16391, -117.262 40.14126, -117.2615 40.12131, -117.261 40.10612, -117.2605 40.09709, -117.26 40.09481, -117.2595 40.09894, -117.259 40.10826, -117.2585 40.12087, -117.258 40.13441, -117.2575 40.14638, -117.257 40.15452, -117.2565 40.15706, -117.256 40.153, -117.2555 40.14223, -117.255 40.12554, -117.2545 40.10453, -117.254 40.08138, -117.2535 40.05856, -117.253 40.03848, -117.2525 40.0232, -117.252 40.01411, -117.2515 40.01178, -117.251 40.01584, -117.2505 40.02509, -117.25 40.03759, -117.2495 40.05097, -117.249 40.06276, -117.2485 40.07069, -117.248 40.07299, -117.2475 40.0687, -117.247 40.05771, -117.2465 40.04083, -117.246 40.01968, -117.2455 39.99644, -117.245 39.97358, -117.2445 39.95351, -117.244 39.93828, -117.2435 39.92928, -117.243 39.92704, -117.2425 39.93119, -117.242 39.9405, -117.2415 39.95303, -117.241 39.96641, -117.2405 39.97816, -117.24 39.98601, -117.2395 39.98823, -117.239 39.98384, -117.2385 39.97278, -117.238 39.95586, -117.2375 39.93471, -117.237 39.91152, -117.2365 39.88876, -117.236 39.86886, -117.2355 39.85383, -117.235 39.84505, -117.2345 39.84304, -117.234 39.84742, -117.2335 39.85694, -117.233 39.86964, -117.2325 39.88316, -117.232 39.89501, -117.2315 39.90293, -117.231 39.9052, -117.2305 39.90087, -117.23 39.88988, -117.2295 39.87306, -117.229 39.85205, -117.2285 39.82906, -117.228 39.80656, -117.2275 39.78695, -117.227 39.77226, -117.2265 39.76385, -117.226 39.76222, -117.2255 39.76697, -117.225 39.77683, -117.2245 39.78985, -117.224 39.80364, -117.2235 39.81573, -117.223 39.82386, -117.2225 39.82632, -117.222 39.82218, -117.2215 39.81139, -117.221 39.79481, -117.2205 39.77409, -117.22 39.75143, -117.2195 39.72931, -117.219 39.71014, -117.2185 39.69593, -117.218 39.68802, -117.2175 39.6869, -117.217 39.69215, -117.2165 39.70248, -117.216 39.71595, -117.2155 39.73015, -117.215 39.7426, -117.2145 39.75107, -117.214 39.75386, -117.2135 39.75004, -117.213 39.73958, -117.2125 39.72337, -117.212 39.70305, -117.2115 39.68085, -117.211 39.65925, -117.2105 39.64064, -117.21 39.62703, -117.2095 39.61974, -117.209 39.61925, -117.2085 39.62512, -117.208 39.63606, -117.2075 39.65009, -117.207 39.66481, -117.2065 39.67775, -117.206 39.68668, -117.2055 39.6899, -117.205 39.68652, -117.2045 39.67651, -117.204 39.66078, -117.2035 39.64098, -117.203 39.61936, -117.2025 39.59838, -117.202 39.58045, -117.2015 39.56754, -117.201 39.56099, -117.2005 39.56124, -117.2 39.56784, -117.1995 39.57948, -117.199 39.59417, -117.1985 39.60952, -117.198 39.62305, -117.1975 39.63254, -117.197 39.6363, -117.1965 39.63345, -117.196 39.62399, -117.1955 39.60884, -117.195 39.58966, -117.1945 39.56871, -117.194 39.54845, -117.1935 39.53128, -117.193 39.51918, -117.1925 39.51345, -117.192 39.51453, -117.1915 39.52195, -117.191 39.53438, -117.1905 39.54983, -117.19 39.56589, -117.1895 39.58009, -117.189 39.59022, -117.1885 39.5946, -117.188 39.59237, -117.1875 39.58354, -117.187 39.56904, -117.1865 39.55056, -117.186 39.53035, -117.1855 39.51089, -117.185 39.49457, -117.1845 39.48334, -117.184 39.47851, -117.1835 39.48048, -117.183 39.48879, -117.1825 39.50207, -117.182 39.51834, -117.1815 39.53518, -117.181 39.55012, -117.1805 39.56094, -117.18 39.566, -117.1795 39.56444, -117.179 39.5563, -117.1785 39.54252, -117.178 39.5248, -117.1775 39.50539, -117.177 39.48678, -117.1765 39.47135, -117.176 39.46105, -117.1755 39.45716, -117.175 39.46008, -117.1745 39.46931, -117.174 39.4835, -117.1735 39.50063, -117.173 39.51828, -117.1725 39.53399, -117.172 39.54556, -117.1715 39.55134, -117.171 39.55049, -117.1705 39.54307, -117.17 39.53003, -117.1695 39.5131, -117.169 39.49453, -117.1685 39.4768, -117.168 39.46229, -117.1675 39.45294, -117.167 39.45002, -117.1665 39.45391, -117.166 39.46409, -117.1655 39.4792, -117.165 39.49721, -117.1645 39.5157, -117.164 39.5322, -117.1635 39.54452, -117.163 39.55103, -117.1625 39.5509, -117.162 39.54422, -117.1615 39.53194, -117.161 39.5158, -117.1605 39.49807, -117.16 39.48122, -117.1595 39.46764, -117.159 39.45925, -117.1585 39.4573, -117.158 39.46216, -117.1575 39.47329, -117.157 39.48931, -117.1565 39.50819, -117.156 39.52751, -117.1555 39.54479, -117.155 39.55785, -117.1545 39.56509, -117.154 39.56567, -117.1535 39.55971, -117.153 39.54817, -117.1525 39.53282, -117.152 39.5159, -117.1515 39.49993, -117.151 39.48725, -117.1505 39.47979, -117.15 39.47878, -117.1495 39.48459, -117.149 39.49664, -117.1485 39.51355, -117.148 39.53328, -117.1475 39.55338, -117.147 39.57142, -117.1465 39.58519, -117.146 39.5931, -117.1455 39.59437, -117.145 39.58908, -117.1445 39.57825, -117.144 39.56364, -117.1435 39.54751, -117.143 39.53235, -117.1425 39.52053, -117.142 39.51397, -117.1415 39.51386, -117.141 39.52056, -117.1405 39.53348, -117.14 39.55123, -117.1395 39.57174, -117.139 39.59259, -117.1385 39.61131, -117.138 39.62574, -117.1375 39.63428, -117.137 39.63616, -117.1365 39.63149, -117.136 39.62131, -117.1355 39.60737, -117.135 39.59196, -117.1345 39.57756, -117.134 39.56654, -117.1335 39.56079, -117.133 39.56151, -117.1325 39.56903, -117.132 39.58276, -117.1315 39.60126, -117.131 39.62249, -117.1305 39.644, -117.13 39.66334, -117.1295 39.67833, -117.129 39.68742, -117.1285 39.68983, -117.128 39.68571, -117.1275 39.67609, -117.127 39.66274, -117.1265 39.64797, -117.126 39.63424, -117.1255 39.62393, -117.125 39.61891, -117.1245 39.62037, -117.124 39.62862, -117.1235 39.64305, -117.123 39.66223, -117.1225 39.68407, -117.122 39.70615, -117.1215 39.726, -117.121 39.74147, -117.1205 39.75101, -117.12 39.75385, -117.1195 39.75017, -117.119 39.74101, -117.1185 39.72815, -117.118 39.71391, -117.1175 39.70075, -117.117 39.69104, -117.1165 39.68664, -117.116 39.68874, -117.1155 39.69761, -117.115 39.71264, -117.1145 39.73237, -117.114 39.75471, -117.1135 39.77724, -117.113 39.7975, -117.1125 39.81333, -117.112 39.8232, -117.1115 39.82636, -117.111 39.823, -117.1105 39.81418, -117.11 39.8017, -117.1095 39.78787, -117.109 39.77516, -117.1085 39.76593, -117.108 39.76204, -117.1075 39.76464, -117.107 39.77401, -117.1065 39.78951, -117.106 39.80967, -117.1055 39.8324, -117.105 39.85525, -117.1045 39.87578, -117.104 39.89185, -117.1035 39.90192, -117.103 39.90527, -117.1025 39.90211, -117.102 39.8935, -117.1015 39.88126, -117.101 39.86771, -117.1005 39.85532, -117.1 39.84644, -117.0995 39.84292, -117.099 39.8459, -117.0985 39.85563, -117.098 39.87146, -117.0975 39.89192, -117.097 39.91489, -117.0965 39.93793, -117.096 39.9586, -117.0955 39.97476, -117.095 39.98489, -117.0945 39.9883, -117.094 39.98519, -117.0935 39.97666, -117.093 39.96453, -117.0925 39.95111, -117.092 39.93891, -117.0915 39.93024, -117.091 39.92695, -117.0905 39.93016, -117.09 39.94012, -117.0895 39.95614, -117.089 39.97675, -117.0885 39.99982, -117.088 40.02291, -117.0875 40.04357, -117.087 40.05968, -117.0865 40.06974, -117.086 40.07305, -117.0855 40.06986, -117.085 40.06126, -117.0845 40.04909, -117.084 40.03568, -117.0835 40.02351, -117.083 40.0149, -117.0825 40.0117, -117.082 40.015, -117.0815 40.02504, -117.081 40.04111, -117.0805 40.06173, -117.08 40.08475, -117.0795 40.10774, -117.079 40.12825, -117.0785 40.14417, -117.078 40.154, -117.0775 40.15709, -117.077 40.15366, -117.0765 40.14485, -117.076 40.1325, -117.0755 40.11894, -117.075 40.10667, -117.0745 40.09799, -117.074 40.09473, -117.0735 40.09798, -117.073 40.10795, -117.0725 40.12393, -117.072 40.14441, -117.0715 40.16725, -117.071 40.19, -117.0705 40.21021, -117.07 40.22579, -117.0695 40.23526, -117.069 40.23797, -117.0685 40.23417, -117.068 40.22501, -117.0675 40.21234, -117.067 40.19851, -117.0665 40.18599, -117.066 40.17709, -117.0655 40.17364, -117.065 40.1767, -117.0645 40.18647, -117.064 40.20222, -117.0635 40.22242, -117.063 40.24494, -117.0625 40.26731, -117.062 40.28709, -117.0615 40.3022, -117.061 40.31118, -117.0605 40.31337, -117.06 40.30907, -117.0595 40.29943, -117.059 40.28631, -117.0585 40.27206, -117.058 40.25917, -117.0575 40.24993, -117.057 40.24616, -117.0565 40.2489, -117.056 40.25833, -117.0555 40.27373, -117.055 40.29353, -117.0545 40.31559, -117.054 40.33745, -117.0535 40.35669, -117.053 40.3712, -117.0525 40.37955, -117.052 40.38112, -117.0515 40.37619, -117.051 40.36595, -117.0505 40.35226, -117.05 40.33748, -117.0495 40.32409, -117.049 40.3144, -117.0485 40.31018, -117.048 40.31249, -117.0475 40.32148, -117.047 40.33639, -117.0465 40.35568, -117.046 40.37718, -117.0455 40.39842, -117.045 40.41699, -117.0445 40.4308, -117.044 40.43842, -117.0435 40.43925, -117.043 40.43359, -117.0425 40.42264, -117.042 40.40828, -117.0415 40.39286, -117.041 40.37888, -117.0405 40.36862, -117.04 40.36387, -117.0395 40.36564, -117.039 40.37409, -117.0385 40.38843, -117.038 40.4071, -117.0375 40.42794, -117.037 40.44847, -117.0365 40.46628, -117.036 40.47929, -117.0355 40.48609, -117.035 40.48609, -117.0345 40.47961, -117.034 40.46786, -117.0335 40.45274, -117.033 40.43661, -117.0325 40.42195, -117.032 40.41105, -117.0315 40.40567, -117.031 40.40683, -117.0305 40.41464, -117.03 40.42834, -117.0295 40.44632, -117.029 40.46641, -117.0285 40.48616, -117.028 40.50313, -117.0275 40.51527, -117.027 40.52118, -117.0265 40.52028, -117.026 40.51291, -117.0255 40.5003, -117.025 40.48435, -117.0245 40.46744, -117.024 40.45204, -117.0235 40.44043, -117.023 40.43437, -117.0225 40.43485, -117.022 40.44199, -117.0215 40.45497, -117.021 40.4722, -117.0205 40.49151, -117.02 40.51041, -117.0195 40.5265, -117.019 40.53772, -117.0185 40.54268, -117.018 40.54083, -117.0175 40.53253, -117.017 40.51901, -117.0165 40.5022, -117.016 40.48446, -117.0155 40.46828, -117.015 40.45593, -117.0145 40.44915, -117.014 40.44892, -117.0135 40.45534, -117.013 40.46758, -117.0125 40.48403, -117.012 40.50251, -117.0115 40.52054, -117.011 40.53571, -117.0105 40.54598, -117.01 40.54997, -117.0095 40.54716, -117.009 40.5379, -117.0085 40.52346, -117.008 40.50576, -117.0075 40.48718, -117.007 40.4702, -117.0065 40.45709, -117.006 40.44957, -117.0055 40.44862, -117.005 40.45431, -117.0045 40.46579, -117.004 40.48146, -117.0035 40.4991, -117.003 40.51625, -117.0025 40.5305, -117.002 40.53982, -117.0015 40.54285, -117.001 40.53906, -117.0005 40.52886, -117 40.51349, -116.9995 40.49491, -116.999 40.47549, -116.9985 40.45773, -116.998 40.44387, -116.9975 40.43563, -116.997 40.43397, -116.9965 40.43894, -116.996 40.44968, -116.9955 40.46457, -116.995 40.4814, -116.9945 40.49769, -116.994 40.51104, -116.9935 40.51943, -116.993 40.52151, -116.9925 40.51678, -116.992 40.50565, -116.9915 40.48939, -116.991 40.46996, -116.9905 40.44974, -116.99 40.43122, -116.9895 40.41665, -116.989 40.40772, -116.9885 40.40538, -116.988 40.40967, -116.9875 40.41972, -116.987 40.43387, -116.9865 40.44992, -116.986 40.4654, -116.9855 40.47789, -116.985 40.4854, -116.9845 40.48658, -116.984 40.48095, -116.9835 40.46894, -116.983 40.45184, -116.9825 40.43161, -116.982 40.41065, -116.9815 40.39143, -116.981 40.3762, -116.9805 40.36665, -116.98 40.36369, -116.9795 40.36736, -116.979 40.37676, -116.9785 40.39025, -116.978 40.40559, -116.9775 40.42031, -116.977 40.43202, -116.9765 40.43871, -116.976 40.43906, -116.9755 40.43261, -116.975 40.4198, -116.9745 40.40192, -116.974 40.38098, -116.9735 40.35934, -116.973 40.3395, -116.9725 40.32369, -116.972 40.31359, -116.9715 40.3101, -116.971 40.31323, -116.9705 40.32208, -116.97 40.33497, -116.9695 40.34969, -116.969 40.36374, -116.9685 40.37474, -116.968 40.3807, -116.9675 40.38032, -116.967 40.37313, -116.9665 40.35961, -116.966 40.34107, -116.9655 40.31949, -116.965 40.29728, -116.9645 40.27692, -116.964 40.26063, -116.9635 40.25007, -116.963 40.24615, -116.9625 40.24884, -116.962 40.25723, -116.9615 40.26964, -116.961 40.28383, -116.9605 40.29733, -116.96 40.30773, -116.9595 40.31307, -116.959 40.31205, -116.9585 40.30424, -116.958 40.29012, -116.9575 40.27101, -116.957 40.24892, -116.9565 40.22625, -116.956 40.20548, -116.9555 40.18882, -116.955 40.17793, -116.9545 40.17369, -116.954 40.17606, -116.9535 40.18411, -116.953 40.19616, -116.9525 40.20994, -116.952 40.22299, -116.9515 40.23292, -116.951 40.23776, -116.9505 40.23623, -116.95 40.22792, -116.9495 40.21332, -116.949 40.19377, -116.9485 40.1713, -116.948 40.14829, -116.9475 40.12724, -116.947 40.11034, -116.9465 40.09925, -116.946 40.09481, -116.9455 40.09699, -116.945 40.10483, -116.9445 40.11664, -116.944 40.13015, -116.9435 40.14288, -116.943 40.15246, -116.9425 40.15694, -116.942 40.15503, -116.9415 40.14636, -116.941 40.13141, -116.9405 40.11157, -116.94 40.08884, -116.9395 40.06564, -116.939 40.04444, -116.9385 40.02744, -116.938 40.01628, -116.9375 40.01179, -116.937 40.01391, -116.9365 40.02169, -116.936 40.03339, -116.9355 40.04677, -116.935 40.05933, -116.9345 40.0687, -116.934 40.07294, -116.9335 40.07081, -116.933 40.0619, -116.9325 40.04676, -116.932 40.02676, -116.9315 40.00392, -116.931 39.98067, -116.9305 39.95946, -116.93 39.94251, -116.9295 39.93142, -116.929 39.92702, -116.9285 39.92923, -116.928 39.93708, -116.9275 39.94883, -116.927 39.96221, -116.9265 39.97474, -116.926 39.98405, -116.9255 39.98821, -116.925 39.98598, -116.9245 39.97699, -116.924 39.9618, -116.9235 39.94178, -116.923 39.91898, -116.9225 39.89581, -116.922 39.87475, -116.9215 39.85799, -116.921 39.84712, -116.9205 39.84295, -116.92 39.8454, -116.9195 39.85346, -116.919 39.86539, -116.9185 39.87892, -116.918 39.89156, -116.9175 39.90095, -116.917 39.90517, -116.9165 39.90299, -116.916 39.89407, -116.9155 39.87896, -116.915 39.85907, -116.9145 39.83645, -116.914 39.81352, -116.9135 39.79275, -116.913 39.77631, -116.9125 39.7658, -116.912 39.76201, -116.9115 39.76482, -116.911 39.77324, -116.9105 39.7855, -116.91 39.79931, -116.9095 39.81221, -116.909 39.82181, -116.9085 39.82623, -116.908 39.82424, -116.9075 39.81552, -116.907 39.80063, -116.9065 39.78101, -116.906 39.75871, -116.9055 39.73615, -116.905 39.71579, -116.9045 39.69982, -116.904 39.6898, -116.9035 39.68652, -116.903 39.68984, -116.9025 39.69875, -116.902 39.71146, -116.9015 39.7257, -116.901 39.73897, -116.9005 39.74892, -116.9 39.75366, -116.8995 39.75199, -116.899 39.7436, -116.8985 39.72907, -116.898 39.70984, -116.8975 39.68798, -116.897 39.66591, -116.8965 39.64611, -116.896 39.63073, -116.8955 39.62133, -116.895 39.61868, -116.8945 39.62263, -116.894 39.63214, -116.8935 39.64542, -116.893 39.6602, -116.8925 39.67397, -116.892 39.68439, -116.8915 39.68957, -116.891 39.68833, -116.8905 39.68038, -116.89 39.66632, -116.8895 39.6476, -116.889 39.6263, -116.8885 39.60484, -116.888 39.5857, -116.8875 39.57101, -116.887 39.56234, -116.8865 39.56043, -116.886 39.56511, -116.8855 39.57533, -116.885 39.5893, -116.8845 39.60471, -116.884 39.61909, -116.8835 39.63007, -116.883 39.6358, -116.8825 39.63509, -116.882 39.62768, -116.8815 39.61419, -116.881 39.59608, -116.8805 39.57543, -116.88 39.55468, -116.8795 39.53628, -116.879 39.52239, -116.8785 39.51454, -116.878 39.51346, -116.8775 39.51896, -116.877 39.52999, -116.8765 39.54472, -116.876 39.56086, -116.8755 39.57591, -116.875 39.58755, -116.8745 39.5939, -116.874 39.59381, -116.8735 39.58703, -116.873 39.57418, -116.8725 39.55675, -116.872 39.53683, -116.8715 39.51686, -116.871 39.4993, -116.8705 39.48627, -116.87 39.47931, -116.8695 39.47913, -116.869 39.48552, -116.8685 39.49741, -116.868 39.51298, -116.8675 39.52991, -116.867 39.54571, -116.8665 39.55805, -116.866 39.56509, -116.8655 39.56568, -116.865 39.55957, -116.8645 39.54743, -116.864 39.53074, -116.8635 39.51161, -116.863 39.49247, -116.8625 39.47579, -116.862 39.46368, -116.8615 39.45766, -116.861 39.45842, -116.8605 39.46575, -116.86 39.47856, -116.8595 39.49499, -116.859 39.51275, -116.8585 39.52934, -116.858 39.54244, -116.8575 39.55019, -116.857 39.5515, -116.8565 39.54611, -116.856 39.53471, -116.8555 39.51879, -116.855 39.50047, -116.8545 39.4822, -116.854 39.46643, -116.8535 39.45526, -116.853 39.45021, -116.8525 39.45194, -116.852 39.46024, -116.8515 39.47397, -116.851 39.4913, -116.8505 39.50991, -116.85 39.5273, -116.8495 39.54116, -116.849 39.54965, -116.8485 39.55168, -116.848 39.54702, -116.8475 39.53637, -116.847 39.52123, -116.8465 39.50374, -116.846 39.48634, -116.8455 39.47148, -116.845 39.46127, -116.8445 39.45718, -116.844 39.45988, -116.8435 39.46913, -116.843 39.48379, -116.8425 39.50201, -116.842 39.52146, -116.8415 39.53965, -116.841 39.55426, -116.8405 39.56348, -116.84 39.56622, -116.8395 39.56227, -116.839 39.55236, -116.8385 39.53799, -116.838 39.52131, -116.8375 39.50476, -116.837 39.4908, -116.8365 39.48151, -116.836 39.47836, -116.8355 39.48201, -116.835 39.49219, -116.8345 39.50775, -116.834 39.52683, -116.8335 39.54709, -116.833 39.56604, -116.8325 39.58137, -116.832 39.59128, -116.8315 39.5947, -116.831 39.59143, -116.8305 39.58221, -116.83 39.56857, -116.8295 39.55266, -116.829 39.53692, -116.8285 39.52381, -116.828 39.5154, -116.8275 39.51315, -116.827 39.5177, -116.8265 39.52876, -116.826 39.54517, -116.8255 39.56505, -116.825 39.58606, -116.8245 39.60572, -116.824 39.62172, -116.8235 39.63226, -116.823 39.63629, -116.8225 39.63364, -116.822 39.62506, -116.8215 39.61209, -116.821 39.59688, -116.8205 39.58189, -116.82 39.56956, -116.8195 39.56196, -116.819 39.56054, -116.8185 39.56592, -116.818 39.57778, -116.8175 39.59497, -116.817 39.61558, -116.8165 39.63727, -116.816 39.65756, -116.8155 39.67414, -116.815 39.68523, -116.8145 39.6898, -116.814 39.68769, -116.8135 39.67966, -116.813 39.66727, -116.8125 39.65268, -116.812 39.63835, -116.8115 39.62672, -116.811 39.61984, -116.8105 39.61916, -116.81 39.62527, -116.8095 39.63786, -116.809 39.65572, -116.8085 39.67697, -116.808 39.69924, -116.8075 39.72006, -116.807 39.73713, -116.8065 39.74868, -116.806 39.75368, -116.8055 39.75201, -116.805 39.74442, -116.8045 39.73251, -116.804 39.71844, -116.8035 39.70467, -116.803 39.69363, -116.8025 39.68738, -116.802 39.68733, -116.8015 39.69407, -116.801 39.70725, -116.8005 39.72569, -116.8 39.74746, -116.7995 39.7702, -116.799 39.79143, -116.7985 39.80888, -116.798 39.82077, -116.7975 39.82609, -116.797 39.82473, -116.7965 39.81749, -116.796 39.80594, -116.7955 39.79227, -116.795 39.77894, -116.7945 39.76837, -116.794 39.76261, -116.7935 39.76307, -116.793 39.77031, -116.7925 39.78398, -116.792 39.80286, -116.7915 39.82502, -116.791 39.84811, -116.7905 39.86964, -116.79 39.88732, -116.7895 39.89942, -116.789 39.90494, -116.7885 39.90377, -116.788 39.89673, -116.7875 39.88542, -116.787 39.87202, -116.7865 39.85899, -116.786 39.84876, -116.7855 39.84337, -116.785 39.84421, -116.7845 39.85182, -116.784 39.86583, -116.7835 39.88502, -116.783 39.90744, -116.7825 39.93074, -116.782 39.95241, -116.7815 39.97021, -116.781 39.98238, -116.7805 39.98795, -116.78 39.98684, -116.7795 39.97987, -116.779 39.96865, -116.7785 39.95537, -116.778 39.94252, -116.7775 39.93249, -116.777 39.92733, -116.7765 39.9284, -116.776 39.93624, -116.7755 39.95046, -116.775 39.96981, -116.7745 39.99235, -116.774 40.01571, -116.7735 40.03739, -116.773 40.05515, -116.7725 40.06725, -116.772 40.07273, -116.7715 40.07153, -116.771 40.06448, -116.7705 40.05322, -116.77 40.03993, -116.7695 40.0271, -116.769 40.01713, -116.7685 40.01205, -116.768 40.01321, -116.7675 40.02113, -116.767 40.03541, -116.7665 40.05479, -116.766 40.0773, -116.7655 40.10058, -116.765 40.12213, -116.7645 40.1397, -116.764 40.15159, -116.7635 40.15684, -116.763 40.15541, -116.7625 40.14814, -116.762 40.13668, -116.7615 40.12324, -116.761 40.11029, -116.7605 40.10024, -116.76 40.0951, -116.7595 40.09621, -116.759 40.10407, -116.7585 40.11827, -116.758 40.13752, -116.7575 40.15986, -116.757 40.18291, -116.7565 40.20419, -116.756 40.22144, -116.7555 40.23297, -116.755 40.23785, -116.7545 40.23604, -116.754 40.22841, -116.7535 40.21662, -116.753 40.20289, -116.7525 40.18968, -116.752 40.17941, -116.7515 40.17407, -116.751 40.17499, -116.7505 40.18266, -116.75 40.19663, -116.7495 40.21562, -116.749 40.23766, -116.7485 40.26035, -116.748 40.28121, -116.7475 40.298, -116.747 40.30904, -116.7465 40.31341, -116.746 40.3111, -116.7455 40.30298, -116.745 40.29073, -116.7445 40.27657, -116.744 40.26298, -116.7435 40.25235, -116.743 40.24668, -116.7425 40.24729, -116.742 40.25463, -116.7415 40.26826, -116.741 40.28686, -116.7405 40.30846, -116.74 40.33066, -116.7395 40.35098, -116.739 40.36719, -116.7385 40.37762, -116.738 40.38136, -116.7375 40.37841, -116.737 40.36969, -116.7365 40.35686, -116.736 40.34215, -116.7355 40.32806, -116.735 40.31696, -116.7345 40.31085, -116.734 40.31102, -116.7335 40.31792, -116.733 40.33108, -116.7325 40.34918, -116.732 40.37024, -116.7315 40.39184, -116.731 40.4115, -116.7305 40.42702, -116.73 40.43672, -116.7295 40.43972, -116.729 40.43604, -116.7285 40.4266, -116.728 40.41308, -116.7275 40.39773, -116.727 40.38303, -116.7265 40.37137, -116.726 40.36471, -116.7255 40.36434, -116.725 40.3707, -116.7245 40.3833, -116.724 40.40081, -116.7235 40.42121, -116.723 40.44211, -116.7225 40.46104, -116.722 40.47577, -116.7215 40.48465, -116.721 40.48682, -116.7205 40.48232, -116.72 40.47207, -116.7195 40.45778, -116.719 40.4417, -116.7185 40.42631, -116.718 40.41399, -116.7175 40.4067, -116.717 40.40572, -116.7165 40.41146, -116.716 40.42342, -116.7155 40.44025, -116.715 40.45993, -116.7145 40.48006, -116.714 40.49816, -116.7135 40.51203, -116.713 40.52003, -116.7125 40.5213, -116.712 40.5159, -116.7115 40.50478, -116.711 40.48966, -116.7105 40.47278, -116.71 40.45663, -116.7095 40.4436, -116.709 40.43562, -116.7085 40.43397, -116.708 40.43903, -116.7075 40.45028, -116.707 40.46638, -116.7065 40.48528, -116.706 40.50458, -116.7055 40.52181, -116.705 40.53477, -116.7045 40.54183, -116.704 40.54216, -116.7035 40.53582, -116.703 40.52378, -116.7025 40.50778, -116.702 40.49006, -116.7015 40.47312, -116.701 40.45933, -116.7005 40.45063, -116.7 40.44826, -116.6995 40.4526, -116.699 40.46313, -116.6985 40.47845, -116.698 40.49655, -116.6975 40.51499, -116.697 40.53132, -116.6965 40.54334, -116.696 40.54943, -116.6955 40.54879, -116.695 40.54149, -116.6945 40.52851, -116.694 40.51161, -116.6935 40.49304, -116.693 40.47529, -116.6925 40.46073, -116.692 40.45129, -116.6915 40.44819, -116.691 40.45181, -116.6905 40.46159, -116.69 40.47614, -116.6895 40.49341, -116.689 40.51099, -116.6885 40.52641, -116.688 40.53749, -116.6875 40.54262, -116.687 40.541, -116.6865 40.53274, -116.686 40.51884, -116.6855 40.50103, -116.685 40.48162, -116.6845 40.46306, -116.684 40.44774, -116.6835 40.43757, -116.683 40.43376, -116.6825 40.43667, -116.682 40.44572, -116.6815 40.45951, -116.681 40.47598, -116.6805 40.49271, -116.68 40.50724, -116.6795 40.5174, -116.679 40.52158, -116.6785 40.51902, -116.678 40.50983, -116.6775 40.49502, -116.677 40.47635, -116.6765 40.45611, -116.676 40.43679, -116.6755 40.42074, -116.675 40.40988, -116.6745 40.40539, -116.674 40.40762, -116.6735 40.41598, -116.673 40.42904, -116.6725 40.44475, -116.672 40.46068, -116.6715 40.47437, -116.671 40.48365, -116.6705 40.48694, -116.67 40.48348, -116.6695 40.4734, -116.669 40.45773, -116.6685 40.43826, -116.668 40.41726, -116.6675 40.39722, -116.667 40.3805, -116.6665 40.369, -116.666 40.3639, -116.6655 40.36551, -116.665 40.37323, -116.6645 40.38564, -116.664 40.40065, -116.6635 40.41584, -116.663 40.42875, -116.6625 40.43722, -116.662 40.43968, -116.6615 40.43539, -116.661 40.4245, -116.6605 40.40806, -116.66 40.38784, -116.6595 40.36615, -116.659 40.34548, -116.6585 40.32817, -116.658 40.31611, -116.6575 40.31047, -116.657 40.31155, -116.6565 40.31872, -116.656 40.33055, -116.6555 40.34495, -116.655 40.35949, -116.6545 40.3717, -116.654 40.37945, -116.6535 40.38118, -116.653 40.37615, -116.6525 40.36454, -116.652 40.34741, -116.6515 40.32655, -116.651 40.30427, -116.6505 40.28306, -116.65 40.26526, -116.6495 40.25274, -116.649 40.24666, -116.6485 40.2473, -116.648 40.25403, -116.6475 40.26538, -116.647 40.27927, -116.6465 40.29326, -116.646 40.30488, -116.6455 40.31201, -116.645 40.31311, -116.6445 40.30746, -116.644 40.29524, -116.6435 40.27753, -116.643 40.25614, -116.6425 40.23338, -116.642 40.21175, -116.6415 40.19357, -116.641 40.1807, -116.6405 40.1743, -116.64 40.17462, -116.6395 40.18102, -116.639 40.19202, -116.6385 40.20551, -116.638 40.21906, -116.6375 40.23022, -116.637 40.23686, -116.6365 40.23745, -116.636 40.23129, -116.6355 40.21858, -116.635 40.20042, -116.6345 40.17863, -116.634 40.15552, -116.6335 40.13359, -116.633 40.11516, -116.6325 40.10208, -116.632 40.09548, -116.6315 40.09562, -116.631 40.10181, -116.6305 40.11258, -116.63 40.12581, -116.6295 40.13906, -116.629 40.14989, -116.6285 40.15616, -116.628 40.15637, -116.6275 40.14984, -116.627 40.13679, -116.6265 40.11831, -116.626 40.09625, -116.6255 40.07293, -116.625 40.05083, -116.6245 40.03229, -116.624 40.01913, -116.6235 40.01248, -116.623 40.01256, -116.6225 40.01869, -116.622 40.02937, -116.6215 40.04247, -116.621 40.05556, -116.6205 40.06619, -116.62 40.07224, -116.6195 40.07222, -116.619 40.06546, -116.6185 40.05219, -116.618 40.03355, -116.6175 40.01136, -116.617 39.98797, -116.6165 39.96585, -116.616 39.94734, -116.6155 39.93425, -116.615 39.92768, -116.6145 39.92785, -116.614 39.93406, -116.6135 39.94479, -116.613 39.95792, -116.6125 39.97099, -116.612 39.98156, -116.6115 39.98753, -116.611 39.98742, -116.6105 39.98057, -116.61 39.96724, -116.6095 39.94857, -116.609 39.9264, -116.6085 39.90308, -116.608 39.88109, -116.6075 39.86275, -116.607 39.84987, -116.6065 39.84354, -116.606 39.84394, -116.6055 39.85037, -116.605 39.8613, -116.6045 39.87459, -116.604 39.88778, -116.6035 39.89844, -116.603 39.90448, -116.6025 39.90442, -116.602 39.89763, -116.6015 39.88437, -116.601 39.86581, -116.6005 39.84381, -116.6 39.8207, -116.5995 39.79899, -116.599 39.78096, -116.5985 39.76844, -116.598 39.76247, -116.5975 39.76325, -116.597 39.77005, -116.5965 39.78131, -116.596 39.79489, -116.5955 39.80835, -116.595 39.81924, -116.5945 39.82548, -116.594 39.82561, -116.5935 39.81901, -116.593 39.80597, -116.5925 39.78766, -116.592 39.76596, -116.5915 39.74321, -116.591 39.7219, -116.5905 39.70432, -116.59 39.69228, -116.5895 39.68683, -116.589 39.68811, -116.5885 39.6954, -116.588 39.70713, -116.5875 39.72115, -116.587 39.73499, -116.5865 39.74624, -116.586 39.75281, -116.5855 39.75326, -116.585 39.74698, -116.5845 39.73429, -116.584 39.71636, -116.5835 39.69508, -116.583 39.67281, -116.5825 39.65203, -116.582 39.63504, -116.5815 39.62361, -116.581 39.61878, -116.5805 39.6207, -116.58 39.6286, -116.5795 39.64091, -116.579 39.65548, -116.5785 39.66984, -116.578 39.68156, -116.5775 39.68857, -116.577 39.68946, -116.5765 39.68362, -116.576 39.67139, -116.5755 39.65395, -116.575 39.63322, -116.5745 39.61154, -116.574 39.5914, -116.5735 39.57509, -116.573 39.56439, -116.5725 39.5603, -116.572 39.56295, -116.5715 39.57157, -116.571 39.58458, -116.5705 39.5998, -116.57 39.61477, -116.5695 39.62707, -116.569 39.63463, -116.5685 39.63605, -116.568 39.63075, -116.5675 39.61908, -116.567 39.60223, -116.5665 39.58214, -116.566 39.56114, -116.5655 39.54175, -116.565 39.52622, -116.5645 39.51633, -116.564 39.51306, -116.5635 39.51654, -116.563 39.52597, -116.5625 39.53976, -116.562 39.55572, -116.5615 39.57139, -116.561 39.58434, -116.5605 39.59254, -116.56 39.59457, -116.5595 39.58989, -116.559 39.57886, -116.5585 39.56268, -116.558 39.5433, -116.5575 39.52307, -116.557 39.50449, -116.5565 39.48982, -116.556 39.48081, -116.5555 39.47844, -116.555 39.48282, -116.5545 39.49313, -116.554 39.50775, -116.5535 39.52452, -116.553 39.54094, -116.5525 39.55462, -116.552 39.56351, -116.5515 39.56622, -116.551 39.56222, -116.5505 39.55188, -116.55 39.53643, -116.5495 39.51782, -116.549 39.49841, -116.5485 39.4807, -116.548 39.46693, -116.5475 39.45885, -116.547 39.45744, -116.5465 39.46276, -116.546 39.47398, -116.5455 39.4895, -116.545 39.5071, -116.5445 39.52433, -116.544 39.53877, -116.5435 39.54839, -116.543 39.55181, -116.5425 39.54853, -116.542 39.53891, -116.5415 39.52423, -116.541 39.50642, -116.5405 39.48786, -116.54 39.47104, -116.5395 39.45821, -116.539 39.4511, -116.5385 39.45065, -116.538 39.45693, -116.5375 39.4691, -116.537 39.48552, -116.5365 39.50399, -116.536 39.52204, -116.5355 39.53725, -116.535 39.54761, -116.5345 39.55177, -116.534 39.5492, -116.5335 39.54033, -116.533 39.52642, -116.5325 39.50942, -116.532 39.49172, -116.5315 39.4758, -116.531 39.46391, -116.5305 39.45776, -116.53 39.45828, -116.5295 39.46553, -116.529 39.47864, -116.5285 39.49596, -116.528 39.51529, -116.5275 39.53414, -116.527 39.55012, -116.5265 39.56121, -116.526 39.56608, -116.5255 39.56423, -116.525 39.55609, -116.5245 39.54293, -116.524 39.52673, -116.5235 39.50987, -116.523 39.49483, -116.5225 39.48385, -116.522 39.47864, -116.5215 39.48011, -116.521 39.4883, -116.5205 39.50231, -116.52 39.52051, -116.5195 39.54066, -116.519 39.56029, -116.5185 39.57701, -116.518 39.5888, -116.5175 39.59435, -116.517 39.59317, -116.5165 39.58571, -116.516 39.57327, -116.5155 39.55783, -116.515 39.54176, -116.5145 39.52756, -116.514 39.51746, -116.5135 39.51314, -116.513 39.51551, -116.5125 39.52458, -116.512 39.53946, -116.5115 39.55848, -116.511 39.5794, -116.5105 39.59975, -116.51 39.61714, -116.5095 39.62958, -116.509 39.63574, -116.5085 39.63518, -116.508 39.62836, -116.5075 39.61657, -116.507 39.60182, -116.5065 39.58649, -116.506 39.57306, -116.5055 39.56376, -116.505 39.56027, -116.5045 39.56347, -116.504 39.57335, -116.5035 39.58902, -116.503 39.60878, -116.5025 39.6304, -116.502 39.65139, -116.5015 39.66938, -116.501 39.68238, -116.5005 39.68908, -116.5 39.68906, -116.4995 39.68278, -116.499 39.67156, -116.4985 39.65742, -116.498 39.64273, -116.4975 39.62999, -116.497 39.62141, -116.4965 39.61865, -116.496 39.62259, -116.4955 39.6332, -116.495 39.64956, -116.4945 39.66997, -116.494 39.69219, -116.4935 39.71373, -116.493 39.73222, -116.4925 39.74568, -116.492 39.75282, -116.4915 39.75323, -116.491 39.7474, -116.4905 39.73666, -116.49 39.72301, -116.4895 39.70888, -116.489 39.69672, -116.4885 39.68875, -116.488 39.68662, -116.4875 39.69119, -116.487 39.70241, -116.4865 39.71935, -116.486 39.7403, -116.4855 39.763, -116.485 39.78498, -116.4845 39.80385, -116.484 39.81766, -116.4835 39.82513, -116.483 39.82586, -116.4825 39.82035, -116.482 39.80996, -116.4815 39.79671, -116.481 39.783, -116.4805 39.7713, -116.48 39.76382, -116.4795 39.7622, -116.479 39.76727, -116.4785 39.77899, -116.478 39.79639, -116.4775 39.81774, -116.477 39.84081, -116.4765 39.86309, -116.476 39.88222, -116.4755 39.89625, -116.475 39.90392, -116.4745 39.90484, -116.474 39.89953, -116.4735 39.88936, -116.473 39.87636, -116.4725 39.86295, -116.472 39.85158, -116.4715 39.84446, -116.471 39.84322, -116.4705 39.84866, -116.47 39.86073, -116.4695 39.87845, -116.469 39.90009, -116.4685 39.92338, -116.468 39.94583, -116.4675 39.96508, -116.467 39.97919, -116.4665 39.98692, -116.466 39.98789, -116.4655 39.98264, -116.465 39.97256, -116.4645 39.95968, -116.464 39.94642, -116.4635 39.93524, -116.463 39.92834, -116.4625 39.92733, -116.462 39.93301, -116.4615 39.94529, -116.461 39.96319, -116.4605 39.98496, -116.46 40.00833, -116.4595 40.03081, -116.459 40.05004, -116.4585 40.06409, -116.458 40.07173, -116.4575 40.07261, -116.457 40.06728, -116.4565 40.05714, -116.456 40.04423, -116.4555 40.03099, -116.455 40.01986, -116.4545 40.01304, -116.454 40.01212, -116.4535 40.01788, -116.453 40.03024, -116.4525 40.04817, -116.452 40.06993, -116.4515 40.09323, -116.451 40.11559, -116.4505 40.13465, -116.45 40.1485, -116.4495 40.15591, -116.449 40.15655, -116.4485 40.151, -116.448 40.14066, -116.4475 40.12759, -116.447 40.11421, -116.4465 40.10299, -116.446 40.0961, -116.4455 40.09513, -116.445 40.10084, -116.4445 40.11312, -116.444 40.13095, -116.4435 40.15255, -116.443 40.17565, -116.4425 40.19775, -116.442 40.2165, -116.4415 40.22999, -116.441 40.23704, -116.4405 40.2373, -116.44 40.23138, -116.4395 40.2207, -116.439 40.20733, -116.4385 40.19368, -116.438 40.18223, -116.4375 40.17514, -116.437 40.17397, -116.4365 40.17949, -116.436 40.19156, -116.4355 40.20914, -116.435 40.23045, -116.4345 40.2532, -116.434 40.27491, -116.4335 40.29321, -116.433 40.30622, -116.4325 40.31276, -116.432 40.31252, -116.4315 40.30611, -116.431 40.29495, -116.4305 40.28114, -116.43 40.2671, -116.4295 40.25528, -116.429 40.24786, -116.4285 40.24637, -116.428 40.25157, -116.4275 40.2633, -116.427 40.2805, -116.4265 40.3014, -116.426 40.32368, -116.4255 40.34486, -116.425 40.36259, -116.4245 40.375, -116.424 40.38091, -116.4235 40.38004, -116.423 40.373, -116.4225 40.36126, -116.422 40.34689, -116.4215 40.33233, -116.421 40.32004, -116.4205 40.31216, -116.42 40.31024, -116.4195 40.315, -116.419 40.32627, -116.4185 40.34299, -116.418 40.36335, -116.4175 40.38505, -116.417 40.40559, -116.4165 40.42264, -116.416 40.43433, -116.4155 40.43951, -116.415 40.4379, -116.4145 40.43014, -116.414 40.4177, -116.4135 40.40267, -116.413 40.38749, -116.4125 40.37462, -116.412 40.36619, -116.4115 40.36373, -116.411 40.36796, -116.4105 40.37868, -116.41 40.39481, -116.4095 40.41454, -116.409 40.43556, -116.4085 40.45537, -116.408 40.47165, -116.4075 40.48253, -116.407 40.48688, -116.4065 40.48444, -116.406 40.47587, -116.4055 40.46264, -116.405 40.44687, -116.4045 40.43099, -116.404 40.41745, -116.4035 40.40838, -116.403 40.40531, -116.4025 40.40892, -116.402 40.419, -116.4015 40.43447, -116.401 40.45349, -116.4005 40.47375, -116.4 40.49276, -116.3995 40.50819, -116.399 40.51819, -116.3985 40.52164, -116.398 40.51831, -116.3975 40.50885, -116.397 40.49478, -116.3965 40.4782, -116.396 40.46155, -116.3955 40.44728, -116.395 40.43752, -116.3945 40.43376, -116.394 40.4367, -116.3935 40.44609, -116.393 40.46084, -116.3925 40.4791, -116.392 40.49855, -116.3915 40.51669, -116.391 40.53122, -116.3905 40.54029, -116.39 40.5428, -116.3895 40.53852, -116.389 40.52814, -116.3885 40.51318, -116.388 40.49574, -116.3875 40.47828, -116.387 40.46325, -116.3865 40.45276, -116.386 40.44828, -116.3855 40.45051, -116.385 40.45917, -116.3845 40.47317, -116.384 40.49063, -116.3835 40.50923, -116.383 40.52649, -116.3825 40.54009, -116.382 40.5482, -116.3815 40.54974, -116.381 40.54449, -116.3805 40.53317, -116.38 40.51729, -116.3795 40.49898, -116.379 40.4807, -116.3785 40.46489, -116.378 40.45365, -116.3775 40.44845, -116.377 40.44994, -116.3765 40.45787, -116.376 40.4711, -116.3755 40.48776, -116.375 40.50551, -116.3745 40.52188, -116.374 40.53454, -116.3735 40.5417, -116.373 40.54226, -116.3725 40.53605, -116.372 40.52378, -116.3715 40.507, -116.371 40.48783, -116.3705 40.46873, -116.37 40.45214, -116.3695 40.44016, -116.369 40.43425, -116.3685 40.43503, -116.368 40.44224, -116.3675 40.45471, -116.367 40.47058, -116.3665 40.48751, -116.366 40.503, -116.3655 40.51475, -116.365 40.52096, -116.3645 40.52058, -116.364 40.51343, -116.3635 40.50025, -116.363 40.48258, -116.3625 40.46258, -116.362 40.4427, -116.3615 40.42537, -116.361 40.41269, -116.3605 40.40609, -116.36 40.4062, -116.3595 40.41272, -116.359 40.42448, -116.3585 40.43961, -116.358 40.45574, -116.3575 40.4704, -116.357 40.48128, -116.3565 40.4866, -116.356 40.48532, -116.3555 40.47728, -116.355 40.46324, -116.3545 40.44474, -116.354 40.42396, -116.3535 40.40335, -116.353 40.38534, -116.3525 40.37201, -116.352 40.36479, -116.3515 40.36428, -116.351 40.37018, -116.3505 40.38129, -116.35 40.39573, -116.3495 40.41114, -116.349 40.42503, -116.3485 40.43511, -116.348 40.43961, -116.3475 40.4375, -116.347 40.42864, -116.3465 40.4138, -116.346 40.39456, -116.3455 40.37307, -116.345 40.35181, -116.3445 40.33319, -116.344 40.3193, -116.3435 40.31154, -116.343 40.3105, -116.3425 40.31585, -116.342 40.3264, -116.3415 40.34023, -116.341 40.355, -116.3405 40.3682, -116.34 40.37757, -116.3395 40.38134, -116.339 40.37849, -116.3385 40.36891, -116.338 40.35337, -116.3375 40.33347, -116.337 40.31137, -116.3365 40.28955, -116.336 40.27043, -116.3355 40.25607, -116.335 40.24786, -116.3345 40.24639, -116.334 40.2513, -116.3335 40.26138, -116.333 40.27472, -116.3325 40.28894, -116.332 40.30158, -116.3315 40.31034, -116.331 40.31348, -116.3305 40.31, -116.33 40.29979, -116.3295 40.28367, -116.329 40.26322, -116.3285 40.24063, -116.328 40.21837, -116.3275 40.19886, -116.327 40.18414, -116.3265 40.17561, -116.326 40.17381, -116.3255 40.1784, -116.325 40.18813, -116.3245 40.20109, -116.324 40.21489, -116.3235 40.22707, -116.323 40.23534, -116.3225 40.23798, -116.322 40.23399, -116.3215 40.22329, -116.321 40.2067, -116.3205 40.18583, -116.32 40.16288, -116.3195 40.1403, -116.319 40.12052, -116.3185 40.10558, -116.318 40.09685, -116.3175 40.09487, -116.317 40.09926, -116.3165 40.10877, -116.316 40.12147, -116.3155 40.13499, -116.315 40.14684, -116.3145 40.15476, -116.314 40.15702, -116.3135 40.15266, -116.313 40.1416, -116.3125 40.12468, -116.312 40.10353, -116.3115 40.08034, -116.311 40.05759, -116.3105 40.03768, -116.31 40.02265, -116.3095 40.01386, -116.309 40.01183, -116.3085 40.01616, -116.308 40.02559, -116.3075 40.03818, -116.307 40.05155, -116.3065 40.06321, -116.306 40.07092, -116.3055 40.07295, -116.305 40.06835, -116.3045 40.05707, -116.304 40.03997, -116.3035 40.01868, -116.303 39.9954, -116.3025 39.97261, -116.302 39.95272, -116.3015 39.93774, -116.301 39.92903, -116.3005 39.92709, -116.3 39.93151, -116.2995 39.941, -116.299 39.95362, -116.2985 39.96698, -116.298 39.9786, -116.2975 39.98624, -116.297 39.98818, -116.2965 39.98349, -116.296 39.97214, -116.2955 39.95499, -116.295 39.9337, -116.2945 39.91048, -116.294 39.8878, -116.2935 39.86807, -116.293 39.8533, -116.2925 39.84482, -116.292 39.84311, -116.2915 39.84775, -116.291 39.85745, -116.2905 39.87024, -116.29 39.88374, -116.2895 39.89546, -116.289 39.90316, -116.2885 39.90516, -116.288 39.90052, -116.2875 39.88924, -116.287 39.8722, -116.2865 39.85105, -116.286 39.82803, -116.2855 39.80561, -116.285 39.78618, -116.2845 39.77175, -116.284 39.76363, -116.2835 39.7623, -116.283 39.76731, -116.2825 39.77736, -116.282 39.79046, -116.2815 39.80423, -116.281 39.81619, -116.2805 39.8241, -116.28 39.82628, -116.2795 39.82184, -116.279 39.81077, -116.2785 39.79396, -116.278 39.7731, -116.2775 39.75042, -116.277 39.72838, -116.2765 39.70939, -116.276 39.69544, -116.2755 39.68782, -116.275 39.687, -116.2745 39.69251, -116.274 39.70303, -116.2735 39.71658, -116.273 39.73075, -116.2725 39.74308, -116.272 39.75133, -116.2715 39.75383, -116.271 39.74971, -116.2705 39.73897, -116.27 39.72254, -116.2695 39.70209, -116.269 39.67986, -116.2685 39.65834, -116.268 39.63992, -116.2675 39.62656, -116.267 39.61957, -116.2665 39.61938, -116.266 39.62551, -116.2655 39.63663, -116.265 39.65074, -116.2645 39.66544, -116.264 39.67825, -116.2635 39.68695, -116.263 39.6899, -116.2625 39.68621, -116.262 39.67592, -116.2615 39.65997, -116.261 39.64004, -116.2605 39.61839, -116.26 39.5975, -116.2595 39.57975, -116.259 39.56711, -116.2585 39.56085, -116.258 39.5614, -116.2575 39.56826, -116.257 39.58008, -116.2565 39.59486, -116.256 39.61018, -116.2555 39.62358, -116.255 39.63284, -116.2545 39.63632, -116.254 39.63317, -116.2535 39.62343, -116.253 39.60806, -116.2525 39.58875, -116.252 39.56778, -116.2515 39.54761, -116.251 39.53063, -116.2505 39.51879, -116.25 39.51336, -116.2495 39.51473, -116.249 39.52241, -116.2485 39.53502, -116.248 39.55055, -116.2475 39.56658, -116.247 39.58064, -116.2465 39.59054, -116.246 39.59464, -116.2455 39.59211, -116.245 39.583, -116.2445 39.56829, -116.244 39.54968, -116.2435 39.52946, -116.243 39.51009, -116.2425 39.49395, -116.242 39.48299, -116.2415 39.47845, -116.241 39.48073, -116.2405 39.48928, -116.24 39.50275, -116.2395 39.51909, -116.239 39.5359, -116.2385 39.5507, -116.238 39.5613, -116.2375 39.56608, -116.237 39.56422, -116.2365 39.5558, -116.236 39.5418, -116.2355 39.52395, -116.235 39.50453, -116.2345 39.48601, -116.234 39.47077, -116.2335 39.46073, -116.233 39.45714, -116.2325 39.46036, -116.232 39.46985, -116.2315 39.48422, -116.231 39.50142, -116.2305 39.51904, -116.23 39.53461, -116.2295 39.54595, -116.229 39.55144, -116.2285 39.5503, -116.228 39.5426, -116.2275 39.52935, -116.227 39.51229, -116.2265 39.4937, -116.226 39.47607, -116.2255 39.46175, -116.225 39.45267, -116.2245 39.45005, -116.224 39.45424, -116.2235 39.46467, -116.223 39.47996, -116.2225 39.49804, -116.222 39.51649, -116.2215 39.53285, -116.221 39.54494, -116.2205 39.55117, -116.22 39.55074, -116.2195 39.54378, -116.219 39.53129, -116.2185 39.51503, -116.218 39.49728, -116.2175 39.48054, -116.217 39.46714, -116.2165 39.45902, -116.216 39.45737, -116.2155 39.46253, -116.215 39.47391, -116.2145 39.49011, -116.214 39.50906, -116.2135 39.52834, -116.213 39.54548, -116.2125 39.55831, -116.212 39.56525, -116.2115 39.56554, -116.211 39.5593, -116.2105 39.54756, -116.21 39.53208, -116.2095 39.51516, -116.209 39.49928, -116.2085 39.48679, -116.208 39.4796, -116.2075 39.4789, -116.207 39.485, -116.2065 39.4973, -116.206 39.51439, -116.2055 39.53418, -116.205 39.55425, -116.2045 39.57213, -116.204 39.58567, -116.2035 39.5933, -116.203 39.59427, -116.2025 39.58871, -116.202 39.57767, -116.2015 39.56293, -116.201 39.5468, -116.2005 39.53174, -116.2 39.52012, -116.1995 39.51382, -116.199 39.51401, -116.1985 39.521, -116.198 39.53418, -116.1975 39.5521, -116.197 39.57268, -116.1965 39.59348, -116.196 39.61206, -116.1955 39.62625, -116.195 39.63451, -116.1945 39.63608, -116.194 39.63115, -116.1935 39.62075, -116.193 39.6067, -116.1925 39.59128, -116.192 39.57699, -116.1915 39.56616, -116.191 39.56068, -116.1905 39.5617, -116.19 39.56952, -116.1895 39.58349, -116.189 39.60217, -116.1885 39.62346, -116.188 39.64492, -116.1875 39.66411, -116.187 39.67887, -116.1865 39.68767, -116.186 39.68979, -116.1855 39.68539, -116.185 39.67556, -116.1845 39.6621, -116.184 39.64732, -116.1835 39.6337, -116.183 39.62358, -116.1825 39.61883, -116.182 39.62059, -116.1815 39.62914, -116.181 39.64382, -116.1805 39.66316, -116.18 39.68506, -116.1795 39.70709, -116.179 39.72679, -116.1785 39.74203, -116.178 39.75128, -116.1775 39.75382, -116.177 39.74987, -116.1765 39.7405, -116.176 39.72753, -116.1755 39.71328, -116.175 39.70023, -116.1745 39.69072, -116.174 39.68659, -116.1735 39.68899, -116.173 39.69815, -116.1725 39.71343, -116.172 39.73332, -116.1715 39.75573, -116.171 39.77821, -116.1705 39.79831, -116.17 39.8139, -116.1695 39.82348, -116.169 39.82635, -116.1685 39.82272, -116.168 39.81369, -116.1675 39.8011, -116.167 39.78726, -116.1665 39.77466, -116.166 39.76563, -116.1655 39.76201, -116.165 39.76492, -116.1645 39.77458, -116.164 39.79032, -116.1635 39.81064, -116.163 39.83343, -116.1625 39.85623, -116.162 39.8766, -116.1615 39.89243, -116.161 39.90221, -116.1605 39.90526, -116.16 39.90183, -116.1595 39.89302, -116.159 39.88067, -116.1585 39.86711, -116.158 39.85484, -116.1575 39.84616, -116.157 39.84291, -116.1565 39.84619, -116.156 39.85621, -116.1555 39.87229, -116.155 39.8929, -116.1545 39.91593, -116.154 39.93892, -116.1535 39.95943, -116.153 39.97534, -116.1525 39.98519, -116.152 39.9883, -116.1515 39.98492, -116.151 39.97618, -116.1505 39.96394, -116.15 39.95053, -116.1495 39.93843, -116.149 39.92997, -116.1485 39.92695, -116.148 39.93046, -116.1475 39.94071, -116.147 39.95697, -116.1465 39.97774, -116.146 40.00086, -116.1455 40.0239, -116.145 40.0444, -116.1445 40.06026, -116.144 40.07003, -116.1435 40.07305, -116.143 40.06958, -116.1425 40.06078, -116.142 40.0485, -116.1415 40.03509, -116.141 40.02303, -116.1405 40.01463, -116.14 40.0117, -116.1395 40.01531, -116.139 40.02563, -116.1385 40.04195, -116.138 40.06271, -116.1375 40.08579, -116.137 40.10872, -116.1365 40.12907, -116.136 40.14474, -116.1355 40.15429, -116.135 40.15707, -116.1345 40.15337, -116.134 40.14436, -116.1335 40.1319, -116.133 40.11835, -116.1325 40.10619, -116.132 40.09772, -116.1315 40.09473, -116.131 40.09828, -116.1305 40.10854, -116.13 40.12476, -116.1295 40.14539, -116.129 40.16828, -116.1285 40.19096, -116.128 40.21102, -116.1275 40.22635, -116.127 40.23553, -116.1265 40.23793, -116.126 40.23387, -116.1255 40.22451, -116.125 40.21174, -116.1245 40.1979, -116.124 40.1855, -116.1235 40.17681, -116.123 40.17363, -116.1225 40.177, -116.122 40.18705, -116.1215 40.20304, -116.121 40.22339, -116.1205 40.24595, -116.12 40.26826, -116.1195 40.28788, -116.119 40.30274, -116.1185 40.31142, -116.118 40.31332, -116.1175 40.30875, -116.117 40.2989, -116.1165 40.28568, -116.116 40.27144, -116.1155 40.25866, -116.115 40.24964, -116.1145 40.24613, -116.114 40.24918, -116.1135 40.2589, -116.113 40.27453, -116.1125 40.29447, -116.112 40.31658, -116.1115 40.33838, -116.111 40.35744, -116.1105 40.37171, -116.11 40.37977, -116.1095 40.38103, -116.109 40.37584, -116.1085 40.3654, -116.108 40.35161, -116.1075 40.33684, -116.107 40.32357, -116.1065 40.31408, -116.106 40.31014, -116.1055 40.31275, -116.105 40.32202, -116.1045 40.33717, -116.104 40.3566, -116.1035 40.37814, -116.103 40.39932, -116.1025 40.41772, -116.102 40.43128, -116.1015 40.4386, -116.101 40.43913, -116.1005 40.43321, -116.1 40.42206, -116.0995 40.4076, -116.099 40.39219, -116.0985 40.37833, -116.098 40.36829, -116.0975 40.3638, -116.097 40.36588, -116.0965 40.37461, -116.096 40.38918, -116.0955 40.408, -116.095 40.42887, -116.0945 40.44934, -116.094 40.46697, -116.0935 40.47973, -116.093 40.48623, -116.0925 40.48593, -116.092 40.47919, -116.0915 40.46724, -116.091 40.45203, -116.0905 40.43591, -116.09 40.42137, -116.0895 40.41068, -116.089 40.40558, -116.0885 40.40703, -116.088 40.41514, -116.0875 40.42906, -116.087 40.44718, -116.0865 40.46732, -116.086 40.48699, -116.0855 40.50379, -116.085 40.51568, -116.0845 40.52128, -116.084 40.52008, -116.0835 40.51245, -116.083 40.49965, -116.0825 40.48361, -116.082 40.4667, -116.0815 40.45143, -116.081 40.44004, -116.0805 40.43425, -116.08 40.43503, -116.0795 40.44245, -116.079 40.45566, -116.0785 40.47304, -116.078 40.49237, -116.0775 40.5112, -116.077 40.52711, -116.0765 40.53808, -116.076 40.54274, -116.0755 40.54059, -116.075 40.53203, -116.0745 40.51832, -116.074 40.50142, -116.0735 40.48369, -116.073 40.46764, -116.0725 40.4555, -116.072 40.449, -116.0715 40.44907, -116.071 40.45577, -116.0705 40.46823, -116.07 40.48482, -116.0695 40.50333, -116.069 40.52129, -116.0685 40.53628, -116.068 40.5463, -116.0675 40.54999, -116.067 40.54687, -116.0665 40.53736, -116.066 40.52272, -116.0655 40.50493, -116.065 40.48637, -116.0645 40.46952, -116.064 40.45663, -116.0635 40.44939, -116.063 40.44874, -116.0625 40.4547, -116.062 40.46641, -116.0615 40.48222, -116.061 40.49989, -116.0605 40.51696, -116.06 40.53103, -116.0595 40.5401, -116.059 40.54283, -116.0585 40.53874, -116.058 40.52827, -116.0575 40.51271, -116.057 40.49404, -116.0565 40.47465, -116.056 40.45702, -116.0555 40.44337, -116.055 40.43542, -116.0545 40.43405, -116.054 40.4393, -116.0535 40.45027, -116.053 40.4653, -116.0525 40.48215, -116.052 40.49836, -116.0515 40.51153, -116.051 40.51967, -116.0505 40.52145, -116.05 40.51642, -116.0495 40.50502, -116.049 40.48857, -116.0485 40.46906, -116.048 40.44886, -116.0475 40.43048, -116.047 40.41612, -116.0465 40.40747, -116.046 40.40544, -116.0455 40.41, -116.045 40.42027, -116.0445 40.43456, -116.044 40.45064, -116.0435 40.46603, -116.043 40.47834, -116.0425 40.48559, -116.042 40.48648, -116.0415 40.48055, -116.041 40.46828, -116.0405 40.45099, -116.04 40.43068, -116.0395 40.40974, -116.039 40.39066, -116.0385 40.37564, -116.038 40.36637, -116.0375 40.36372, -116.037 40.36766, -116.0365 40.37729, -116.036 40.39091, -116.0355 40.40628, -116.035 40.42091, -116.0345 40.43243, -116.034 40.43886, -116.0335 40.43892, -116.033 40.43217, -116.0325 40.4191, -116.032 40.40104, -116.0315 40.38001, -116.031 40.3584, -116.0305 40.3387, -116.03 40.32311, -116.0295 40.31329, -116.029 40.3101, -116.0285 40.31351, -116.028 40.32258, -116.0275 40.3356, -116.027 40.35034, -116.0265 40.36431, -116.026 40.37513, -116.0255 40.38083, -116.025 40.38014, -116.0245 40.37266, -116.024 40.35888, -116.0235 40.34016, -116.023 40.3185, -116.0225 40.29632, -116.022 40.27609, -116.0215 40.26003, -116.021 40.24975, -116.0205 40.24613, -116.02 40.2491, -116.0195 40.25771, -116.019 40.27025, -116.0185 40.28447, -116.018 40.29787, -116.0175 40.30809, -116.017 40.31317, -116.0165 40.31185, -116.016 40.30374, -116.0155 40.28936, -116.015 40.27008, -116.0145 40.24791, -116.014 40.22527, -116.0135 40.20464, -116.013 40.18821, -116.0125 40.1776, -116.012 40.17366, -116.0115 40.17631, -116.011 40.18458, -116.0105 40.19675, -116.01 40.21056, -116.0095 40.22351, -116.009 40.23325, -116.0085 40.23783, -116.008 40.236, -116.0075 40.2274, -116.007 40.21254, -116.0065 40.19282, -116.006 40.17027, -116.0055 40.1473, -116.005 40.12638, -116.0045 40.10972, -116.004 40.0989, -116.0035 40.09477, -116.003 40.09723, -116.0025 40.10529, -116.002 40.11722, -116.0015 40.13075, -116.001 40.14339, -116.0005 40.15278, -116 40.15699, -115.9995 40.15479, -115.999 40.14582, -115.9985 40.13062, -115.998 40.1106, -115.9975 40.0878, -115.997 40.06464, -115.9965 40.04358, -115.996 40.02681, -115.9955 40.01593, -115.995 40.01175, -115.9945 40.01415, -115.994 40.02214, -115.9935 40.03397, -115.993 40.04736, -115.9925 40.05983, -115.992 40.06901, -115.9915 40.07299, -115.991 40.07056, -115.9905 40.06136, -115.99 40.04597, -115.9895 40.02579, -115.989 40.00288, -115.9885 39.97966, -115.988 39.95861, -115.9875 39.94188, -115.987 39.93108, -115.9865 39.92698, -115.986 39.92947, -115.9855 39.93753, -115.985 39.9494, -115.9845 39.9628, -115.984 39.97524, -115.9835 39.98435, -115.983 39.98825, -115.9825 39.98572, -115.982 39.97644, -115.9815 39.961, -115.981 39.94081, -115.9805 39.91794, -115.98 39.89482, -115.9795 39.8739, -115.979 39.85737, -115.9785 39.84679, -115.978 39.84292, -115.9775 39.84564, -115.977 39.85392, -115.9765 39.86597, -115.976 39.87952, -115.9755 39.89206, -115.975 39.90126, -115.9745 39.90521, -115.974 39.90274, -115.9735 39.89352, -115.973 39.87817, -115.9725 39.85811, -115.972 39.83542, -115.9715 39.81253, -115.971 39.79191, -115.9705 39.77571, -115.97 39.76548, -115.9695 39.762, -115.969 39.76509, -115.9685 39.77372, -115.968 39.7861, -115.9675 39.79992, -115.967 39.81272, -115.9665 39.82213, -115.966 39.82628, -115.9655 39.82399, -115.965 39.81498, -115.9645 39.79985, -115.964 39.78006, -115.9635 39.75769, -115.963 39.73518, -115.9625 39.71498, -115.962 39.69924, -115.9615 39.68951, -115.961 39.68653, -115.9605 39.69013, -115.96 39.69925, -115.9595 39.71208, -115.959 39.72632, -115.9585 39.7395, -115.958 39.74926, -115.9575 39.75373, -115.957 39.75176, -115.9565 39.74307, -115.956 39.7283, -115.9555 39.70891, -115.955 39.68698, -115.9545 39.66497, -115.954 39.64532, -115.9535 39.63017, -115.953 39.62106, -115.9525 39.61872, -115.952 39.62294, -115.9515 39.63266, -115.951 39.64607, -115.9505 39.66085, -115.95 39.67452, -115.9495 39.68474, -115.949 39.68965, -115.9485 39.68812, -115.948 39.67988, -115.9475 39.66558, -115.947 39.64669, -115.9465 39.62533, -115.946 39.60392, -115.9455 39.58493, -115.945 39.57049, -115.9445 39.56211, -115.944 39.5605, -115.9435 39.56546, -115.943 39.57589, -115.9425 39.58997, -115.942 39.60539, -115.9415 39.61966, -115.941 39.63045, -115.9405 39.63591, -115.94 39.63491, -115.9395 39.62721, -115.939 39.61347, -115.9385 39.5952, -115.938 39.57449, -115.9375 39.55379, -115.937 39.53556, -115.9365 39.52191, -115.936 39.51435, -115.9355 39.51357, -115.935 39.51935, -115.9345 39.53058, -115.934 39.54543, -115.9335 39.56157, -115.933 39.57652, -115.9325 39.58796, -115.932 39.59404, -115.9315 39.59365, -115.931 39.58658, -115.9305 39.57349, -115.93 39.5559, -115.9295 39.53593, -115.929 39.51601, -115.9285 39.49861, -115.928 39.48582, -115.9275 39.47916, -115.927 39.47928, -115.9265 39.48594, -115.926 39.49804, -115.9255 39.51372, -115.925 39.53065, -115.9245 39.54634, -115.924 39.55849, -115.9235 39.56525, -115.923 39.56555, -115.9225 39.55915, -115.922 39.54677, -115.9215 39.52992, -115.921 39.51074, -115.9205 39.49166, -115.92 39.47514, -115.9195 39.46327, -115.919 39.45755, -115.9185 39.45861, -115.918 39.46622, -115.9175 39.47922, -115.917 39.49577, -115.9165 39.51353, -115.916 39.53001, -115.9155 39.54291, -115.915 39.55039, -115.9145 39.5514, -115.914 39.54572, -115.9135 39.53408, -115.913 39.51801, -115.9125 39.49964, -115.912 39.48143, -115.9115 39.46582, -115.911 39.4549, -115.9105 39.45014, -115.91 39.45218, -115.9095 39.46074, -115.909 39.47468, -115.9085 39.49212, -115.908 39.51072, -115.9075 39.52801, -115.907 39.54166, -115.9065 39.54988, -115.906 39.55161, -115.9055 39.54666, -115.905 39.53578, -115.9045 39.52049, -115.904 39.50295, -115.9035 39.48561, -115.903 39.47092, -115.9025 39.46095, -115.902 39.45715, -115.9015 39.46016, -115.901 39.46968, -115.9005 39.48454, -115.9 39.50287, -115.8995 39.52231, -115.899 39.54039, -115.8985 39.5548, -115.898 39.56375, -115.8975 39.56618, -115.897 39.56195, -115.8965 39.5518, -115.896 39.53728, -115.8955 39.52055, -115.895 39.50407, -115.8945 39.49027, -115.894 39.48123, -115.8935 39.47838, -115.893 39.48233, -115.8925 39.49278, -115.892 39.50854, -115.8915 39.52772, -115.891 39.54798, -115.8905 39.56681, -115.89 39.58194, -115.8895 39.59158, -115.889 39.59469, -115.8885 39.59114, -115.888 39.58168, -115.8875 39.5679, -115.887 39.55194, -115.8865 39.53627, -115.886 39.52332, -115.8855 39.51516, -115.885 39.51321, -115.8845 39.51806, -115.884 39.52939, -115.8835 39.54599, -115.883 39.56598, -115.8825 39.58698, -115.882 39.60652, -115.8815 39.62231, -115.881 39.63258, -115.8805 39.63631, -115.88 39.63338, -115.8795 39.62456, -115.879 39.61144, -115.8785 39.59619, -115.878 39.58127, -115.8775 39.56911, -115.877 39.56176, -115.8765 39.56064, -115.876 39.56631, -115.8755 39.57844, -115.875 39.59582, -115.8745 39.61654, -115.874 39.63822, -115.8735 39.65839, -115.873 39.67476, -115.8725 39.68558, -115.872 39.68985, -115.8715 39.68745, -115.871 39.67918, -115.8705 39.66665, -115.87 39.65202, -115.8695 39.63776, -115.869 39.6263, -115.8685 39.61968, -115.868 39.61929, -115.8675 39.6257, -115.867 39.63855, -115.8665 39.65661, -115.866 39.67795, -115.8655 39.70021, -115.865 39.72091, -115.8645 39.73777, -115.864 39.74904, -115.8635 39.75375, -115.863 39.75179, -115.8625 39.74397, -115.862 39.73192, -115.8615 39.71781, -115.861 39.70411, -115.8605 39.69324, -115.86 39.68724, -115.8595 39.68748, -115.859 39.69452, -115.8585 39.70797, -115.858 39.7266, -115.8575 39.74846, -115.857 39.77119, -115.8565 39.7923, -115.856 39.80953, -115.8555 39.82114, -115.855 39.82617, -115.8545 39.82453, -115.854 39.81705, -115.8535 39.80536, -115.853 39.79165, -115.8525 39.77839, -115.852 39.768, -115.8515 39.76249, -115.851 39.76325, -115.8505 39.77079, -115.85 39.78472, -115.8495 39.80379, -115.849 39.82605, -115.8485 39.84912, -115.848 39.87052, -115.8475 39.88799, -115.847 39.89981, -115.8465 39.90503, -115.846 39.90358, -115.8455 39.89631, -115.845 39.88485, -115.8445 39.87141, -115.844 39.85846, -115.8435 39.84841, -115.843 39.84327, -115.8425 39.8444, -115.842 39.85231, -115.8415 39.86659, -115.841 39.88596, -115.8405 39.90848, -115.84 39.93175, -115.8395 39.9533, -115.839 39.97088, -115.8385 39.98277, -115.838 39.98804, -115.8375 39.98664, -115.837 39.97944, -115.8365 39.96808, -115.836 39.95478, -115.8355 39.942, -115.835 39.93215, -115.8345 39.92723, -115.834 39.9286, -115.8335 39.93674, -115.833 39.95122, -115.8325 39.97076, -115.832 39.99339, -115.8315 40.01672, -115.831 40.03828, -115.8305 40.05582, -115.83 40.06764, -115.8295 40.07282, -115.829 40.07133, -115.8285 40.06406, -115.828 40.05265, -115.8275 40.03933, -115.827 40.02658, -115.8265 40.01679, -115.826 40.01196, -115.8255 40.01342, -115.825 40.02164, -115.8245 40.03618, -115.824 40.05574, -115.8235 40.07834, -115.823 40.10159, -115.8225 40.12301, -115.822 40.14036, -115.8215 40.15197, -115.821 40.15692, -115.8205 40.1552, -115.82 40.1477, -115.8195 40.13611, -115.819 40.12264, -115.8185 40.10977, -115.818 40.09989, -115.8175 40.09501, -115.817 40.09641, -115.8165 40.10457, -115.816 40.11903, -115.8155 40.13846, -115.815 40.16089, -115.8145 40.18391, -115.814 40.20505, -115.8135 40.22208, -115.813 40.23333, -115.8125 40.2379, -115.812 40.23581, -115.8115 40.22796, -115.811 40.21604, -115.8105 40.20227, -115.81 40.18915, -115.8095 40.17906, -115.809 40.17397, -115.8085 40.17519, -115.808 40.18315, -115.8075 40.19738, -115.807 40.21656, -115.8065 40.23867, -115.806 40.26133, -115.8055 40.28205, -115.805 40.29862, -115.8045 40.30938, -115.804 40.31345, -115.8035 40.31085, -115.803 40.30251, -115.8025 40.29012, -115.802 40.27594, -115.8015 40.26243, -115.801 40.25198, -115.8005 40.24657, -115.8 40.24747, -115.7995 40.25511, -115.799 40.26899, -115.7985 40.28777, -115.798 40.30945, -115.7975 40.33162, -115.797 40.3518, -115.7965 40.36779, -115.796 40.37793, -115.7955 40.38136, -115.795 40.37814, -115.7945 40.36919, -115.794 40.35622, -115.7935 40.3415, -115.793 40.32749, -115.7925 40.31657, -115.792 40.31072, -115.7915 40.31118, -115.791 40.31838, -115.7905 40.33179, -115.79 40.35007, -115.7895 40.3712, -115.789 40.39277, -115.7885 40.4123, -115.788 40.42759, -115.7875 40.437, -115.787 40.4397, -115.7865 40.43574, -115.786 40.42607, -115.7855 40.41242, -115.785 40.39705, -115.7845 40.38243, -115.784 40.37095, -115.7835 40.36455, -115.783 40.36448, -115.7825 40.37114, -115.782 40.38399, -115.7815 40.40167, -115.781 40.42215, -115.7805 40.44301, -115.78 40.4618, -115.7795 40.4763, -115.779 40.48489, -115.7785 40.48676, -115.778 40.48198, -115.7775 40.47151, -115.777 40.45709, -115.7765 40.44099, -115.776 40.42568, -115.7755 40.41355, -115.775 40.40652, -115.7745 40.40583, -115.774 40.41187, -115.7735 40.42408, -115.773 40.44108, -115.7725 40.46083, -115.772 40.48092, -115.7715 40.49888, -115.771 40.51252, -115.7705 40.52023, -115.77 40.5212, -115.7695 40.51552, -115.769 40.50418, -115.7685 40.48893, -115.768 40.47203, -115.7675 40.45597, -115.767 40.44312, -115.7665 40.43541, -115.766 40.43405, -115.7655 40.4394, -115.765 40.45091, -115.7645 40.46717, -115.764 40.48615, -115.7635 40.50541, -115.763 40.52249, -115.7625 40.53522, -115.762 40.54199, -115.7615 40.54201, -115.761 40.53539, -115.7605 40.52314, -115.76 40.50701, -115.7595 40.48927, -115.759 40.47243, -115.7585 40.45882, -115.758 40.45038, -115.7575 40.44831, -115.757 40.45295, -115.7565 40.46372, -115.756 40.47922, -115.7555 40.49738, -115.755 40.51578, -115.7545 40.53196, -115.754 40.54374, -115.7535 40.54955, -115.753 40.5486, -115.7525 40.54102, -115.752 40.52783, -115.7515 40.5108, -115.751 40.49221, -115.7505 40.47456, -115.75 40.46019, -115.7495 40.45101, -115.749 40.44821, -115.7485 40.45212, -115.748 40.46215, -115.7475 40.47687, -115.747 40.49421, -115.7465 40.51174, -115.746 40.52701, -115.7455 40.53785, -115.745 40.54269, -115.7445 40.54077, -115.744 40.53223, -115.7435 40.51811, -115.743 40.50019, -115.7425 40.48075, -115.742 40.4623, -115.7415 40.44717, -115.741 40.43726, -115.7405 40.43375, -115.74 40.43695, -115.7395 40.44624, -115.739 40.4602, -115.7385 40.47673, -115.738 40.49342, -115.7375 40.5078, -115.737 40.51772, -115.7365 40.52162, -115.736 40.51875, -115.7355 40.50928, -115.735 40.49425, -115.7345 40.47547, -115.734 40.45522, -115.7335 40.43599, -115.733 40.42014, -115.7325 40.40954, -115.732 40.40535, -115.7315 40.40787, -115.731 40.41647, -115.7305 40.4297, -115.73 40.44548, -115.7295 40.46136, -115.729 40.47489, -115.7285 40.48393, -115.728 40.48693, -115.7275 40.48317, -115.727 40.47281, -115.7265 40.45693, -115.726 40.43734, -115.7255 40.41633, -115.725 40.39639, -115.7245 40.37987, -115.724 40.36863, -115.7235 40.36383, -115.723 40.36573, -115.7225 40.3737, -115.722 40.38627, -115.7215 40.40134, -115.721 40.41648, -115.7205 40.42923, -115.72 40.43746, -115.7195 40.43964, -115.719 40.43504, -115.7185 40.42388, -115.718 40.40722, -115.7175 40.38689, -115.717 40.3652, -115.7165 40.34463, -115.716 40.32751, -115.7155 40.31572, -115.715 40.31038, -115.7145 40.31175, -115.714 40.31916, -115.7135 40.33115, -115.713 40.34561, -115.7125 40.3601, -115.712 40.37216, -115.7115 40.37966, -115.711 40.3811, -115.7105 40.37577, -115.71 40.36389, -115.7095 40.34654, -115.709 40.32557, -115.7085 40.30329, -115.708 40.28218, -115.7075 40.26458, -115.707 40.25233, -115.7065 40.24655, -115.706 40.24748, -115.7055 40.25445, -115.705 40.26596, -115.7045 40.27991, -115.704 40.29384, -115.7035 40.30531, -115.703 40.3122, -115.7025 40.31301, -115.702 40.30705, -115.7015 40.29456, -115.701 40.27664, -115.7005 40.25514, -115.7 40.23238, -115.6995 40.21085, -115.699 40.19287, -115.6985 40.18028, -115.698 40.17418, -115.6975 40.17479, -115.697 40.18143, -115.6965 40.19258, -115.696 40.20613, -115.6955 40.21963, -115.695 40.23063, -115.6945 40.23702, -115.694 40.23732, -115.6935 40.23086, -115.693 40.21788, -115.6925 40.19952, -115.692 40.17762, -115.6915 40.15451, -115.691 40.13268, -115.6905 40.11445, -115.69 40.10165, -115.6895 40.09535, -115.689 40.09577, -115.6885 40.10221, -115.688 40.11313, -115.6875 40.12642, -115.687 40.13961, -115.6865 40.15027, -115.686 40.15631, -115.6855 40.15623, -115.685 40.1494, -115.6845 40.13607, -115.684 40.11739, -115.6835 40.09522, -115.683 40.0719, -115.6825 40.04992, -115.682 40.03158, -115.6815 40.01869, -115.681 40.01234, -115.6805 40.01271, -115.68 40.01908, -115.6795 40.02992, -115.679 40.04308, -115.6785 40.05611, -115.678 40.06657, -115.6775 40.07238, -115.677 40.07207, -115.6765 40.065, -115.676 40.05147, -115.6755 40.03262, -115.675 40.01033, -115.6745 39.98694, -115.674 39.96494, -115.6735 39.94663, -115.673 39.93381, -115.6725 39.92755, -115.672 39.92801, -115.6715 39.93446, -115.671 39.94534, -115.6705 39.95852, -115.67 39.97153, -115.6695 39.98194, -115.669 39.98767, -115.6685 39.98726, -115.668 39.98011, -115.6675 39.96652, -115.667 39.94764, -115.6665 39.92537, -115.666 39.90206, -115.6655 39.88018, -115.665 39.86205, -115.6645 39.84945, -115.664 39.84342, -115.6635 39.84411, -115.663 39.85078, -115.6625 39.86186, -115.662 39.87519, -115.6615 39.88833, -115.661 39.89882, -115.6605 39.90461, -115.66 39.90426, -115.6595 39.89717, -115.659 39.88365, -115.6585 39.86489, -115.658 39.84279, -115.6575 39.81969, -115.657 39.79809, -115.6565 39.78028, -115.656 39.76803, -115.6555 39.76237, -115.655 39.76344, -115.6545 39.77046, -115.654 39.78188, -115.6535 39.79551, -115.653 39.8089, -115.6525 39.81963, -115.652 39.82562, -115.6515 39.82546, -115.651 39.81856, -115.6505 39.80526, -115.65 39.78675, -115.6495 39.76495, -115.649 39.74221, -115.6485 39.72102, -115.648 39.70366, -115.6475 39.6919, -115.647 39.68674, -115.6465 39.68832, -115.646 39.69584, -115.6455 39.70772, -115.645 39.72178, -115.6445 39.73557, -115.644 39.74664, -115.6435 39.75297, -115.643 39.75312, -115.6425 39.74655, -115.642 39.73359, -115.6415 39.71547, -115.641 39.6941, -115.6405 39.67184, -115.64 39.65118, -115.6395 39.6344, -115.639 39.62325, -115.6385 39.61872, -115.638 39.62093, -115.6375 39.62907, -115.637 39.64153, -115.6365 39.65614, -115.636 39.67043, -115.6355 39.68198, -115.635 39.68875, -115.6345 39.68934, -115.634 39.68321, -115.6335 39.67071, -115.633 39.65309, -115.6325 39.63226, -115.632 39.61059, -115.6315 39.59058, -115.631 39.57449, -115.6305 39.56406, -115.63 39.56027, -115.6295 39.56322, -115.629 39.57207, -115.6285 39.58523, -115.628 39.60049, -115.6275 39.61539, -115.627 39.62752, -115.6265 39.63483, -115.626 39.63596, -115.6255 39.63036, -115.625 39.61843, -115.6245 39.60139, -115.624 39.5812, -115.6235 39.56023, -115.623 39.54096, -115.6225 39.52565, -115.622 39.51604, -115.6215 39.51308, -115.621 39.51685, -115.6205 39.52651, -115.62 39.54044, -115.6195 39.55644, -115.619 39.57204, -115.6185 39.58482, -115.618 39.59276, -115.6175 39.59451, -115.617 39.58953, -115.6165 39.57823, -115.616 39.56187, -115.6155 39.5424, -115.615 39.5222, -115.6145 39.50374, -115.614 39.48929, -115.6135 39.48056, -115.613 39.4785, -115.6125 39.48316, -115.612 39.4937, -115.6115 39.50847, -115.611 39.52527, -115.6105 39.54163, -115.61 39.55513, -115.6095 39.56377, -115.609 39.56619, -115.6085 39.56189, -115.608 39.55129, -115.6075 39.53566, -115.607 39.51696, -115.6065 39.49757, -115.606 39.47999, -115.6055 39.46644, -115.605 39.45865, -115.6045 39.45753, -115.604 39.46314, -115.6035 39.4746, -115.603 39.49025, -115.6025 39.5079, -115.602 39.52505, -115.6015 39.53931, -115.601 39.54868, -115.6005 39.55181, -115.6 39.54823, -115.5995 39.53836, -115.599 39.52349, -115.5985 39.5056, -115.598 39.48706, -115.5975 39.47037, -115.597 39.45777, -115.5965 39.45093, -115.596 39.45079, -115.5955 39.45736, -115.595 39.46976, -115.5945 39.48632, -115.594 39.50482, -115.5935 39.52279, -115.593 39.53783, -115.5925 39.54794, -115.592 39.5518, -115.5915 39.54894, -115.591 39.53981, -115.5905 39.52571, -115.59 39.50863, -115.5895 39.49096, -115.589 39.47517, -115.5885 39.46351, -115.588 39.45763, -115.5875 39.45846, -115.587 39.466, -115.5865 39.47933, -115.586 39.49679, -115.5855 39.51615, -115.585 39.53493, -115.5845 39.55073, -115.584 39.56157, -115.5835 39.56614, -115.583 39.564, -115.5825 39.5556, -115.582 39.54226, -115.5815 39.52597, -115.581 39.50914, -115.5805 39.49424, -115.58 39.48349, -115.5795 39.47856, -115.579 39.48034, -115.5785 39.4888, -115.578 39.50305, -115.5775 39.52138, -115.577 39.54156, -115.5765 39.56111, -115.576 39.57765, -115.5755 39.58918, -115.575 39.59444, -115.5745 39.59297, -115.574 39.58526, -115.5735 39.57264, -115.573 39.55711, -115.5725 39.54108, -115.572 39.52701, -115.5715 39.51714, -115.571 39.5131, -115.5705 39.51578, -115.57 39.52513, -115.5695 39.54023, -115.569 39.55938, -115.5685 39.58033, -115.568 39.60061, -115.5675 39.61781, -115.567 39.62999, -115.5665 39.63586, -115.566 39.63501, -115.5655 39.62793, -115.565 39.61596, -115.5645 39.60113, -115.564 39.58583, -115.5635 39.57254, -115.563 39.56347, -115.5625 39.56026, -115.562 39.56377, -115.5615 39.57394, -115.561 39.58982, -115.5605 39.60972, -115.56 39.63136, -115.5595 39.65227, -115.559 39.67008, -115.5585 39.68281, -115.558 39.68922, -115.5575 39.68891, -115.557 39.68237, -115.5565 39.67098, -115.556 39.65676, -115.5555 39.64211, -115.555 39.62951, -115.5545 39.62116, -115.554 39.61868, -115.5535 39.62293, -115.553 39.63382, -115.5525 39.6504, -115.552 39.67093, -115.5515 39.69318, -115.551 39.71463, -115.5505 39.73294, -115.55 39.74613, -115.5495 39.75299, -115.549 39.7531, -115.5485 39.74701, -115.548 39.73609, -115.5475 39.72238, -115.547 39.70828, -115.5465 39.69626, -115.546 39.68852, -115.5455 39.68668, -115.545 39.69155, -115.5445 39.70305, -115.544 39.72021, -115.5435 39.74129, -115.543 39.76401, -115.5425 39.7859, -115.542 39.80459, -115.5415 39.81813, -115.541 39.82531, -115.5405 39.82574, -115.54 39.81998, -115.5395 39.80942, -115.539 39.79609, -115.5385 39.78242, -115.538 39.77086, -115.5375 39.76362, -115.537 39.76228, -115.5365 39.76766, -115.536 39.77965, -115.5355 39.79727, -115.535 39.81875, -115.5345 39.84183, -115.534 39.86403, -115.5335 39.88297, -115.533 39.89673, -115.5325 39.9041, -115.532 39.90473, -115.5315 39.89917, -115.531 39.88883, -115.5305 39.87576, -115.53 39.86238, -115.5295 39.85116, -115.529 39.84428, -115.5285 39.84331, -115.528 39.84906, -115.5275 39.86141, -115.527 39.87935, -115.5265 39.9011, -115.526 39.92441, -115.5255 39.94677, -115.525 39.96583, -115.5245 39.97967, -115.524 39.9871, -115.5235 39.98778, -115.523 39.98228, -115.5225 39.97203, -115.522 39.95908, -115.5215 39.94586, -115.521 39.93483, -115.5205 39.92817, -115.52 39.92744, -115.5195 39.93342, -115.519 39.94598, -115.5185 39.96409, -115.518 39.98598, -115.5175 40.00937, -115.517 40.03175, -115.5165 40.05078, -115.516 40.06457, -115.5155 40.07191, -115.515 40.07249, -115.5145 40.06692, -115.514 40.05661, -115.5135 40.04363, -115.513 40.03043, -115.5125 40.01945, -115.512 40.01286, -115.5115 40.01223, -115.511 40.0183, -115.5105 40.03093, -115.51 40.04907, -115.5095 40.07095, -115.509 40.09426, -115.5085 40.11653, -115.508 40.13539, -115.5075 40.14897, -115.507 40.15608, -115.5065 40.15643, -115.506 40.15063, -115.5055 40.14012, -115.505 40.12698, -115.5045 40.11365, -115.504 40.10258, -115.5035 40.09593, -115.503 40.09524, -115.5025 40.10125, -115.502 40.1138, -115.5015 40.13184, -115.501 40.15356, -115.5005 40.17667, -115.5 40.19867, -115.4995 40.21722, -115.499 40.23045, -115.4985 40.23719, -115.498 40.23716, -115.4975 40.231, -115.497 40.22015, -115.4965 40.20671, -115.496 40.19311, -115.4955 40.18181, -115.495 40.17495, -115.4945 40.17407, -115.494 40.17989, -115.4935 40.19223, -115.493 40.21002, -115.4925 40.23145, -115.492 40.25421, -115.4915 40.27581, -115.491 40.29391, -115.4905 40.30666, -115.49 40.31289, -115.4895 40.31236, -115.489 40.3057, -115.4885 40.29438, -115.488 40.2805, -115.4875 40.26651, -115.487 40.25485, -115.4865 40.24766, -115.486 40.24646, -115.4855 40.25196, -115.485 40.26396, -115.4845 40.28137, -115.484 40.30238, -115.4835 40.32466, -115.483 40.34573, -115.4825 40.36327, -115.482 40.3754, -115.4815 40.38101, -115.481 40.37985, -115.4805 40.37257, -115.48 40.36066, -115.4795 40.34623, -115.479 40.33172, -115.4785 40.31958, -115.478 40.31194, -115.4775 40.3103, -115.477 40.31537, -115.4765 40.32691, -115.476 40.34383, -115.4755 40.36431, -115.475 40.386, -115.4745 40.40644, -115.474 40.42329, -115.4735 40.43471, -115.473 40.43958, -115.4725 40.43768, -115.472 40.42968, -115.4715 40.41707, -115.471 40.40198, -115.4705 40.38686, -115.47 40.37414, -115.4695 40.36595, -115.469 40.36377, -115.4685 40.3683, -115.468 40.37929, -115.4675 40.39562, -115.467 40.41546, -115.4665 40.43648, -115.466 40.45618, -115.4655 40.47225, -115.465 40.48286, -115.4645 40.48691, -115.464 40.48418, -115.4635 40.47537, -115.463 40.46198, -115.4625 40.44615, -115.462 40.43032, -115.4615 40.41694, -115.461 40.40811, -115.4605 40.40532, -115.46 40.40923, -115.4595 40.41959, -115.459 40.43526, -115.4585 40.45438, -115.458 40.47464, -115.4575 40.49354, -115.457 40.50876, -115.4565 40.51848, -115.456 40.52163, -115.4555 40.51801, -115.455 40.50831, -115.4545 40.49408, -115.454 40.47744, -115.4535 40.46085, -115.453 40.44674, -115.4525 40.43722, -115.452 40.43375, -115.4515 40.43698, -115.451 40.44665, -115.4505 40.46159, -115.45 40.47995, -115.4495 40.4994, -115.449 40.51743, -115.4485 40.53175, -115.448 40.54055, -115.4475 40.54275, -115.447 40.53818, -115.4465 40.52756, -115.446 40.51244, -115.4455 40.49495, -115.445 40.47755, -115.4445 40.46268, -115.444 40.45242, -115.4435 40.44824, -115.443 40.45076, -115.4425 40.45969, -115.442 40.47388, -115.4415 40.49145, -115.441 40.51005, -115.4405 40.52719, -115.44 40.54058, -115.4395 40.54841, -115.439 40.54965, -115.4385 40.54411, -115.438 40.53255, -115.4375 40.51651, -115.437 40.49815, -115.4365 40.47993, -115.436 40.46428, -115.4355 40.45328, -115.435 40.44837, -115.4345 40.45017, -115.434 40.45836, -115.4335 40.47178, -115.433 40.48854, -115.4325 40.50629, -115.432 40.52253, -115.4315 40.53499, -115.431 40.54187, -115.4305 40.54213, -115.43 40.53563, -115.4295 40.52312, -115.429 40.50618, -115.4285 40.48696, -115.428 40.46792, -115.4275 40.4515, -115.427 40.43976, -115.4265 40.43414, -115.426 40.43522, -115.4255 40.44269, -115.425 40.45536, -115.4245 40.47133, -115.424 40.48824, -115.4235 40.50361, -115.423 40.51515, -115.4225 40.52109, -115.422 40.52041, -115.4215 40.51297, -115.421 40.49955, -115.4205 40.48173, -115.42 40.46167, -115.4195 40.44186, -115.419 40.4247, -115.4185 40.41226, -115.418 40.40595, -115.4175 40.40636, -115.417 40.41314, -115.4165 40.4251, -115.416 40.44032, -115.4155 40.45644, -115.415 40.47097, -115.4145 40.48165, -115.414 40.48669, -115.4135 40.48511, -115.413 40.47678, -115.4125 40.46249, -115.412 40.44385, -115.4115 40.42302, -115.411 40.40248, -115.4105 40.38464, -115.41 40.37155, -115.4095 40.36462, -115.409 40.36442, -115.4085 40.37058, -115.408 40.38188, -115.4075 40.39641, -115.407 40.4118, -115.4065 40.42557, -115.406 40.43544, -115.4055 40.43966, -115.405 40.43725, -115.4045 40.4281, -115.404 40.41303, -115.4035 40.39363, -115.403 40.3721, -115.4025 40.35091, -115.402 40.33246, -115.4015 40.31881, -115.401 40.31135, -115.4005 40.3106, -115.4 40.31622, -115.3995 40.32696, -115.399 40.34088, -115.3985 40.35563, -115.398 40.36872, -115.3975 40.37787, -115.397 40.38136, -115.3965 40.37821, -115.396 40.36833, -115.3955 40.35256, -115.395 40.33251, -115.3945 40.31038, -115.394 40.28863, -115.3935 40.26968, -115.393 40.25556, -115.3925 40.24765, -115.392 40.24648, -115.3915 40.25165, -115.391 40.26192, -115.3905 40.27535, -115.39 40.28956, -115.3895 40.30206, -115.389 40.31061, -115.3885 40.31347, -115.388 40.30969, -115.3875 40.29919, -115.387 40.28284, -115.3865 40.26224, -115.386 40.23962, -115.3855 40.21743, -115.385 40.19809, -115.3845 40.18362, -115.384 40.17538, -115.3835 40.17389, -115.383 40.17873, -115.3825 40.18866, -115.382 40.2017, -115.3815 40.21549, -115.381 40.22753, -115.3805 40.23559, -115.38 40.23795, -115.3795 40.23366, -115.379 40.22267, -115.3785 40.20585, -115.378 40.18484, -115.3775 40.16185, -115.377 40.13935, -115.3765 40.11974, -115.376 40.10505, -115.3755 40.09662, -115.375 40.09493, -115.3745 40.09958, -115.374 40.10928, -115.3735 40.12207, -115.373 40.13557, -115.3725 40.14729, -115.372 40.15499, -115.3715 40.15697, -115.371 40.15231, -115.3705 40.14097, -115.37 40.12382, -115.3695 40.10253, -115.369 40.0793, -115.3685 40.05663, -115.368 40.0369, -115.3675 40.02212, -115.367 40.01363, -115.3665 40.01189, -115.366 40.01648, -115.3655 40.0261, -115.365 40.03878, -115.3645 40.05212, -115.364 40.06365, -115.3635 40.07114, -115.363 40.07289, -115.3625 40.06799, -115.362 40.05643, -115.3615 40.0391, -115.361 40.01767, -115.3605 39.99436, -115.36 39.97165, -115.3595 39.95194, -115.359 39.93722, -115.3585 39.9288, -115.358 39.92716, -115.3575 39.93183, -115.357 39.94151, -115.3565 39.95422, -115.356 39.96755, -115.3555 39.97904, -115.355 39.98645, -115.3545 39.98811, -115.354 39.98312, -115.3535 39.97149, -115.353 39.95412, -115.3525 39.9327, -115.352 39.90944, -115.3515 39.88685, -115.351 39.8673, -115.3505 39.85278, -115.35 39.8446, -115.3495 39.84319, -115.349 39.84809, -115.3485 39.85797, -115.348 39.87085, -115.3475 39.88432, -115.347 39.8959, -115.3465 39.90338, -115.346 39.90509, -115.3455 39.90016, -115.345 39.8886, -115.3445 39.87133, -115.344 39.85005, -115.3435 39.827, -115.343 39.80466, -115.3425 39.78542, -115.342 39.77125, -115.3415 39.76343, -115.341 39.76239, -115.3405 39.76766, -115.34 39.77789, -115.3395 39.79108, -115.339 39.80482, -115.3385 39.81664, -115.338 39.82433, -115.3375 39.82623, -115.337 39.82149, -115.3365 39.81013, -115.336 39.79311, -115.3355 39.77212, -115.335 39.7494, -115.3345 39.72746, -115.334 39.70865, -115.3335 39.69496, -115.333 39.68764, -115.3325 39.68712, -115.332 39.69288, -115.3315 39.70359, -115.331 39.71721, -115.3305 39.73136, -115.33 39.74354, -115.3295 39.75157, -115.329 39.75379, -115.3285 39.74937, -115.328 39.73836, -115.3275 39.7217, -115.327 39.70112, -115.3265 39.67887, -115.326 39.65744, -115.3255 39.6392, -115.325 39.62611, -115.3245 39.61942, -115.324 39.61953, -115.3235 39.62591, -115.323 39.63721, -115.3225 39.6514, -115.322 39.66607, -115.3215 39.67874, -115.321 39.68721, -115.3205 39.68988, -115.32 39.68589, -115.3195 39.67533, -115.319 39.65915, -115.3185 39.6391, -115.318 39.61743, -115.3175 39.59663, -115.317 39.57907, -115.3165 39.56669, -115.316 39.56073, -115.3155 39.56158, -115.315 39.56869, -115.3145 39.58069, -115.314 39.59555, -115.3135 39.61083, -115.313 39.62409, -115.3125 39.63312, -115.312 39.63632, -115.3115 39.63287, -115.311 39.62286, -115.3105 39.60727, -115.31 39.58784, -115.3095 39.56684, -115.309 39.54677, -115.3085 39.52998, -115.308 39.5184, -115.3075 39.51327, -115.307 39.51495, -115.3065 39.52288, -115.306 39.53566, -115.3055 39.55127, -115.305 39.56726, -115.3045 39.58119, -115.304 39.59086, -115.3035 39.59468, -115.303 39.59184, -115.3025 39.58246, -115.302 39.56753, -115.3015 39.5488, -115.301 39.52856, -115.3005 39.50928, -115.3 39.49334, -115.2995 39.48264, -115.299 39.47841, -115.2985 39.48098, -115.298 39.48979, -115.2975 39.50343, -115.297 39.51985, -115.2965 39.53662, -115.296 39.55127, -115.2955 39.56164, -115.295 39.56614, -115.2945 39.56398, -115.294 39.55529, -115.2935 39.54107, -115.293 39.52311, -115.2925 39.50367, -115.292 39.48525, -115.2915 39.4702, -115.291 39.46043, -115.2905 39.45714, -115.29 39.46066, -115.2895 39.4704, -115.289 39.48494, -115.2885 39.50221, -115.288 39.51979, -115.2875 39.53522, -115.287 39.54632, -115.2865 39.55154, -115.286 39.55009, -115.2855 39.54212, -115.285 39.52866, -115.2845 39.51148, -115.284 39.49288, -115.2835 39.47535, -115.283 39.46122, -115.2825 39.45241, -115.282 39.45009, -115.2815 39.45457, -115.281 39.46526, -115.2805 39.48072, -115.28 39.49887, -115.2795 39.51728, -115.279 39.53349, -115.2785 39.54535, -115.278 39.55129, -115.2775 39.55057, -115.277 39.54333, -115.2765 39.53063, -115.276 39.51426, -115.2755 39.4965, -115.275 39.47985, -115.2745 39.46666, -115.274 39.4588, -115.2735 39.45745, -115.273 39.46291, -115.2725 39.47454, -115.272 39.49091, -115.2715 39.50993, -115.271 39.52916, -115.2705 39.54615, -115.27 39.55875, -115.2695 39.56541, -115.269 39.5654, -115.2685 39.55889, -115.268 39.54693, -115.2675 39.53134, -115.267 39.51441, -115.2665 39.49863, -115.266 39.48635, -115.2655 39.47943, -115.265 39.47902, -115.2645 39.48542, -115.264 39.49797, -115.2635 39.51523, -115.263 39.53508, -115.2625 39.55511, -115.262 39.57284, -115.2615 39.58615, -115.261 39.59349, -115.2605 39.59415, -115.26 39.58832, -115.2595 39.57708, -115.259 39.56223, -115.2585 39.54609, -115.258 39.53114, -115.2575 39.51971, -115.257 39.51368, -115.2565 39.51418, -115.256 39.52147, -115.2555 39.53489, -115.255 39.55297, -115.2545 39.57362, -115.254 39.59437, -115.2535 39.6128, -115.253 39.62675, -115.2525 39.63472, -115.252 39.636, -115.2515 39.63079, -115.251 39.62019, -115.2505 39.60602, -115.25 39.5906, -115.2495 39.57642, -115.249 39.56579, -115.2485 39.56058, -115.248 39.56191, -115.2475 39.57001, -115.247 39.58423, -115.2465 39.60307, -115.246 39.62443, -115.2455 39.64584, -115.245 39.66487, -115.2445 39.6794, -115.244 39.68791, -115.2435 39.68972, -115.243 39.68506, -115.2425 39.67502, -115.242 39.66145, -115.2415 39.64667, -115.241 39.63316, -115.2405 39.62324, -115.24 39.61877, -115.2395 39.62083, -115.239 39.62967, -115.2385 39.64459, -115.238 39.66409, -115.2375 39.68606, -115.237 39.70803, -115.2365 39.72758, -115.236 39.74258, -115.2355 39.75153, -115.235 39.75378, -115.2345 39.74956, -115.234 39.73998, -115.2335 39.72691, -115.233 39.71266, -115.2325 39.69972, -115.232 39.69041, -115.2315 39.68656, -115.231 39.68925, -115.2305 39.69871, -115.23 39.71422, -115.2295 39.73428, -115.229 39.75674, -115.2285 39.77917, -115.228 39.79911, -115.2275 39.81447, -115.227 39.82375, -115.2265 39.82632, -115.226 39.82242, -115.2255 39.81319, -115.225 39.80049, -115.2245 39.78666, -115.224 39.77417, -115.2235 39.76535, -115.223 39.762, -115.2225 39.7652, -115.222 39.77516, -115.2215 39.79114, -115.221 39.81162, -115.2205 39.83446, -115.22 39.8572, -115.2195 39.87742, -115.219 39.893, -115.2185 39.90249, -115.218 39.90524, -115.2175 39.90154, -115.217 39.89253, -115.2165 39.88007, -115.216 39.86652, -115.2155 39.85436, -115.215 39.84589, -115.2145 39.84291, -115.214 39.84649, -115.2135 39.85681, -115.213 39.87312, -115.2125 39.89389, -115.212 39.91697, -115.2115 39.9399, -115.211 39.96024, -115.2105 39.97592, -115.21 39.98547, -115.2095 39.98828, -115.209 39.98463, -115.2085 39.97569, -115.208 39.96335, -115.2075 39.94995, -115.207 39.93796, -115.2065 39.92971, -115.206 39.92696, -115.2055 39.93078, -115.205 39.94131, -115.2045 39.95782, -115.204 39.97873, -115.2035 40.00191, -115.203 40.02488, -115.2025 40.04521, -115.202 40.06084, -115.2015 40.07031, -115.201 40.07302, -115.2005 40.06929, -115.2 40.06029, -115.1995 40.04791, -115.199 40.03451, -115.1985 40.02257, -115.198 40.01438, -115.1975 40.01172, -115.197 40.01563, -115.1965 40.02624, -115.196 40.04279, -115.1955 40.06371, -115.195 40.08683, -115.1945 40.1097, -115.194 40.12988, -115.1935 40.14531, -115.193 40.15455, -115.1925 40.15703, -115.192 40.15307, -115.1915 40.14386, -115.191 40.13131, -115.1905 40.11777, -115.19 40.10572, -115.1895 40.09746, -115.189 40.09475, -115.1885 40.0986, -115.188 40.10914, -115.1875 40.1256, -115.187 40.14638, -115.1865 40.16931, -115.186 40.19193, -115.1855 40.21181, -115.185 40.2269, -115.1845 40.23578, -115.184 40.23789, -115.1835 40.23355, -115.183 40.224, -115.1825 40.21113, -115.182 40.19731, -115.1815 40.18502, -115.181 40.17655, -115.1805 40.17364, -115.18 40.1773, -115.1795 40.18764, -115.179 40.20386, -115.1785 40.22436, -115.178 40.24696, -115.1775 40.2692, -115.177 40.28865, -115.1765 40.30327, -115.176 40.31165, -115.1755 40.31324, -115.175 40.30841, -115.1745 40.29837, -115.174 40.28506, -115.1735 40.27083, -115.173 40.25817, -115.1725 40.24935, -115.172 40.24613, -115.1715 40.24947, -115.171 40.25948, -115.1705 40.27533, -115.17 40.29543, -115.1695 40.31757, -115.169 40.3393, -115.1685 40.35819, -115.168 40.37221, -115.1675 40.37997, -115.167 40.38093, -115.1665 40.37548, -115.166 40.36484, -115.1655 40.35095, -115.165 40.3362, -115.1645 40.32305, -115.164 40.31378, -115.1635 40.31011, -115.163 40.31302, -115.1625 40.32258, -115.162 40.33796, -115.1615 40.35753, -115.161 40.37911, -115.1605 40.40022, -115.16 40.41844, -115.1595 40.43174, -115.159 40.43877, -115.1585 40.439, -115.158 40.43281, -115.1575 40.42147, -115.157 40.40691, -115.1565 40.39153, -115.156 40.37779, -115.1555 40.36796, -115.155 40.36375, -115.1545 40.36613, -115.154 40.37514, -115.1535 40.38994, -115.153 40.4089, -115.1525 40.42981, -115.152 40.4502, -115.1515 40.46765, -115.151 40.48016, -115.1505 40.48637, -115.15 40.48576, -115.1495 40.47876, -115.149 40.46662, -115.1485 40.45131, -115.148 40.43521, -115.1475 40.4208, -115.147 40.41032, -115.1465 40.4055, -115.146 40.40726, -115.1455 40.41564, -115.145 40.42979, -115.1445 40.44805, -115.144 40.46822, -115.1435 40.48781, -115.143 40.50443, -115.1425 40.51606, -115.142 40.52138, -115.1415 40.51987, -115.141 40.51198, -115.1405 40.49899, -115.14 40.48285, -115.1395 40.46597, -115.139 40.45083, -115.1385 40.43965, -115.138 40.43414, -115.1375 40.43522, -115.137 40.44292, -115.1365 40.45636, -115.136 40.47387, -115.1355 40.49324, -115.135 40.51199, -115.1345 40.52772, -115.134 40.53843, -115.1335 40.54279, -115.133 40.54034, -115.1325 40.53152, -115.132 40.51762, -115.1315 40.50063, -115.131 40.48293, -115.1305 40.467, -115.13 40.45508, -115.1295 40.44886, -115.129 40.44923, -115.1285 40.45621, -115.128 40.4689, -115.1275 40.48562, -115.127 40.50416, -115.1265 40.52203, -115.126 40.53684, -115.1255 40.5466, -115.125 40.55, -115.1245 40.54658, -115.124 40.5368, -115.1235 40.52198, -115.123 40.50411, -115.1225 40.48557, -115.122 40.46885, -115.1215 40.45618, -115.121 40.44922, -115.1205 40.44887, -115.12 40.45511, -115.1195 40.46704, -115.119 40.48298, -115.1185 40.50068, -115.118 40.51767, -115.1175 40.53156, -115.117 40.54036, -115.1165 40.54279, -115.116 40.5384, -115.1155 40.52767, -115.115 40.51193, -115.1145 40.49318, -115.114 40.47381, -115.1135 40.45631, -115.113 40.44289, -115.1125 40.43521, -115.112 40.43415, -115.1115 40.43967, -115.111 40.45087, -115.1105 40.46602, -115.11 40.48291, -115.1095 40.49903, -115.109 40.51201, -115.1085 40.51989, -115.108 40.52137, -115.1075 40.51604, -115.107 40.50439, -115.1065 40.48776, -115.106 40.46816, -115.1055 40.44799, -115.105 40.42974, -115.1045 40.41561, -115.104 40.40724, -115.1035 40.4055, -115.103 40.41035, -115.1025 40.42084, -115.102 40.43526, -115.1015 40.45136, -115.101 40.46666, -115.1005 40.47879, -115.1 40.48577, -115.0995 40.48636, -115.099 40.48013, -115.0985 40.46761, -115.098 40.45014, -115.0975 40.42975, -115.097 40.40884, -115.0965 40.38989, -115.096 40.3751, -115.0955 40.36611, -115.095 40.36376, -115.0945 40.36798, -115.094 40.37783, -115.0935 40.39157, -115.093 40.40696, -115.0925 40.42151, -115.092 40.43284, -115.0915 40.43901, -115.091 40.43876, -115.0905 40.43171, -115.09 40.41839, -115.0895 40.40015, -115.089 40.37904, -115.0885 40.35747, -115.088 40.33791, -115.0875 40.32254, -115.087 40.313, -115.0865 40.31011, -115.086 40.3138, -115.0855 40.32309, -115.085 40.33624, -115.0845 40.351, -115.084 40.36488, -115.0835 40.3755, -115.083 40.38094, -115.0825 40.37996, -115.082 40.37218, -115.0815 40.35814, -115.081 40.33924, -115.0805 40.31751, -115.08 40.29536, -115.0795 40.27528, -115.079 40.25944, -115.0785 40.24945, -115.078 40.24613, -115.0775 40.24937, -115.077 40.2582, -115.0765 40.27087, -115.076 40.2851, -115.0755 40.29841, -115.075 40.30843, -115.0745 40.31325, -115.074 40.31163, -115.0735 40.30323, -115.073 40.2886, -115.0725 40.26914, -115.072 40.2469, -115.0715 40.2243, -115.071 40.20381, -115.0705 40.1876, -115.07 40.17728, -115.0695 40.17364, -115.069 40.17656, -115.0685 40.18505, -115.068 40.19735, -115.0675 40.21117, -115.067 40.22403, -115.0665 40.23358, -115.066 40.23789, -115.0655 40.23576, -115.065 40.22686, -115.0645 40.21176, -115.064 40.19186, -115.0635 40.16924, -115.063 40.14631, -115.0625 40.12554, -115.062 40.1091, -115.0615 40.09858, -115.061 40.09474, -115.0605 40.09748, -115.06 40.10575, -115.0595 40.1178, -115.059 40.13135, -115.0585 40.1439, -115.058 40.15309, -115.0575 40.15704, -115.057 40.15454, -115.0565 40.14527, -115.056 40.12982, -115.0555 40.10963, -115.055 40.08676, -115.0545 40.06364, -115.054 40.04273, -115.0535 40.0262, -115.053 40.0156, -115.0525 40.01172, -115.052 40.01439, -115.0515 40.0226, -115.051 40.03455, -115.0505 40.04795, -115.05 40.06032, -115.0495 40.06931, -115.049 40.07303, -115.0485 40.07029, -115.048 40.0608, -115.0475 40.04516, -115.047 40.02481, -115.0465 40.00184, -115.046 39.97866, -115.0455 39.95776, -115.045 39.94127, -115.0445 39.93075, -115.044 39.92696, -115.0435 39.92972, -115.043 39.938, -115.0425 39.94998, -115.042 39.96339, -115.0415 39.97573, -115.041 39.98465, -115.0405 39.98828, -115.04 39.98545, -115.0395 39.97588, -115.039 39.96019, -115.0385 39.93983, -115.038 39.9169, -115.0375 39.89382, -115.037 39.87306, -115.0365 39.85677, -115.036 39.84647, -115.0355 39.84291, -115.035 39.84591, -115.0345 39.85439, -115.034 39.86656, -115.0335 39.88011, -115.033 39.89256, -115.0325 39.90156, -115.032 39.90525, -115.0315 39.90247, -115.031 39.89296, -115.0305 39.87736, -115.03 39.85714, -115.0295 39.83439, -115.029 39.81155, -115.0285 39.79108, -115.028 39.77512, -115.0275 39.76518, -115.027 39.762, -115.0265 39.76537, -115.026 39.7742, -115.0255 39.7867, -115.025 39.80053, -115.0245 39.81322, -115.024 39.82244, -115.0235 39.82632, -115.023 39.82374, -115.0225 39.81443, -115.022 39.79906, -115.0215 39.7791, -115.021 39.75668, -115.0205 39.73421, -115.02 39.71417, -115.0195 39.69867, -115.019 39.68924, -115.0185 39.68656, -115.018 39.69043, -115.0175 39.69975, -115.017 39.7127, -115.0165 39.72695, -115.016 39.74002, -115.0155 39.74958, -115.015 39.75378, -115.0145 39.75152, -115.014 39.74254, -115.0135 39.72753, -115.013 39.70797, -115.0125 39.68599, -115.012 39.66403, -115.0115 39.64454, -115.011 39.62963, -115.0105 39.62081, -115.01 39.61877, -115.0095 39.62327, -115.009 39.63319, -115.0085 39.64671, -115.008 39.6615, -115.0075 39.67506, -115.007 39.68508, -115.0065 39.68973, -115.006 39.6879, -115.0055 39.67936, -115.005 39.66482, -115.0045 39.64578, -115.004 39.62436, -115.0035 39.60301, -115.003 39.58418, -115.0025 39.56998, -115.002 39.56189, -115.0015 39.56059, -115.001 39.56582, -115.0005 39.57645, -115 39.59065, -114.9995 39.60607, -114.999 39.62023, -114.9985 39.63082, -114.998 39.636, -114.9975 39.63471, -114.997 39.62672, -114.9965 39.61275, -114.996 39.59431, -114.9955 39.57355, -114.995 39.55291, -114.9945 39.53484, -114.994 39.52143, -114.9935 39.51417, -114.993 39.51369, -114.9925 39.51974, -114.992 39.53118, -114.9915 39.54613, -114.991 39.56228, -114.9905 39.57712, -114.99 39.58835, -114.9895 39.59416, -114.989 39.59348, -114.9885 39.58611, -114.988 39.57279, -114.9875 39.55505, -114.987 39.53502, -114.9865 39.51517, -114.986 39.49793, -114.9855 39.48539, -114.985 39.47902, -114.9845 39.47944, -114.984 39.48638, -114.9835 39.49868, -114.983 39.51446, -114.9825 39.53139, -114.982 39.54698, -114.9815 39.55891, -114.981 39.56541, -114.9805 39.5654, -114.98 39.55872, -114.9795 39.54611, -114.979 39.52911, -114.9785 39.50987, -114.978 39.49086, -114.9775 39.4745, -114.977 39.46288, -114.9765 39.45745, -114.976 39.45882, -114.9755 39.46669, -114.975 39.4799, -114.9745 39.49655, -114.974 39.51431, -114.9735 39.53068, -114.973 39.54336, -114.9725 39.55058, -114.972 39.55128, -114.9715 39.54532, -114.971 39.53345, -114.9705 39.51722, -114.97 39.49881, -114.9695 39.48067, -114.969 39.46522, -114.9685 39.45455, -114.968 39.45009, -114.9675 39.45243, -114.967 39.46126, -114.9665 39.47539, -114.966 39.49294, -114.9655 39.51154, -114.965 39.52871, -114.9645 39.54215, -114.964 39.5501, -114.9635 39.55153, -114.963 39.5463, -114.9625 39.53518, -114.962 39.51974, -114.9615 39.50216, -114.961 39.48489, -114.9605 39.47036, -114.96 39.46064, -114.9595 39.45714, -114.959 39.46045, -114.9585 39.47024, -114.958 39.4853, -114.9575 39.50373, -114.957 39.52316, -114.9565 39.54112, -114.956 39.55532, -114.9555 39.564, -114.955 39.56614, -114.9545 39.56162, -114.954 39.55123, -114.9535 39.53657, -114.953 39.5198, -114.9525 39.50339, -114.952 39.48976, -114.9515 39.48096, -114.951 39.47841, -114.9505 39.48267, -114.95 39.49338, -114.9495 39.50934, -114.949 39.52862, -114.9485 39.54886, -114.948 39.56758, -114.9475 39.5825, -114.947 39.59186, -114.9465 39.59467, -114.946 39.59084, -114.9455 39.58115, -114.945 39.56722, -114.9445 39.55122, -114.944 39.53562, -114.9435 39.52284, -114.943 39.51493, -114.9425 39.51328, -114.942 39.51843, -114.9415 39.53002, -114.941 39.54683, -114.9405 39.56691, -114.94 39.5879, -114.9395 39.60732, -114.939 39.6229, -114.9385 39.63289, -114.938 39.63632, -114.9375 39.6331, -114.937 39.62405, -114.9365 39.61079, -114.936 39.5955, -114.9355 39.58065, -114.935 39.56866, -114.9345 39.56157, -114.934 39.56074, -114.9335 39.56672, -114.933 39.57912, -114.9325 39.59669, -114.932 39.6175, -114.9315 39.63916, -114.931 39.65921, -114.9305 39.67537, -114.93 39.68591, -114.9295 39.68988, -114.929 39.6872, -114.9285 39.6787, -114.928 39.66602, -114.9275 39.65136, -114.927 39.63717, -114.9265 39.62589, -114.926 39.61952, -114.9255 39.61943, -114.925 39.62614, -114.9245 39.63925, -114.924 39.6575, -114.9235 39.67894, -114.923 39.70119, -114.9225 39.72176, -114.922 39.7384, -114.9215 39.7494, -114.921 39.7538, -114.9205 39.75155, -114.92 39.74351, -114.9195 39.73132, -114.919 39.71717, -114.9185 39.70355, -114.918 39.69286, -114.9175 39.68711, -114.917 39.68765, -114.9165 39.69499, -114.916 39.7087, -114.9155 39.72752, -114.915 39.74947, -114.9145 39.77218, -114.914 39.79317, -114.9135 39.81018, -114.913 39.82151, -114.9125 39.82623, -114.912 39.82431, -114.9115 39.81661, -114.911 39.80478, -114.9105 39.79103, -114.91 39.77785, -114.9095 39.76764, -114.909 39.76239, -114.9085 39.76344, -114.908 39.77128, -114.9075 39.78547, -114.907 39.80473, -114.9065 39.82707, -114.906 39.85012, -114.9055 39.87139, -114.905 39.88864, -114.9045 39.90019, -114.904 39.9051, -114.9035 39.90337, -114.903 39.89587, -114.9025 39.88428, -114.902 39.87081, -114.9015 39.85794, -114.901 39.84806, -114.9005 39.84318, -114.9 39.84461, -114.8995 39.85282, -114.899 39.86735, -114.8985 39.88691, -114.898 39.90951, -114.8975 39.93276, -114.897 39.95418, -114.8965 39.97154, -114.896 39.98315, -114.8955 39.98812, -114.895 39.98644, -114.8945 39.97901, -114.894 39.96752, -114.8935 39.95418, -114.893 39.94148, -114.8925 39.93181, -114.892 39.92716, -114.8915 39.92882, -114.891 39.93725, -114.8905 39.95199, -114.89 39.97171, -114.8895 39.99443, -114.889 40.01773, -114.8885 40.03916, -114.888 40.05647, -114.8875 40.06801, -114.887 40.07289, -114.8865 40.07112, -114.886 40.06362, -114.8855 40.05208, -114.885 40.03874, -114.8845 40.02607, -114.884 40.01646, -114.8835 40.01189, -114.883 40.01364, -114.8825 40.02216, -114.882 40.03695, -114.8815 40.05669, -114.881 40.07937, -114.8805 40.1026, -114.88 40.12388, -114.8795 40.14101, -114.879 40.15233, -114.8785 40.15698, -114.878 40.15498, -114.8775 40.14726, -114.877 40.13553, -114.8765 40.12203, -114.876 40.10925, -114.8755 40.09956, -114.875 40.09493, -114.8745 40.09663, -114.874 40.10509, -114.8735 40.1198, -114.873 40.13941, -114.8725 40.16192, -114.872 40.18491, -114.8715 40.20591, -114.871 40.22271, -114.8705 40.23368, -114.87 40.23795, -114.8695 40.23558, -114.869 40.2275, -114.8685 40.21545, -114.868 40.20166, -114.8675 40.18862, -114.867 40.17871, -114.8665 40.17388, -114.866 40.1754, -114.8655 40.18366, -114.865 40.19814, -114.8645 40.21749, -114.864 40.23969, -114.8635 40.26231, -114.863 40.28289, -114.8625 40.29924, -114.862 40.30971, -114.8615 40.31347, -114.861 40.31059, -114.8605 40.30203, -114.86 40.28951, -114.8595 40.2753, -114.859 40.26188, -114.8585 40.25163, -114.858 40.24647, -114.8575 40.24767, -114.857 40.2556, -114.8565 40.26973, -114.856 40.28869, -114.8555 40.31045, -114.855 40.33258, -114.8545 40.35262, -114.854 40.36837, -114.8535 40.37823, -114.853 40.38136, -114.8525 40.37785, -114.852 40.36868, -114.8515 40.35559, -114.851 40.34084, -114.8505 40.32692, -114.85 40.31619, -114.8495 40.3106, -114.849 40.31136, -114.8485 40.31885, -114.848 40.33251, -114.8475 40.35097, -114.847 40.37217, -114.8465 40.3937, -114.846 40.41308, -114.8455 40.42814, -114.845 40.43727, -114.8445 40.43966, -114.844 40.43542, -114.8435 40.42553, -114.843 40.41176, -114.8425 40.39637, -114.842 40.38184, -114.8415 40.37055, -114.841 40.36441, -114.8405 40.36463, -114.84 40.37158, -114.8395 40.38468, -114.839 40.40253, -114.8385 40.42309, -114.838 40.44391, -114.8375 40.46254, -114.837 40.47681, -114.8365 40.48512, -114.836 40.48669, -114.8355 40.48162, -114.835 40.47094, -114.8345 40.45639, -114.834 40.44027, -114.8335 40.42506, -114.833 40.41311, -114.8325 40.40635, -114.832 40.40596, -114.8315 40.41229, -114.831 40.42474, -114.8305 40.44191, -114.83 40.46174, -114.8295 40.48178, -114.829 40.49959, -114.8285 40.513, -114.828 40.52042, -114.8275 40.52108, -114.827 40.51513, -114.8265 40.50357, -114.826 40.48819, -114.8255 40.47128, -114.825 40.45532, -114.8245 40.44266, -114.824 40.43521, -114.8235 40.43414, -114.823 40.43979, -114.8225 40.45154, -114.822 40.46798, -114.8215 40.48702, -114.821 40.50623, -114.8205 40.52317, -114.82 40.53566, -114.8195 40.54214, -114.819 40.54185, -114.8185 40.53496, -114.818 40.52249, -114.8175 40.50624, -114.817 40.48849, -114.8165 40.47174, -114.816 40.45833, -114.8155 40.45015, -114.815 40.44837, -114.8145 40.4533, -114.814 40.46432, -114.8135 40.47998, -114.813 40.49821, -114.8125 40.51656, -114.812 40.53259, -114.8115 40.54414, -114.811 40.54965, -114.8105 40.5484, -114.81 40.54054, -114.8095 40.52714, -114.809 40.50999, -114.8085 40.49139, -114.808 40.47383, -114.8075 40.45966, -114.807 40.45074, -114.8065 40.44824, -114.806 40.45244, -114.8055 40.46271, -114.805 40.4776, -114.8045 40.495, -114.804 40.51249, -114.8035 40.5276, -114.803 40.5382, -114.8025 40.54275, -114.802 40.54053, -114.8015 40.53171, -114.801 40.51738, -114.8005 40.49934, -114.8 40.4799, -114.7995 40.46154, -114.799 40.44661, -114.7985 40.43696, -114.798 40.43375, -114.7975 40.43724, -114.797 40.44678, -114.7965 40.46089, -114.796 40.47749, -114.7955 40.49413, -114.795 40.50835, -114.7945 40.51803, -114.794 40.52164, -114.7935 40.51846, -114.793 40.50872, -114.7925 40.49348, -114.792 40.47458, -114.7915 40.45432, -114.791 40.4352, -114.7905 40.41955, -114.79 40.40921, -114.7895 40.40532, -114.789 40.40813, -114.7885 40.41697, -114.788 40.43036, -114.7875 40.4462, -114.787 40.46203, -114.7865 40.4754, -114.786 40.4842, -114.7855 40.48691, -114.785 40.48284, -114.7845 40.47221, -114.784 40.45613, -114.7835 40.43642, -114.783 40.4154, -114.7825 40.39557, -114.782 40.37925, -114.7815 40.36828, -114.781 40.36377, -114.7805 40.36596, -114.78 40.37417, -114.7795 40.3869, -114.779 40.40203, -114.7785 40.41712, -114.778 40.42971, -114.7775 40.43769, -114.777 40.43958, -114.7765 40.43468, -114.776 40.42325, -114.7755 40.40638, -114.775 40.38594, -114.7745 40.36424, -114.774 40.34378, -114.7735 40.32687, -114.773 40.31534, -114.7725 40.3103, -114.772 40.31195, -114.7715 40.31961, -114.771 40.33176, -114.7705 40.34627, -114.77 40.3607, -114.7695 40.3726, -114.769 40.37986, -114.7685 40.38101, -114.768 40.37538, -114.7675 40.36322, -114.767 40.34567, -114.7665 40.32459, -114.766 40.30231, -114.7655 40.28131, -114.765 40.26391, -114.7645 40.25193, -114.764 40.24645, -114.7635 40.24767, -114.763 40.25488, -114.7625 40.26655, -114.762 40.28055, -114.7615 40.29442, -114.761 40.30573, -114.7605 40.31237, -114.76 40.31289, -114.7595 40.30663, -114.759 40.29387, -114.7585 40.27575, -114.758 40.25414, -114.7575 40.23138, -114.757 40.20996, -114.7565 40.19219, -114.756 40.17986, -114.7555 40.17406, -114.755 40.17496, -114.7545 40.18184, -114.754 40.19315, -114.7535 40.20675, -114.753 40.22019, -114.7525 40.23102, -114.752 40.23717, -114.7515 40.23718, -114.751 40.23042, -114.7505 40.21717, -114.75 40.1986, -114.7495 40.1766, -114.749 40.15349, -114.7485 40.13178, -114.748 40.11376, -114.7475 40.10122, -114.747 40.09523, -114.7465 40.09594, -114.746 40.10261, -114.7455 40.11369, -114.745 40.12702, -114.7445 40.14016, -114.744 40.15065, -114.7435 40.15644, -114.743 40.15607, -114.7425 40.14894, -114.742 40.13534, -114.7415 40.11646, -114.741 40.09419, -114.7405 40.07088, -114.74 40.04901, -114.7395 40.03088, -114.739 40.01827, -114.7385 40.01222, -114.738 40.01288, -114.7375 40.01948, -114.737 40.03047, -114.7365 40.04368, -114.736 40.05664, -114.7355 40.06694, -114.735 40.0725, -114.7345 40.0719, -114.734 40.06453, -114.7335 40.05073, -114.733 40.03169, -114.7325 40.0093, -114.732 39.98591, -114.7315 39.96403, -114.731 39.94593, -114.7305 39.93339, -114.73 39.92743, -114.7295 39.92818, -114.729 39.93486, -114.7285 39.9459, -114.728 39.95912, -114.7275 39.97206, -114.727 39.9823, -114.7265 39.98779, -114.726 39.98709, -114.7255 39.97964, -114.725 39.96578, -114.7245 39.94671, -114.724 39.92434, -114.7235 39.90104, -114.723 39.87928, -114.7225 39.86136, -114.722 39.84904, -114.7215 39.84331, -114.721 39.84429, -114.7205 39.85119, -114.72 39.86242, -114.7195 39.8758, -114.719 39.88886, -114.7185 39.89919, -114.718 39.90473, -114.7175 39.90409, -114.717 39.8967, -114.7165 39.88292, -114.716 39.86396, -114.7155 39.84176, -114.715 39.81868, -114.7145 39.79721, -114.714 39.77961, -114.7135 39.76763, -114.713 39.76227, -114.7125 39.76363, -114.712 39.77089, -114.7115 39.78245, -114.711 39.79613, -114.7105 39.80945, -114.71 39.82001, -114.7095 39.82575, -114.709 39.8253, -114.7085 39.8181, -114.708 39.80454, -114.7075 39.78584, -114.707 39.76394, -114.7065 39.74122, -114.706 39.72015, -114.7055 39.70301, -114.705 39.69152, -114.7045 39.68667, -114.704 39.68854, -114.7035 39.69629, -114.703 39.70832, -114.7025 39.72242, -114.702 39.73613, -114.7015 39.74704, -114.701 39.75311, -114.7005 39.75297, -114.7 39.7461, -114.6995 39.73289, -114.699 39.71457, -114.6985 39.69311, -114.698 39.67087, -114.6975 39.65034, -114.697 39.63377, -114.6965 39.6229, -114.696 39.61868, -114.6955 39.62118, -114.695 39.62954, -114.6945 39.64215, -114.694 39.6568, -114.6935 39.67102, -114.693 39.6824, -114.6925 39.68892, -114.692 39.68921, -114.6915 39.68278, -114.691 39.67003, -114.6905 39.65221, -114.69 39.63129, -114.6895 39.60965, -114.689 39.58977, -114.6885 39.5739, -114.688 39.56375, -114.6875 39.56026, -114.687 39.56349, -114.6865 39.57258, -114.686 39.58588, -114.6855 39.60118, -114.685 39.616, -114.6845 39.62796, -114.684 39.63502, -114.6835 39.63585, -114.683 39.62996, -114.6825 39.61777, -114.682 39.60055, -114.6815 39.58027, -114.681 39.55932, -114.6805 39.54018, -114.68 39.52509, -114.6795 39.51576, -114.679 39.5131, -114.6785 39.51716, -114.678 39.52705, -114.6775 39.54112, -114.677 39.55716, -114.6765 39.57268, -114.676 39.58529, -114.6755 39.59298, -114.675 39.59443, -114.6745 39.58916, -114.674 39.5776, -114.6735 39.56106, -114.673 39.5415, -114.6725 39.52132, -114.672 39.503, -114.6715 39.48877, -114.671 39.48032, -114.6705 39.47856, -114.67 39.48351, -114.6695 39.49428, -114.669 39.50919, -114.6685 39.52603, -114.668 39.5423, -114.6675 39.55563, -114.667 39.56401, -114.6665 39.56614, -114.666 39.56155, -114.6655 39.55069, -114.665 39.53487, -114.6645 39.51609, -114.664 39.49674, -114.6635 39.47928, -114.663 39.46596, -114.6625 39.45845, -114.662 39.45764, -114.6615 39.46353, -114.661 39.47522, -114.6605 39.49101, -114.66 39.50869, -114.6595 39.52576, -114.659 39.53985, -114.6585 39.54896, -114.658 39.55179, -114.6575 39.54792, -114.657 39.53779, -114.6565 39.52274, -114.656 39.50477, -114.6555 39.48626, -114.655 39.46971, -114.6545 39.45733, -114.654 39.45078, -114.6535 39.45094, -114.653 39.4578, -114.6525 39.47042, -114.652 39.48712, -114.6515 39.50565, -114.651 39.52354, -114.6505 39.53839, -114.65 39.54825, -114.6495 39.55181, -114.649 39.54866, -114.6485 39.53928, -114.648 39.525, -114.6475 39.50784, -114.647 39.4902, -114.6465 39.47455, -114.646 39.46311, -114.6455 39.45753, -114.645 39.45866, -114.6445 39.46647, -114.644 39.48003, -114.6435 39.49763, -114.643 39.51702, -114.6425 39.53571, -114.642 39.55133, -114.6415 39.56191, -114.641 39.56619, -114.6405 39.56375, -114.64 39.5551, -114.6395 39.54158, -114.639 39.52522, -114.6385 39.50842, -114.638 39.49366, -114.6375 39.48314, -114.637 39.47849, -114.6365 39.48057, -114.636 39.48932, -114.6355 39.50379, -114.635 39.52226, -114.6345 39.54246, -114.634 39.56193, -114.6335 39.57828, -114.633 39.58956, -114.6325 39.59451, -114.632 39.59275, -114.6315 39.58479, -114.631 39.57199, -114.6305 39.55639, -114.63 39.54039, -114.6295 39.52647, -114.629 39.51683, -114.6285 39.51308, -114.628 39.51605, -114.6275 39.52569, -114.627 39.54101, -114.6265 39.56029, -114.626 39.58127, -114.6255 39.60145, -114.625 39.61847, -114.6245 39.63039, -114.624 39.63597, -114.6235 39.63482, -114.623 39.62749, -114.6225 39.61535, -114.622 39.60044, -114.6215 39.58518, -114.621 39.57204, -114.6205 39.5632, -114.62 39.56027, -114.6195 39.56408, -114.619 39.57453, -114.6185 39.59064, -114.618 39.61066, -114.6175 39.63232, -114.617 39.65315, -114.6165 39.67076, -114.616 39.68324, -114.6155 39.68935, -114.615 39.68874, -114.6145 39.68196, -114.614 39.67039, -114.6135 39.6561, -114.613 39.64149, -114.6125 39.62903, -114.612 39.62091, -114.6115 39.61873, -114.611 39.62327, -114.6105 39.63444, -114.61 39.65124, -114.6095 39.6719, -114.609 39.69416, -114.6085 39.71553, -114.608 39.73364, -114.6075 39.74658, -114.607 39.75313, -114.6065 39.75296, -114.606 39.74662, -114.6055 39.73553, -114.605 39.72174, -114.6045 39.70768, -114.604 39.69581, -114.6035 39.68831, -114.603 39.68675, -114.6025 39.69192, -114.602 39.7037, -114.6015 39.72108, -114.601 39.74228, -114.6005 39.76502, -114.6 39.78682, -114.5995 39.80531, -114.599 39.81859, -114.5985 39.82547, -114.598 39.82561, -114.5975 39.8196, -114.597 39.80887, -114.5965 39.79547, -114.596 39.78184, -114.5955 39.77044, -114.595 39.76342, -114.5945 39.76237, -114.594 39.76805, -114.5935 39.78032, -114.593 39.79815, -114.5925 39.81976, -114.592 39.84286, -114.5915 39.86495, -114.591 39.8837, -114.5905 39.8972, -114.59 39.90427, -114.5895 39.9046, -114.589 39.8988, -114.5885 39.88829, -114.588 39.87515, -114.5875 39.86182, -114.587 39.85075, -114.5865 39.8441, -114.586 39.84342, -114.5855 39.84948, -114.585 39.8621, -114.5845 39.88025, -114.584 39.90213, -114.5835 39.92544, -114.583 39.9477, -114.5825 39.96657, -114.582 39.98015, -114.5815 39.98727, -114.581 39.98766, -114.5805 39.98191, -114.58 39.97149, -114.5795 39.95848, -114.579 39.9453, -114.5785 39.93443, -114.578 39.928, -114.5775 39.92756, -114.577 39.93384, -114.5765 39.94668, -114.576 39.965, -114.5755 39.98701, -114.575 40.0104, -114.5745 40.03268, -114.574 40.05152, -114.5735 40.06504, -114.573 40.07208, -114.5725 40.07237, -114.572 40.06655, -114.5715 40.05607, -114.571 40.04303, -114.5705 40.02988, -114.57 40.01905, -114.5695 40.0127, -114.569 40.01235, -114.5685 40.01872, -114.568 40.03162, -114.5675 40.04998, -114.567 40.07197, -114.5665 40.09529, -114.566 40.11745, -114.5655 40.13612, -114.565 40.14943, -114.5645 40.15624, -114.564 40.1563, -114.5635 40.15025, -114.563 40.13957, -114.5625 40.12638, -114.562 40.11309, -114.5615 40.10218, -114.561 40.09576, -114.5605 40.09536, -114.56 40.10167, -114.5595 40.1145, -114.559 40.13274, -114.5585 40.15458, -114.558 40.17769, -114.5575 40.19958, -114.557 40.21793, -114.5565 40.23089, -114.556 40.23733, -114.5555 40.23701, -114.555 40.2306, -114.5545 40.21959, -114.554 40.20609, -114.5535 40.19254, -114.553 40.1814, -114.5525 40.17478, -114.552 40.17418, -114.5515 40.18031, -114.551 40.19292, -114.5505 40.21091, -114.55 40.23245, -114.5495 40.25521, -114.549 40.2767, -114.5485 40.2946, -114.548 40.30708, -114.5475 40.31301, -114.547 40.31219, -114.5465 40.30528, -114.546 40.2938, -114.5455 40.27986, -114.545 40.26592, -114.5445 40.25442, -114.544 40.24747, -114.5435 40.24656, -114.543 40.25236, -114.5425 40.26463, -114.542 40.28224, -114.5415 40.30336, -114.541 40.32564, -114.5405 40.3466, -114.54 40.36393, -114.5395 40.3758, -114.539 40.3811, -114.5385 40.37965, -114.538 40.37212, -114.5375 40.36006, -114.537 40.34557, -114.5365 40.33111, -114.536 40.31913, -114.5355 40.31173, -114.535 40.31038, -114.5345 40.31575, -114.534 40.32756, -114.5335 40.34468, -114.533 40.36526, -114.5325 40.38696, -114.532 40.40728, -114.5315 40.42392, -114.531 40.43507, -114.5305 40.43964, -114.53 40.43745, -114.5295 40.4292, -114.529 40.41644, -114.5285 40.40129, -114.528 40.38622, -114.5275 40.37367, -114.527 40.36571, -114.5265 40.36383, -114.526 40.36866, -114.5255 40.37991, -114.525 40.39645, -114.5245 40.41639, -114.524 40.4374, -114.5235 40.45699, -114.523 40.47285, -114.5225 40.48319, -114.522 40.48693, -114.5215 40.48391, -114.521 40.47485, -114.5205 40.46131, -114.52 40.44543, -114.5195 40.42966, -114.519 40.41644, -114.5185 40.40785, -114.518 40.40535, -114.5175 40.40956, -114.517 40.42018, -114.5165 40.43605, -114.516 40.45528, -114.5155 40.47553, -114.515 40.4943, -114.5145 40.50932, -114.514 40.51877, -114.5135 40.52162, -114.513 40.5177, -114.5125 40.50776, -114.512 40.49337, -114.5115 40.47668, -114.511 40.46015, -114.5105 40.44621, -114.51 40.43693, -114.5095 40.43375, -114.509 40.43728, -114.5085 40.44721, -114.508 40.46235, -114.5075 40.48081, -114.507 40.50025, -114.5065 40.51816, -114.506 40.53227, -114.5055 40.54079, -114.505 40.54269, -114.5045 40.53783, -114.504 40.52697, -114.5035 40.51169, -114.503 40.49415, -114.5025 40.47682, -114.502 40.46211, -114.5015 40.4521, -114.501 40.44821, -114.5005 40.45103, -114.5 40.46022, -114.4995 40.47461, -114.499 40.49227, -114.4985 40.51086, -114.498 40.52788, -114.4975 40.54105, -114.497 40.54861, -114.4965 40.54954, -114.496 40.54372, -114.4955 40.53192, -114.495 40.51573, -114.4945 40.49732, -114.494 40.47916, -114.4935 40.46368, -114.493 40.45292, -114.4925 40.44831, -114.492 40.4504, -114.4915 40.45886, -114.491 40.47247, -114.4905 40.48933, -114.49 40.50706, -114.4895 40.52318, -114.489 40.53542, -114.4885 40.54202, -114.488 40.54198, -114.4875 40.53519, -114.487 40.52245, -114.4865 40.50536, -114.486 40.48609, -114.4855 40.46712, -114.485 40.45087, -114.4845 40.43938, -114.484 40.43404, -114.4835 40.43542, -114.483 40.44316, -114.4825 40.45602, -114.482 40.47208, -114.4815 40.48898, -114.481 40.50422, -114.4805 40.51555, -114.48 40.52121, -114.4795 40.52022, -114.479 40.51249, -114.4785 40.49883, -114.478 40.48087, -114.4775 40.46077, -114.477 40.44102, -114.4765 40.42403, -114.476 40.41184, -114.4755 40.40583, -114.475 40.40653, -114.4745 40.41358, -114.474 40.42572, -114.4735 40.44103, -114.473 40.45714, -114.4725 40.47155, -114.472 40.482, -114.4715 40.48677, -114.471 40.48488, -114.4705 40.47626, -114.47 40.46174, -114.4695 40.44295, -114.469 40.42208, -114.4685 40.40161, -114.468 40.38394, -114.4675 40.37111, -114.467 40.36447, -114.4665 40.36456, -114.466 40.37098, -114.4655 40.38247, -114.465 40.3971, -114.4645 40.41247, -114.464 40.42611, -114.4635 40.43576, -114.463 40.4397, -114.4625 40.43698, -114.462 40.42755, -114.4615 40.41224, -114.461 40.3927, -114.4605 40.37114, -114.46 40.35001, -114.4595 40.33174, -114.459 40.31834, -114.4585 40.31117, -114.458 40.31072, -114.4575 40.3166, -114.457 40.32752, -114.4565 40.34154, -114.456 40.35627, -114.4555 40.36922, -114.455 40.37816, -114.4545 40.38136, -114.454 40.37791, -114.4535 40.36775, -114.453 40.35175, -114.4525 40.33156, -114.452 40.30939, -114.4515 40.28771, -114.451 40.26894, -114.4505 40.25507, -114.45 40.24746, -114.4495 40.24658, -114.449 40.25201, -114.4485 40.26247, -114.448 40.27598, -114.4475 40.29017, -114.447 40.30254, -114.4465 40.31087, -114.446 40.31344, -114.4455 40.30936, -114.445 40.29858, -114.4445 40.282, -114.444 40.26126, -114.4435 40.2386, -114.443 40.21649, -114.4425 40.19733, -114.442 40.18312, -114.4415 40.17517, -114.441 40.17398, -114.4405 40.17908, -114.44 40.18919, -114.4395 40.20231, -114.439 40.21608, -114.4385 40.22799, -114.438 40.23583, -114.4375 40.2379, -114.437 40.23331, -114.4365 40.22204, -114.436 40.20499, -114.4355 40.18384, -114.435 40.16082, -114.4345 40.1384, -114.434 40.11898, -114.4335 40.10454, -114.433 40.0964, -114.4325 40.09501, -114.432 40.09992, -114.4315 40.1098, -114.431 40.12268, -114.4305 40.13615, -114.43 40.14773, -114.4295 40.15521, -114.429 40.15691, -114.4285 40.15194, -114.428 40.14032, -114.4275 40.12295, -114.427 40.10152, -114.4265 40.07827, -114.426 40.05567, -114.4255 40.03613, -114.425 40.02161, -114.4245 40.01341, -114.424 40.01197, -114.4235 40.01681, -114.423 40.02662, -114.4225 40.03937, -114.422 40.05269, -114.4215 40.06409, -114.421 40.07135, -114.4205 40.07281, -114.42 40.06761, -114.4195 40.05577, -114.419 40.03822, -114.4185 40.01665, -114.418 39.99332, -114.4175 39.97069, -114.417 39.95117, -114.4165 39.9367, -114.416 39.92859, -114.4155 39.92724, -114.415 39.93217, -114.4145 39.94203, -114.414 39.95482, -114.4135 39.96812, -114.413 39.97947, -114.4125 39.98666, -114.412 39.98803, -114.4115 39.98274, -114.411 39.97083, -114.4105 39.95324, -114.41 39.93168, -114.4095 39.90841, -114.409 39.8859, -114.4085 39.86654, -114.408 39.85228, -114.4075 39.84439, -114.407 39.84328, -114.4065 39.84843, -114.406 39.8585, -114.4055 39.87145, -114.405 39.88489, -114.4045 39.89634, -114.404 39.90359, -114.4035 39.90502, -114.403 39.89978, -114.4025 39.88794, -114.402 39.87046, -114.4015 39.84905, -114.401 39.82598, -114.4005 39.80373, -114.4 39.78467, -114.3995 39.77076, -114.399 39.76324, -114.3985 39.7625, -114.398 39.76802, -114.3975 39.77843, -114.397 39.79169, -114.3965 39.8054, -114.396 39.81708, -114.3955 39.82454, -114.395 39.82616, -114.3945 39.82112, -114.394 39.80949, -114.3935 39.79225, -114.393 39.77113, -114.3925 39.74839, -114.392 39.72654, -114.3915 39.70792, -114.391 39.69449, -114.3905 39.68747, -114.39 39.68725, -114.3895 39.69327, -114.389 39.70415, -114.3885 39.71785, -114.388 39.73196, -114.3875 39.744, -114.387 39.7518, -114.3865 39.75374, -114.386 39.74902, -114.3855 39.73773, -114.385 39.72085, -114.3845 39.70015, -114.384 39.67788, -114.3835 39.65655, -114.383 39.6385, -114.3825 39.62567, -114.382 39.61928, -114.3815 39.61969, -114.381 39.62632, -114.3805 39.6378, -114.38 39.65206, -114.3795 39.66669, -114.379 39.67922, -114.3785 39.68747, -114.378 39.68984, -114.3775 39.68556, -114.377 39.67472, -114.3765 39.65833, -114.376 39.63815, -114.3755 39.61647, -114.375 39.59577, -114.3745 39.5784, -114.374 39.56628, -114.3735 39.56063, -114.373 39.56177, -114.3725 39.56914, -114.372 39.58131, -114.3715 39.59623, -114.371 39.61148, -114.3705 39.62459, -114.37 39.6334, -114.3695 39.63631, -114.369 39.63256, -114.3685 39.62227, -114.368 39.60647, -114.3675 39.58692, -114.367 39.56592, -114.3665 39.54594, -114.366 39.52934, -114.3655 39.51803, -114.365 39.5132, -114.3645 39.51518, -114.364 39.52335, -114.3635 39.53631, -114.363 39.55199, -114.3625 39.56794, -114.362 39.58172, -114.3615 39.59116, -114.361 39.59469, -114.3605 39.59156, -114.36 39.5819, -114.3595 39.56676, -114.359 39.54792, -114.3585 39.52766, -114.358 39.50849, -114.3575 39.49274, -114.357 39.48231, -114.3565 39.47838, -114.356 39.48125, -114.3555 39.49031, -114.355 39.50412, -114.3545 39.5206, -114.354 39.53733, -114.3535 39.55184, -114.353 39.56197, -114.3525 39.56619, -114.352 39.56373, -114.3515 39.55476, -114.351 39.54034, -114.3505 39.52226, -114.35 39.50281, -114.3495 39.48449, -114.349 39.46964, -114.3485 39.46014, -114.348 39.45715, -114.3475 39.46097, -114.347 39.47095, -114.3465 39.48566, -114.346 39.503, -114.3455 39.52054, -114.345 39.53582, -114.3445 39.54669, -114.344 39.55162, -114.3435 39.54987, -114.343 39.54163, -114.3425 39.52796, -114.342 39.51067, -114.3415 39.49206, -114.341 39.47463, -114.3405 39.46071, -114.34 39.45216, -114.3395 39.45015, -114.339 39.45493, -114.3385 39.46586, -114.338 39.48148, -114.3375 39.4997, -114.337 39.51806, -114.3365 39.53412, -114.336 39.54575, -114.3355 39.5514, -114.335 39.55038, -114.3345 39.54288, -114.334 39.52997, -114.3335 39.51348, -114.333 39.49572, -114.3325 39.47918, -114.332 39.46619, -114.3315 39.4586, -114.331 39.45755, -114.3305 39.4633, -114.33 39.47518, -114.3295 39.49172, -114.329 39.5108, -114.3285 39.52998, -114.328 39.54682, -114.3275 39.55918, -114.327 39.56555, -114.3265 39.56524, -114.326 39.55846, -114.3255 39.5463, -114.325 39.5306, -114.3245 39.51367, -114.324 39.498, -114.3235 39.48592, -114.323 39.47927, -114.3225 39.47917, -114.322 39.48585, -114.3215 39.49865, -114.321 39.51607, -114.3205 39.53599, -114.32 39.55596, -114.3195 39.57354, -114.319 39.58661, -114.3185 39.59366, -114.318 39.59403, -114.3175 39.58793, -114.317 39.57648, -114.3165 39.56152, -114.316 39.54538, -114.3155 39.53054, -114.315 39.51932, -114.3145 39.51356, -114.314 39.51436, -114.3135 39.52194, -114.313 39.53561, -114.3125 39.55385, -114.312 39.57455, -114.3115 39.59526, -114.311 39.61352, -114.3105 39.62724, -114.31 39.63492, -114.3095 39.6359, -114.309 39.63042, -114.3085 39.61962, -114.308 39.60535, -114.3075 39.58993, -114.307 39.57585, -114.3065 39.56543, -114.306 39.5605, -114.3055 39.56213, -114.305 39.57052, -114.3045 39.58499, -114.304 39.60399, -114.3035 39.62539, -114.303 39.64675, -114.3025 39.66563, -114.302 39.67991, -114.3015 39.68814, -114.301 39.68965, -114.3005 39.68472, -114.3 39.67448, -114.2995 39.6608, -114.299 39.64602, -114.2985 39.63263, -114.298 39.62292, -114.2975 39.61871, -114.297 39.62108, -114.2965 39.63021, -114.296 39.64537, -114.2955 39.66503, -114.295 39.68705, -114.2945 39.70897, -114.294 39.72835, -114.2935 39.74311, -114.293 39.75178, -114.2925 39.75373, -114.292 39.74923, -114.2915 39.73946, -114.291 39.72628, -114.2905 39.71204, -114.29 39.69921, -114.2895 39.69011, -114.289 39.68653, -114.2885 39.68953, -114.288 39.69928, -114.2875 39.71503, -114.287 39.73524, -114.2865 39.75776, -114.286 39.78013, -114.2855 39.7999, -114.285 39.81502, -114.2845 39.82401, -114.284 39.82628, -114.2835 39.82211, -114.283 39.81268, -114.2825 39.79988, -114.282 39.78605, -114.2815 39.77369, -114.281 39.76507, -114.2805 39.762, -114.28 39.7655, -114.2795 39.77575, -114.279 39.79197, -114.2785 39.8126, -114.278 39.83549, -114.2775 39.85817, -114.277 39.87822, -114.2765 39.89356, -114.276 39.90276, -114.2755 39.90521, -114.275 39.90124, -114.2745 39.89203, -114.274 39.87948, -114.2735 39.86593, -114.273 39.85389, -114.2725 39.84563, -114.272 39.84293, -114.2715 39.84681, -114.271 39.85741, -114.2705 39.87396, -114.27 39.89488, -114.2695 39.91801, -114.269 39.94087, -114.2685 39.96105, -114.268 39.97648, -114.2675 39.98574, -114.267 39.98825, -114.2665 39.98433, -114.266 39.9752, -114.2655 39.96276, -114.265 39.94936, -114.2645 39.9375, -114.264 39.92946, -114.2635 39.92699, -114.263 39.9311, -114.2625 39.94193, -114.262 39.95866, -114.2615 39.97973, -114.261 40.00295, -114.2605 40.02585, -114.26 40.04602, -114.2595 40.06139, -114.259 40.07057, -114.2585 40.07299, -114.258 40.06899, -114.2575 40.05979, -114.257 40.04732, -114.2565 40.03393, -114.256 40.02211, -114.2555 40.01413, -114.255 40.01175, -114.2545 40.01596, -114.254 40.02686, -114.2535 40.04364, -114.253 40.06471, -114.2525 40.08787, -114.252 40.11067, -114.2515 40.13068, -114.251 40.14585, -114.2505 40.15481, -114.25 40.15699, -114.2495 40.15276, -114.249 40.14336, -114.2485 40.13071, -114.248 40.11718, -114.2475 40.10526, -114.247 40.09721, -114.2465 40.09477, -114.246 40.09893, -114.2455 40.10976, -114.245 40.12644, -114.2445 40.14737, -114.244 40.17034, -114.2435 40.19289, -114.243 40.2126, -114.2425 40.22743, -114.242 40.23602, -114.2415 40.23782, -114.241 40.23323, -114.2405 40.22348, -114.24 40.21051, -114.2395 40.19671, -114.239 40.18455, -114.2385 40.17629, -114.238 40.17366, -114.2375 40.17762, -114.237 40.18825, -114.2365 40.2047, -114.236 40.22534, -114.2355 40.24798, -114.235 40.27014, -114.2345 40.28942, -114.234 40.30378, -114.2335 40.31186, -114.233 40.31316, -114.2325 40.30806, -114.232 40.29783, -114.2315 40.28442, -114.231 40.27021, -114.2305 40.25768, -114.23 40.24908, -114.2295 40.24613, -114.229 40.24978, -114.2285 40.26007, -114.228 40.27615, -114.2275 40.29639, -114.227 40.31857, -114.2265 40.34022, -114.226 40.35893, -114.2255 40.37269, -114.225 40.38016, -114.2245 40.38082, -114.224 40.3751, -114.2235 40.36427, -114.223 40.3503, -114.2225 40.33556, -114.222 40.32254, -114.2215 40.31349, -114.221 40.3101, -114.2205 40.31331, -114.22 40.32315, -114.2195 40.33875, -114.219 40.35847, -114.2185 40.38008, -114.218 40.4011, -114.2175 40.41914, -114.217 40.4322, -114.2165 40.43893, -114.216 40.43885, -114.2155 40.4324, -114.215 40.42087, -114.2145 40.40623, -114.214 40.39086, -114.2135 40.37726, -114.213 40.36764, -114.2125 40.36371, -114.212 40.36639, -114.2115 40.37568, -114.211 40.39071, -114.2105 40.4098, -114.21 40.43074, -114.2095 40.45105, -114.209 40.46833, -114.2085 40.48058, -114.208 40.48648, -114.2075 40.48558, -114.207 40.47831, -114.2065 40.46599, -114.206 40.45059, -114.2055 40.43451, -114.205 40.42023, -114.2045 40.40998, -114.204 40.40543, -114.2035 40.40749, -114.203 40.41616, -114.2025 40.43053, -114.202 40.44892, -114.2015 40.46912, -114.201 40.48863, -114.2005 40.50507, -114.2 40.51644, -114.1995 40.52145, -114.199 40.51965, -114.1985 40.5115, -114.198 40.49832, -114.1975 40.4821, -114.197 40.46525, -114.1965 40.45023, -114.196 40.43927, -114.1955 40.43405, -114.195 40.43543, -114.1945 40.44341, -114.194 40.45706, -114.1935 40.47471, -114.193 40.4941, -114.1925 40.51277, -114.192 40.52831, -114.1915 40.53876, -114.191 40.54283, -114.1905 40.54008, -114.19 40.531, -114.1895 40.51692, -114.189 40.49984, -114.1885 40.48216, -114.188 40.46637, -114.1875 40.45468, -114.187 40.44873, -114.1865 40.4494, -114.186 40.45666, -114.1855 40.46957, -114.185 40.48643, -114.1845 40.50499, -114.184 40.52277, -114.1835 40.5374, -114.183 40.54689, -114.1825 40.54999, -114.182 40.54628, -114.1815 40.53624, -114.181 40.52124, -114.1805 40.50328, -114.18 40.48477, -114.1795 40.46819, -114.179 40.45574, -114.1785 40.44906, -114.178 40.44901, -114.1775 40.45553, -114.177 40.46768, -114.1765 40.48375, -114.176 40.50147, -114.1755 40.51837, -114.175 40.53207, -114.1745 40.54061, -114.174 40.54274, -114.1735 40.53805, -114.173 40.52707, -114.1725 40.51115, -114.172 40.49231, -114.1715 40.47298, -114.171 40.45561, -114.1705 40.44242, -114.17 40.43502, -114.1695 40.43426, -114.169 40.44006, -114.1685 40.45147, -114.168 40.46675, -114.1675 40.48366, -114.167 40.49969, -114.1665 40.51248, -114.166 40.52009, -114.1655 40.52128, -114.165 40.51565, -114.1645 40.50374, -114.164 40.48693, -114.1635 40.46725, -114.163 40.44712, -114.1625 40.42901, -114.162 40.4151, -114.1615 40.40702, -114.161 40.40558, -114.1605 40.4107, -114.16 40.42141, -114.1595 40.43595, -114.159 40.45207, -114.1585 40.46728, -114.158 40.47922, -114.1575 40.48594, -114.157 40.48623, -114.1565 40.4797, -114.156 40.46692, -114.1555 40.44928, -114.155 40.42881, -114.1545 40.40794, -114.154 40.38913, -114.1535 40.37457, -114.153 40.36586, -114.1525 40.36381, -114.152 40.36831, -114.1515 40.37837, -114.151 40.39224, -114.1505 40.40764, -114.15 40.4221, -114.1495 40.43323, -114.149 40.43914, -114.1485 40.43859, -114.148 40.43125, -114.1475 40.41767, -114.147 40.39926, -114.1465 40.37808, -114.146 40.35654, -114.1455 40.33712, -114.145 40.32199, -114.1445 40.31273, -114.144 40.31014, -114.1435 40.3141, -114.143 40.3236, -114.1425 40.33688, -114.142 40.35165, -114.1415 40.36543, -114.141 40.37586, -114.1405 40.38104, -114.14 40.37975, -114.1395 40.37168, -114.139 40.35739, -114.1385 40.33832, -114.138 40.31651, -114.1375 40.29441, -114.137 40.27447, -114.1365 40.25886, -114.136 40.24916, -114.1355 40.24614, -114.135 40.24966, -114.1345 40.2587, -114.134 40.27148, -114.1335 40.28573, -114.133 40.29894, -114.1325 40.30877, -114.132 40.31332, -114.1315 40.3114, -114.131 40.30271, -114.1305 40.28782, -114.13 40.26819, -114.1295 40.24588, -114.129 40.22332, -114.1285 40.20298, -114.128 40.18701, -114.1275 40.17698, -114.127 40.17363, -114.1265 40.17683, -114.126 40.18553, -114.1255 40.19795, -114.125 40.21178, -114.1245 40.22454, -114.124 40.23389, -114.1235 40.23794, -114.123 40.23551, -114.1225 40.22631, -114.122 40.21096, -114.1215 40.1909, -114.121 40.16821, -114.1205 40.14532, -114.12 40.1247, -114.1195 40.1085, -114.119 40.09826, -114.1185 40.09473, -114.118 40.09774, -114.1175 40.10622, -114.117 40.11839, -114.1165 40.13194, -114.116 40.14439, -114.1155 40.15339, -114.115 40.15707, -114.1145 40.15427, -114.114 40.14471, -114.1135 40.12902, -114.113 40.10866, -114.1125 40.08572, -114.112 40.06265, -114.1115 40.04189, -114.111 40.02559, -114.1105 40.01529, -114.11 40.0117, -114.1095 40.01465, -114.109 40.02307, -114.1085 40.03513, -114.108 40.04854, -114.1075 40.06081, -114.107 40.0696, -114.1065 40.07305, -114.106 40.07001, -114.1055 40.06023, -114.105 40.04434, -114.1045 40.02383, -114.104 40.00079, -114.1035 39.97767, -114.103 39.95692, -114.1025 39.94067, -114.102 39.93044, -114.1015 39.92695, -114.101 39.92998, -114.1005 39.93847, -114.1 39.95057, -114.0995 39.96398, -114.099 39.97621, -114.0985 39.98493, -114.098 39.9883, -114.0975 39.98517, -114.097 39.97531, -114.0965 39.95937, -114.096 39.93885, -114.0955 39.91586, -114.095 39.89283, -114.0945 39.87223, -114.094 39.85617, -114.0935 39.84617, -114.093 39.84291, -114.0925 39.84618, -114.092 39.85487, -114.0915 39.86715, -114.091 39.88071, -114.0905 39.89305, -114.09 39.90185, -114.0895 39.90527, -114.089 39.90219, -114.0885 39.89239, -114.088 39.87655, -114.0875 39.85616, -114.087 39.83336, -114.0865 39.81057, -114.086 39.79026, -114.0855 39.77454, -114.085 39.7649, -114.0845 39.76201, -114.084 39.76565, -114.0835 39.7747, -114.083 39.7873, -114.0825 39.80114, -114.082 39.81372, -114.0815 39.82274, -114.081 39.82635, -114.0805 39.82346, -114.08 39.81387, -114.0795 39.79825, -114.079 39.77814, -114.0785 39.75566, -114.078 39.73325, -114.0775 39.71337, -114.077 39.69812, -114.0765 39.68897, -114.076 39.6866, -114.0755 39.69074, -114.075 39.70027, -114.0745 39.71332, -114.074 39.72757, -114.0735 39.74053, -114.073 39.74989, -114.0725 39.75383, -114.072 39.75126, -114.0715 39.74199, -114.071 39.72674, -114.0705 39.70703, -114.07 39.685, -114.0695 39.66309, -114.069 39.64376, -114.0685 39.6291, -114.068 39.62058, -114.0675 39.61884, -114.067 39.6236, -114.0665 39.63373, -114.066 39.64736, -114.0655 39.66214, -114.065 39.6756, -114.0645 39.68541, -114.064 39.68979, -114.0635 39.68766, -114.063 39.67884, -114.0625 39.66406, -114.062 39.64486, -114.0615 39.62339, -114.061 39.60211, -114.0605 39.58344, -114.06 39.56948, -114.0595 39.56169, -114.059 39.56069, -114.0585 39.56619, -114.058 39.57702, -114.0575 39.59133, -114.057 39.60674, -114.0565 39.62079, -114.056 39.63117, -114.0555 39.63609, -114.055 39.63449, -114.0545 39.62621, -114.054 39.61201, -114.0535 39.59342, -114.053 39.57261, -114.0525 39.55204, -114.052 39.53413, -114.0515 39.52097, -114.051 39.514, -114.0505 39.51383, -114.05 39.52015, -114.0495 39.53178, -114.049 39.54684, -114.0485 39.56298, -114.048 39.57771, -114.0475 39.58873, -114.047 39.59427, -114.0465 39.59329, -114.046 39.58564, -114.0455 39.57208, -114.045 39.55419, -114.0445 39.53412, -114.044 39.51433, -114.0435 39.49726, -114.043 39.48497, -114.0425 39.47889, -114.042 39.47961, -114.0415 39.48682, -114.041 39.49932, -114.0405 39.51521, -114.04 39.53213, -114.0395 39.5476, -114.039 39.55933, -114.0385 39.56555, -114.038 39.56524, -114.0375 39.55828, -114.037 39.54543, -114.0365 39.52828, -114.036 39.509, -114.0355 39.49006, -114.035 39.47387, -114.0345 39.4625, -114.034 39.45736, -114.0335 39.45903, -114.033 39.46718, -114.0325 39.48058, -114.032 39.49734, -114.0315 39.51508, -114.031 39.53134, -114.0305 39.54381, -114.03 39.55075, -114.0295 39.55116, -114.029 39.54491, -114.0285 39.5328, -114.028 39.51644, -114.0275 39.49798, -114.027 39.47991, -114.0265 39.46463, -114.026 39.45421, -114.0255 39.45004, -114.025 39.45269, -114.0245 39.46178, -114.024 39.47612, -114.0235 39.49376, -114.023 39.51235, -114.0225 39.5294, -114.022 39.54263, -114.0215 39.55031, -114.021 39.55144, -114.0205 39.54592, -114.02 39.53457, -114.0195 39.51899, -114.019 39.50136, -114.0185 39.48417, -114.018 39.46981, -114.0175 39.46034, -114.017 39.45714, -114.0165 39.46075, -114.016 39.47081, -114.0155 39.48606, -114.015 39.50459, -114.0145 39.52401, -114.014 39.54185, -114.0135 39.55583, -114.013 39.56423, -114.0125 39.56607, -114.012 39.56127, -114.0115 39.55066, -114.011 39.53585, -114.0105 39.51904, -114.01 39.5027, -114.0095 39.48925, -114.009 39.48071, -114.0085 39.47845, -114.008 39.48301, -114.0075 39.49399, -114.007 39.51014, -114.0065 39.52952, -114.006 39.54974, -114.0055 39.56834, -114.005 39.58304, -114.0045 39.59213, -114.004 39.59464, -114.0035 39.59052, -114.003 39.58061, -114.0025 39.56653, -114.002 39.5505, -114.0015 39.53498, -114.001 39.52238, -114.0005 39.51472, -114 39.51336, -113.9995 39.51881, -113.999 39.53067, -113.9985 39.54766, -113.998 39.56784, -113.9975 39.58881, -113.997 39.60811, -113.9965 39.62347, -113.996 39.63319, -113.9955 39.63632, -113.995 39.63282, -113.9945 39.62354, -113.994 39.61014, -113.9935 39.59481, -113.993 39.58004, -113.9925 39.56823, -113.992 39.56139, -113.9915 39.56086, -113.991 39.56714, -113.9905 39.5798, -113.99 39.59756, -113.9895 39.61846, -113.989 39.64011, -113.9885 39.66002, -113.988 39.67596, -113.9875 39.68623, -113.987 39.6899, -113.9865 39.68693, -113.986 39.67821, -113.9855 39.6654, -113.985 39.6507, -113.9845 39.6366, -113.984 39.62549, -113.9835 39.61937, -113.983 39.61958, -113.9825 39.62659, -113.982 39.63997, -113.9815 39.6584, -113.981 39.67993, -113.9805 39.70215, -113.98 39.72259, -113.9795 39.73902, -113.979 39.74973, -113.9785 39.75384, -113.978 39.75131, -113.9775 39.74305, -113.977 39.73071, -113.9765 39.71654, -113.976 39.703, -113.9755 39.69248, -113.975 39.68699, -113.9745 39.68783, -113.974 39.69547, -113.9735 39.70944, -113.973 39.72844, -113.9725 39.75048, -113.972 39.77317, -113.9715 39.79402, -113.971 39.81081, -113.9705 39.82187, -113.97 39.82629, -113.9695 39.82408, -113.969 39.81616, -113.9685 39.80419, -113.968 39.79042, -113.9675 39.77732, -113.967 39.76729, -113.9665 39.76229, -113.966 39.76364, -113.9655 39.77178, -113.965 39.78623, -113.9645 39.80567, -113.964 39.8281, -113.9635 39.85112, -113.963 39.87226, -113.9625 39.88929, -113.962 39.90055, -113.9615 39.90516, -113.961 39.90315, -113.9605 39.89543, -113.96 39.8837, -113.9595 39.8702, -113.959 39.85742, -113.9585 39.84773, -113.958 39.8431, -113.9575 39.84483, -113.957 39.85333, -113.9565 39.86813, -113.956 39.88787, -113.9555 39.91055, -113.955 39.93377, -113.9545 39.95505, -113.954 39.97218, -113.9535 39.98351, -113.953 39.98818, -113.9525 39.98622, -113.952 39.97857, -113.9515 39.96694, -113.951 39.95358, -113.9505 39.94097, -113.95 39.93148, -113.9495 39.92709, -113.949 39.92905, -113.9485 39.93778, -113.948 39.95277, -113.9475 39.97267, -113.947 39.99547, -113.9465 40.01874, -113.946 40.04003, -113.9455 40.05712, -113.945 40.06837, -113.9445 40.07295, -113.944 40.0709, -113.9435 40.06318, -113.943 40.05151, -113.9425 40.03814, -113.942 40.02556, -113.9415 40.01614, -113.941 40.01182, -113.9405 40.01388, -113.94 40.02269, -113.9395 40.03774, -113.939 40.05765, -113.9385 40.08041, -113.938 40.1036, -113.9375 40.12474, -113.937 40.14165, -113.9365 40.15268, -113.936 40.15703, -113.9355 40.15475, -113.935 40.14681, -113.9345 40.13495, -113.934 40.12143, -113.9335 40.10874, -113.933 40.09923, -113.9325 40.09486, -113.932 40.09687, -113.9315 40.10562, -113.931 40.12058, -113.9305 40.14037, -113.93 40.16295, -113.9295 40.1859, -113.929 40.20676, -113.9285 40.22333, -113.928 40.23401, -113.9275 40.23798, -113.927 40.23533, -113.9265 40.22704, -113.926 40.21485, -113.9255 40.20104, -113.925 40.1881, -113.9245 40.17838, -113.924 40.17381, -113.9235 40.17562, -113.923 40.18417, -113.9225 40.19891, -113.922 40.21843, -113.9215 40.2407, -113.921 40.26329, -113.9205 40.28372, -113.92 40.29983, -113.9195 40.31002, -113.919 40.31348, -113.9185 40.31032, -113.918 40.30154, -113.9175 40.2889, -113.917 40.27467, -113.9165 40.26134, -113.916 40.25128, -113.9155 40.24638, -113.915 40.24788, -113.9145 40.2561, -113.914 40.27048, -113.9135 40.28962, -113.913 40.31144, -113.9125 40.33353, -113.912 40.35342, -113.9115 40.36894, -113.911 40.37851, -113.9105 40.38134, -113.91 40.37755, -113.9095 40.36817, -113.909 40.35495, -113.9085 40.34019, -113.908 40.32636, -113.9075 40.31582, -113.907 40.31049, -113.9065 40.31155, -113.906 40.31933, -113.9055 40.33324, -113.905 40.35187, -113.9045 40.37314, -113.904 40.39462, -113.9035 40.41385, -113.903 40.42868, -113.9025 40.43752, -113.902 40.43961, -113.9015 40.43509, -113.901 40.42499, -113.9005 40.41109, -113.9 40.39568, -113.8995 40.38125, -113.899 40.37015, -113.8985 40.36428, -113.898 40.3648, -113.8975 40.37204, -113.897 40.38539, -113.8965 40.40341, -113.896 40.42402, -113.8955 40.4448, -113.895 40.46328, -113.8945 40.47732, -113.894 40.48534, -113.8935 40.4866, -113.893 40.48126, -113.8925 40.47036, -113.892 40.45569, -113.8915 40.43956, -113.891 40.42444, -113.8905 40.41269, -113.89 40.40619, -113.8895 40.4061, -113.889 40.41272, -113.8885 40.42542, -113.888 40.44275, -113.8875 40.46264, -113.887 40.48264, -113.8865 40.5003, -113.886 40.51346, -113.8855 40.52059, -113.885 40.52095, -113.8845 40.51472, -113.884 40.50295, -113.8835 40.48746, -113.883 40.47053, -113.8825 40.45467, -113.882 40.44221, -113.8815 40.43502, -113.881 40.43425, -113.8805 40.44019, -113.88 40.45219, -113.8795 40.46878, -113.879 40.48789, -113.8785 40.50705, -113.878 40.52383, -113.8775 40.53608, -113.877 40.54227, -113.8765 40.54168, -113.876 40.53451, -113.8755 40.52183, -113.875 40.50546, -113.8745 40.48771, -113.874 40.47105, -113.8735 40.45784, -113.873 40.44993, -113.8725 40.44845, -113.872 40.45367, -113.8715 40.46493, -113.871 40.48076, -113.8705 40.49904, -113.87 40.51734, -113.8695 40.53321, -113.869 40.54452, -113.8685 40.54974, -113.868 40.54819, -113.8675 40.54006, -113.867 40.52644, -113.8665 40.50918, -113.866 40.49057, -113.8655 40.47312, -113.865 40.45914, -113.8645 40.45049, -113.864 40.44829, -113.8635 40.45278, -113.863 40.46329, -113.8625 40.47833, -113.862 40.49579, -113.8615 40.51323, -113.861 40.52818, -113.8605 40.53854, -113.86 40.5428, -113.8595 40.54027, -113.859 40.53118, -113.8585 40.51664, -113.858 40.49849, -113.8575 40.47904, -113.857 40.46079, -113.8565 40.44606, -113.856 40.43668, -113.8555 40.43377, -113.855 40.43754, -113.8545 40.44732, -113.854 40.4616, -113.8535 40.47825, -113.853 40.49483, -113.8525 40.50889, -113.852 40.51832, -113.8515 40.52164, -113.851 40.51817, -113.8505 40.50815, -113.85 40.49271, -113.8495 40.47369, -113.849 40.45343, -113.8485 40.43442, -113.848 40.41896, -113.8475 40.40889, -113.847 40.40531, -113.8465 40.4084, -113.846 40.41749, -113.8455 40.43103, -113.845 40.44692, -113.8445 40.46269, -113.844 40.4759, -113.8435 40.48446, -113.843 40.48687, -113.8425 40.4825, -113.842 40.4716, -113.8415 40.45531, -113.841 40.43549, -113.8405 40.41448, -113.84 40.39475, -113.8395 40.37863, -113.839 40.36793, -113.8385 40.36373, -113.838 40.36621, -113.8375 40.37465, -113.837 40.38754, -113.8365 40.40272, -113.836 40.41774, -113.8355 40.43017, -113.835 40.43792, -113.8345 40.43951, -113.834 40.43431, -113.8335 40.4226, -113.833 40.40553, -113.8325 40.38498, -113.832 40.36329, -113.8315 40.34294, -113.831 40.32623, -113.8305 40.31498, -113.83 40.31023, -113.8295 40.31218, -113.829 40.32007, -113.8285 40.33237, -113.828 40.34694, -113.8275 40.3613, -113.827 40.37303, -113.8265 40.38005, -113.826 40.3809, -113.8255 40.37497, -113.825 40.36255, -113.8245 40.3448, -113.824 40.32361, -113.8235 40.30133, -113.823 40.28045, -113.8225 40.26325, -113.822 40.25154, -113.8215 40.24636, -113.821 40.24787, -113.8205 40.25531, -113.82 40.26714, -113.8195 40.28118, -113.819 40.29499, -113.8185 40.30613, -113.818 40.31253, -113.8175 40.31275, -113.817 40.30619, -113.8165 40.29316, -113.816 40.27484, -113.8155 40.25313, -113.815 40.23038, -113.8145 40.20908, -113.814 40.19151, -113.8135 40.17946, -113.813 40.17396, -113.8125 40.17515, -113.812 40.18226, -113.8115 40.19372, -113.811 40.20737, -113.8105 40.22074, -113.81 40.23141, -113.8095 40.23731, -113.809 40.23702, -113.8085 40.22996, -113.808 40.21645, -113.8075 40.19768, -113.807 40.17558, -113.8065 40.15248, -113.806 40.13089, -113.8055 40.11307, -113.805 40.10081, -113.8045 40.09512, -113.804 40.09612, -113.8035 40.10302, -113.803 40.11425, -113.8025 40.12763, -113.802 40.1407, -113.8015 40.15102, -113.801 40.15656, -113.8005 40.1559, -113.8 40.14846, -113.7995 40.1346, -113.799 40.11553, -113.7985 40.09316, -113.798 40.06986, -113.7975 40.04811, -113.797 40.03019, -113.7965 40.01786, -113.796 40.01211, -113.7955 40.01305, -113.795 40.01989, -113.7945 40.03102, -113.794 40.04427, -113.7935 40.05717, -113.793 40.0673, -113.7925 40.07261, -113.792 40.07172, -113.7915 40.06405, -113.791 40.04999, -113.7905 40.03075, -113.79 40.00826, -113.7895 39.98489, -113.789 39.96313, -113.7885 39.94525, -113.788 39.93298, -113.7875 39.92732, -113.787 39.92836, -113.7865 39.93527, -113.786 39.94645, -113.7855 39.95972, -113.785 39.97259, -113.7845 39.98266, -113.784 39.98789, -113.7835 39.9869, -113.783 39.97916, -113.7825 39.96503, -113.782 39.94577, -113.7815 39.92331, -113.781 39.90002, -113.7805 39.87839, -113.78 39.86069, -113.7795 39.84864, -113.779 39.84321, -113.7785 39.84448, -113.778 39.85161, -113.7775 39.86299, -113.777 39.8764, -113.7765 39.8894, -113.776 39.89955, -113.7755 39.90484, -113.775 39.90391, -113.7745 39.89622, -113.774 39.88217, -113.7735 39.86303, -113.773 39.84074, -113.7725 39.81768, -113.772 39.79633, -113.7715 39.77894, -113.771 39.76725, -113.7705 39.76219, -113.77 39.76384, -113.7695 39.77133, -113.769 39.78303, -113.7685 39.79675, -113.768 39.81, -113.7675 39.82038, -113.767 39.82587, -113.7665 39.82512, -113.766 39.81763, -113.7655 39.8038, -113.765 39.78492, -113.7645 39.76293, -113.764 39.74023, -113.7635 39.71929, -113.763 39.70237, -113.7625 39.69116, -113.762 39.68662, -113.7615 39.68877, -113.761 39.69675, -113.7605 39.70892, -113.76 39.72306, -113.7595 39.73669, -113.759 39.74742, -113.7585 39.75324, -113.758 39.75281, -113.7575 39.74565, -113.757 39.73217, -113.7565 39.71367, -113.756 39.69212, -113.7555 39.6699, -113.755 39.6495, -113.7545 39.63316, -113.754 39.62257, -113.7535 39.61865, -113.753 39.62143, -113.7525 39.63003, -113.752 39.64278, -113.7515 39.65746, -113.751 39.6716, -113.7505 39.6828, -113.75 39.68907, -113.7495 39.68907, -113.749 39.68235, -113.7485 39.66933, -113.748 39.65133, -113.7475 39.63033, -113.747 39.60871, -113.7465 39.58896, -113.746 39.57331, -113.7455 39.56345, -113.745 39.56027, -113.7445 39.56378, -113.744 39.57309, -113.7435 39.58653, -113.743 39.60186, -113.7425 39.61661, -113.742 39.62839, -113.7415 39.6352, -113.741 39.63573, -113.7405 39.62955, -113.74 39.6171, -113.7395 39.5997, -113.739 39.57934, -113.7385 39.55842, -113.738 39.53941, -113.7375 39.52455, -113.737 39.5155, -113.7365 39.51315, -113.736 39.51748, -113.7355 39.5276, -113.735 39.54181, -113.7345 39.55788, -113.734 39.57332, -113.7335 39.58575, -113.733 39.59318, -113.7325 39.59434, -113.732 39.58877, -113.7315 39.57696, -113.731 39.56024, -113.7305 39.5406, -113.73 39.52045, -113.7295 39.50226, -113.729 39.48826, -113.7285 39.4801, -113.728 39.47865, -113.7275 39.48388, -113.727 39.49487, -113.7265 39.50992, -113.726 39.52678, -113.7255 39.54298, -113.725 39.55612, -113.7245 39.56425, -113.724 39.56608, -113.7235 39.56119, -113.723 39.55008, -113.7225 39.53409, -113.722 39.51523, -113.7215 39.4959, -113.721 39.47859, -113.7205 39.4655, -113.72 39.45827, -113.7195 39.45777, -113.719 39.46394, -113.7185 39.47585, -113.718 39.49177, -113.7175 39.50948, -113.717 39.52647, -113.7165 39.54037, -113.716 39.54922, -113.7155 39.55176, -113.715 39.54759, -113.7145 39.53721, -113.714 39.52199, -113.7135 39.50394, -113.713 39.48547, -113.7125 39.46906, -113.712 39.45691, -113.7115 39.45064, -113.711 39.45111, -113.7105 39.45824, -113.71 39.47109, -113.7095 39.48792, -113.709 39.50648, -113.7085 39.52428, -113.708 39.53895, -113.7075 39.54855, -113.707 39.55181, -113.7065 39.54837, -113.706 39.53873, -113.7055 39.52428, -113.705 39.50705, -113.7045 39.48945, -113.704 39.47394, -113.7035 39.46273, -113.703 39.45743, -113.7025 39.45887, -113.702 39.46696, -113.7015 39.48074, -113.701 39.49847, -113.7005 39.51788, -113.7 39.53648, -113.6995 39.55192, -113.699 39.56224, -113.6985 39.56622, -113.698 39.56349, -113.6975 39.55459, -113.697 39.5409, -113.6965 39.52447, -113.696 39.50771, -113.6955 39.49309, -113.695 39.4828, -113.6945 39.47844, -113.694 39.48082, -113.6935 39.48986, -113.693 39.50454, -113.6925 39.52313, -113.692 39.54336, -113.6915 39.56274, -113.691 39.5789, -113.6905 39.58992, -113.69 39.59458, -113.6895 39.59252, -113.689 39.58431, -113.6885 39.57134, -113.688 39.55567, -113.6875 39.53971, -113.687 39.52594, -113.6865 39.51652, -113.686 39.51306, -113.6855 39.51635, -113.685 39.52626, -113.6845 39.5418, -113.684 39.56121, -113.6835 39.5822, -113.683 39.60229, -113.6825 39.61912, -113.682 39.63078, -113.6815 39.63606, -113.681 39.63462, -113.6805 39.62704, -113.68 39.61473, -113.6795 39.59975, -113.679 39.58454, -113.6785 39.57154, -113.678 39.56293, -113.6775 39.5603, -113.677 39.56441, -113.6765 39.57514, -113.676 39.59146, -113.6755 39.6116, -113.675 39.63328, -113.6745 39.65401, -113.674 39.67144, -113.6735 39.68365, -113.673 39.68947, -113.6725 39.68856, -113.672 39.68153, -113.6715 39.6698, -113.671 39.65544, -113.6705 39.64087, -113.67 39.62857, -113.6695 39.62068, -113.669 39.61878, -113.6685 39.62363, -113.668 39.63508, -113.6675 39.65209, -113.667 39.67288, -113.6665 39.69515, -113.666 39.71642, -113.6655 39.73434, -113.665 39.74701, -113.6645 39.75327, -113.664 39.7528, -113.6635 39.74621, -113.663 39.73496, -113.6625 39.7211, -113.662 39.70709, -113.6615 39.69537, -113.661 39.6881, -113.6605 39.68683, -113.66 39.69231, -113.6595 39.70437, -113.659 39.72195, -113.6585 39.74327, -113.658 39.76603, -113.6575 39.78772, -113.657 39.80602, -113.6565 39.81904, -113.656 39.82562, -113.6555 39.82547, -113.655 39.81921, -113.6545 39.80831, -113.654 39.79485, -113.6535 39.78127, -113.653 39.77002, -113.6525 39.76324, -113.652 39.76248, -113.6515 39.76846, -113.651 39.78101, -113.6505 39.79905, -113.65 39.82077, -113.6495 39.84388, -113.649 39.86587, -113.6485 39.88442, -113.648 39.89766, -113.6475 39.90443, -113.647 39.90447, -113.6465 39.89842, -113.646 39.88774, -113.6455 39.87455, -113.645 39.86126, -113.6445 39.85035, -113.644 39.84393, -113.6435 39.84355, -113.643 39.8499, -113.6425 39.8628, -113.642 39.88115, -113.6415 39.90315, -113.641 39.92647, -113.6405 39.94863, -113.64 39.96729, -113.6395 39.9806, -113.639 39.98743, -113.6385 39.98752, -113.638 39.98154, -113.6375 39.97095, -113.637 39.95788, -113.6365 39.94475, -113.636 39.93404, -113.6355 39.92784, -113.635 39.92769, -113.6345 39.93428, -113.634 39.94738, -113.6335 39.96591, -113.633 39.98804, -113.6325 40.01143, -113.632 40.03361, -113.6315 40.05224, -113.631 40.06549, -113.6305 40.07223, -113.63 40.07223, -113.6295 40.06617, -113.629 40.05553, -113.6285 40.04243, -113.628 40.02933, -113.6275 40.01866, -113.627 40.01255, -113.6265 40.01249, -113.626 40.01916, -113.6255 40.03234, -113.625 40.05089, -113.6245 40.073, -113.624 40.09632, -113.6235 40.11837, -113.623 40.13683, -113.6225 40.14987, -113.622 40.15638, -113.6215 40.15615, -113.621 40.14986, -113.6205 40.13902, -113.62 40.12577, -113.6195 40.11254, -113.619 40.10178, -113.6185 40.09561, -113.618 40.09549, -113.6175 40.10211, -113.617 40.11521, -113.6165 40.13365, -113.616 40.15559, -113.6155 40.1787, -113.615 40.20049, -113.6145 40.21863, -113.614 40.23132, -113.6135 40.23746, -113.613 40.23685, -113.6125 40.2302, -113.612 40.21903, -113.6115 40.20547, -113.611 40.19198, -113.6105 40.18099, -113.61 40.17461, -113.6095 40.17431, -113.609 40.18073, -113.6085 40.19361, -113.608 40.21181, -113.6075 40.23345, -113.607 40.25621, -113.6065 40.27759, -113.606 40.29528, -113.6055 40.30748, -113.605 40.31312, -113.6045 40.312, -113.604 40.30485, -113.6035 40.29322, -113.603 40.27923, -113.6025 40.26534, -113.602 40.254, -113.6015 40.24729, -113.601 40.24667, -113.6005 40.25277, -113.6 40.26531, -113.5995 40.28312, -113.599 40.30434, -113.5985 40.32662, -113.598 40.34747, -113.5975 40.36459, -113.597 40.37618, -113.5965 40.38118, -113.596 40.37943, -113.5955 40.37167, -113.595 40.35945, -113.5945 40.34491, -113.594 40.33051, -113.5935 40.31869, -113.593 40.31154, -113.5925 40.31048, -113.592 40.31614, -113.5915 40.32822, -113.591 40.34554, -113.5905 40.36622, -113.59 40.38791, -113.5895 40.40811, -113.589 40.42455, -113.5885 40.43542, -113.588 40.43968, -113.5875 40.4372, -113.587 40.42872, -113.5865 40.4158, -113.586 40.4006, -113.5855 40.3856, -113.585 40.3732, -113.5845 40.36549, -113.584 40.3639, -113.5835 40.36902, -113.583 40.38055, -113.5825 40.39728, -113.582 40.41732, -113.5815 40.43832, -113.581 40.45779, -113.5805 40.47344, -113.58 40.4835, -113.5795 40.48694, -113.579 40.48363, -113.5785 40.47433, -113.578 40.46064, -113.5775 40.4447, -113.577 40.429, -113.5765 40.41594, -113.576 40.4076, -113.5755 40.4054, -113.575 40.4099, -113.5745 40.42078, -113.574 40.43685, -113.5735 40.45617, -113.573 40.47641, -113.5725 40.49507, -113.572 40.50986, -113.5715 40.51904, -113.571 40.52158, -113.5705 40.51737, -113.57 40.5072, -113.5695 40.49266, -113.569 40.47593, -113.5685 40.45946, -113.568 40.44568, -113.5675 40.43665, -113.567 40.43376, -113.5665 40.43759, -113.566 40.44778, -113.5655 40.46312, -113.565 40.48167, -113.5645 40.50109, -113.564 40.51888, -113.5635 40.53278, -113.563 40.54102, -113.5625 40.54261, -113.562 40.53746, -113.5615 40.52637, -113.561 40.51094, -113.5605 40.49336, -113.56 40.47609, -113.5595 40.46155, -113.559 40.45179, -113.5585 40.44819, -113.558 40.4513, -113.5575 40.46076, -113.557 40.47534, -113.5565 40.49309, -113.556 40.51166, -113.5555 40.52856, -113.555 40.54152, -113.5545 40.5488, -113.554 40.54942, -113.5535 40.54331, -113.553 40.53128, -113.5525 40.51494, -113.552 40.49649, -113.5515 40.4784, -113.551 40.46309, -113.5505 40.45258, -113.55 40.44826, -113.5495 40.45065, -113.549 40.45937, -113.5485 40.47317, -113.548 40.49011, -113.5475 40.50783, -113.547 40.52383, -113.5465 40.53585, -113.546 40.54217, -113.5455 40.54182, -113.545 40.53474, -113.5445 40.52177, -113.544 40.50453, -113.5435 40.48522, -113.543 40.46632, -113.5425 40.45024, -113.542 40.439, -113.5415 40.43396, -113.541 40.43564, -113.5405 40.44363, -113.54 40.45668, -113.5395 40.47283, -113.539 40.48971, -113.5385 40.50482, -113.538 40.51593, -113.5375 40.52131, -113.537 40.52001, -113.5365 40.512, -113.536 40.49811, -113.5355 40.48, -113.535 40.45987, -113.5345 40.44019, -113.534 40.42337, -113.5335 40.41143, -113.533 40.40571, -113.5325 40.40672, -113.532 40.41402, -113.5315 40.42635, -113.531 40.44175, -113.5305 40.45783, -113.53 40.47211, -113.5295 40.48234, -113.529 40.48683, -113.5285 40.48464, -113.528 40.47573, -113.5275 40.46099, -113.527 40.44205, -113.5265 40.42115, -113.526 40.40075, -113.5255 40.38326, -113.525 40.37067, -113.5245 40.36433, -113.524 40.36472, -113.5235 40.3714, -113.523 40.38307, -113.5225 40.39778, -113.522 40.41313, -113.5215 40.42663, -113.521 40.43606, -113.5205 40.43972, -113.52 40.4367, -113.5195 40.42698, -113.519 40.41145, -113.5185 40.39177, -113.518 40.37017, -113.5175 40.34912, -113.517 40.33103, -113.5165 40.31789, -113.516 40.31101, -113.5155 40.31086, -113.515 40.31699, -113.5145 40.3281, -113.514 40.3422, -113.5135 40.3569, -113.513 40.36972, -113.5125 40.37843, -113.512 40.38136, -113.5115 40.3776, -113.511 40.36715, -113.5105 40.35093, -113.51 40.3306, -113.5095 40.30839, -113.509 40.2868, -113.5085 40.26821, -113.508 40.2546, -113.5075 40.24728, -113.507 40.24669, -113.5065 40.25238, -113.506 40.26302, -113.5055 40.27661, -113.505 40.29077, -113.5045 40.30301, -113.504 40.31111, -113.5035 40.31341, -113.503 40.30902, -113.5025 40.29796, -113.502 40.28115, -113.5015 40.26028, -113.501 40.23759, -113.5005 40.21556, -113.5 40.19658, -113.4995 40.18262, -113.499 40.17498, -113.4985 40.17408, -113.498 40.17943, -113.4975 40.18972, -113.497 40.20293, -113.4965 40.21666, -113.496 40.22844, -113.4955 40.23605, -113.495 40.23784, -113.4945 40.23294, -113.494 40.22139, -113.4935 40.20413, -113.493 40.18284, -113.4925 40.15979, -113.492 40.13746, -113.4915 40.11822, -113.491 40.10404, -113.4905 40.09619, -113.49 40.0951, -113.4895 40.10026, -113.489 40.11033, -113.4885 40.12328, -113.488 40.13672, -113.4875 40.14817, -113.487 40.15542, -113.4865 40.15684, -113.486 40.15156, -113.4855 40.13966, -113.485 40.12207, -113.4845 40.10051, -113.484 40.07723, -113.4835 40.05472, -113.483 40.03536, -113.4825 40.0211, -113.482 40.0132, -113.4815 40.01206, -113.481 40.01716, -113.4805 40.02714, -113.48 40.03997, -113.4795 40.05325, -113.479 40.06451, -113.4785 40.07154, -113.478 40.07273, -113.4775 40.06722, -113.477 40.0551, -113.4765 40.03733, -113.476 40.01564, -113.4755 39.99228, -113.475 39.96974, -113.4745 39.9504, -113.474 39.9362, -113.4735 39.92838, -113.473 39.92733, -113.4725 39.93251, -113.472 39.94255, -113.4715 39.95541, -113.471 39.96868, -113.4705 39.97989, -113.47 39.98685, -113.4695 39.98794, -113.469 39.98235, -113.4685 39.97016, -113.468 39.95235, -113.4675 39.93067, -113.467 39.90737, -113.4665 39.88496, -113.466 39.86578, -113.4655 39.85179, -113.465 39.8442, -113.4645 39.84338, -113.464 39.84879, -113.4635 39.85903, -113.463 39.87206, -113.4625 39.88546, -113.462 39.89676, -113.4615 39.90379, -113.461 39.90493, -113.4605 39.89939, -113.46 39.88728, -113.4595 39.86957, -113.459 39.84804, -113.4585 39.82495, -113.458 39.8028, -113.4575 39.78393, -113.457 39.77028, -113.4565 39.76306, -113.456 39.76262, -113.4555 39.76839, -113.455 39.77897, -113.4545 39.79231, -113.454 39.80598, -113.4535 39.81752, -113.453 39.82475, -113.4525 39.82608, -113.452 39.82074, -113.4515 39.80883, -113.451 39.79137, -113.4505 39.77013, -113.45 39.74739, -113.4495 39.72563, -113.449 39.70721, -113.4485 39.69404, -113.448 39.68732, -113.4475 39.68739, -113.447 39.69366, -113.4465 39.70471, -113.446 39.71849, -113.4455 39.73256, -113.445 39.74445, -113.4445 39.75202, -113.444 39.75368, -113.4435 39.74865, -113.443 39.73708, -113.4425 39.72, -113.442 39.69918, -113.4415 39.6769, -113.441 39.65566, -113.4405 39.63781, -113.44 39.62525, -113.4395 39.61916, -113.439 39.61986, -113.4385 39.62675, -113.438 39.63839, -113.4375 39.65272, -113.437 39.66731, -113.4365 39.67969, -113.436 39.68771, -113.4355 39.6898, -113.435 39.68521, -113.4345 39.6741, -113.434 39.6575, -113.4335 39.63721, -113.433 39.61551, -113.4325 39.59491, -113.432 39.57774, -113.4315 39.56589, -113.431 39.56054, -113.4305 39.56197, -113.43 39.56959, -113.4295 39.58193, -113.429 39.59692, -113.4285 39.61213, -113.428 39.62509, -113.4275 39.63366, -113.427 39.63629, -113.4265 39.63224, -113.426 39.62168, -113.4255 39.60567, -113.425 39.586, -113.4245 39.56499, -113.424 39.54511, -113.4235 39.52872, -113.423 39.51768, -113.4225 39.51315, -113.422 39.51541, -113.4215 39.52384, -113.421 39.53697, -113.4205 39.55271, -113.42 39.56862, -113.4195 39.58225, -113.419 39.59145, -113.4185 39.5947, -113.418 39.59126, -113.4175 39.58134, -113.417 39.56599, -113.4165 39.54703, -113.416 39.52677, -113.4155 39.5077, -113.415 39.49215, -113.4145 39.48199, -113.414 39.47836, -113.4135 39.48153, -113.413 39.49083, -113.4125 39.50481, -113.412 39.52136, -113.4115 39.53804, -113.411 39.55239, -113.4105 39.5623, -113.41 39.56622, -113.4095 39.56346, -113.409 39.55423, -113.4085 39.5396, -113.408 39.5214, -113.4075 39.50196, -113.407 39.48374, -113.4065 39.4691, -113.406 39.45987, -113.4055 39.45718, -113.405 39.46129, -113.4045 39.47152, -113.404 39.48639, -113.4035 39.5038, -113.403 39.52128, -113.4025 39.53641, -113.402 39.54704, -113.4015 39.55168, -113.401 39.54964, -113.4005 39.54113, -113.4 39.52725, -113.3995 39.50985, -113.399 39.49125, -113.3985 39.47392, -113.398 39.4602, -113.3975 39.45193, -113.397 39.45021, -113.3965 39.45529, -113.396 39.46647, -113.3955 39.48226, -113.395 39.50053, -113.3945 39.51884, -113.394 39.53475, -113.3935 39.54613, -113.393 39.5515, -113.3925 39.55018, -113.392 39.54241, -113.3915 39.5293, -113.391 39.5127, -113.3905 39.49494, -113.39 39.47851, -113.3895 39.46572, -113.389 39.45841, -113.3885 39.45767, -113.388 39.46371, -113.3875 39.47583, -113.387 39.49253, -113.3865 39.51166, -113.386 39.5308, -113.3855 39.54747, -113.385 39.5596, -113.3845 39.56568, -113.384 39.56507, -113.3835 39.55802, -113.383 39.54566, -113.3825 39.52985, -113.382 39.51293, -113.3815 39.49737, -113.381 39.48549, -113.3805 39.47912, -113.38 39.47932, -113.3795 39.4863, -113.379 39.49934, -113.3785 39.51692, -113.378 39.53689, -113.3775 39.55681, -113.377 39.57423, -113.3765 39.58706, -113.376 39.59382, -113.3755 39.59389, -113.375 39.58752, -113.3745 39.57587, -113.374 39.56081, -113.3735 39.54467, -113.373 39.52995, -113.3725 39.51894, -113.372 39.51345, -113.3715 39.51456, -113.371 39.52243, -113.3705 39.53633, -113.37 39.55474, -113.3695 39.57549, -113.369 39.59614, -113.3685 39.61424, -113.368 39.62772, -113.3675 39.63511, -113.367 39.63579, -113.3665 39.63005, -113.366 39.61905, -113.3655 39.60467, -113.365 39.58926, -113.3645 39.5753, -113.364 39.56509, -113.3635 39.56042, -113.363 39.56236, -113.3625 39.57105, -113.362 39.58575, -113.3615 39.6049, -113.361 39.62636, -113.3605 39.64766, -113.36 39.66637, -113.3595 39.68041, -113.359 39.68835, -113.3585 39.68956, -113.358 39.68436, -113.3575 39.67393, -113.357 39.66015, -113.3565 39.64538, -113.356 39.6321, -113.3555 39.6226, -113.355 39.61867, -113.3545 39.62135, -113.354 39.63076, -113.3535 39.64616, -113.353 39.66598, -113.3525 39.68805, -113.352 39.7099, -113.3515 39.72912, -113.351 39.74363, -113.3505 39.75201, -113.35 39.75366, -113.3495 39.7489, -113.349 39.73893, -113.3485 39.72565, -113.348 39.71142, -113.3475 39.69871, -113.347 39.68982, -113.3465 39.68652, -113.346 39.68982, -113.3455 39.69986, -113.345 39.71585, -113.3445 39.73621, -113.344 39.75877, -113.3435 39.78108, -113.343 39.80069, -113.3425 39.81555, -113.342 39.82426, -113.3415 39.82622, -113.341 39.82179, -113.3405 39.81217, -113.34 39.79927, -113.3395 39.78546, -113.339 39.77321, -113.3385 39.76481, -113.338 39.76201, -113.3375 39.76582, -113.337 39.77635, -113.3365 39.7928, -113.336 39.81359, -113.3355 39.83652, -113.335 39.85914, -113.3345 39.87901, -113.334 39.89411, -113.3335 39.90301, -113.333 39.90517, -113.3325 39.90093, -113.332 39.89153, -113.3315 39.87888, -113.331 39.86535, -113.3305 39.85343, -113.33 39.84538, -113.3295 39.84295, -113.329 39.84714, -113.3285 39.85803, -113.328 39.87481, -113.3275 39.89588, -113.327 39.91905, -113.3265 39.94184, -113.326 39.96185, -113.3255 39.97703, -113.325 39.986, -113.3245 39.9882, -113.324 39.98403, -113.3235 39.9747, -113.323 39.96217, -113.3225 39.94879, -113.322 39.93705, -113.3215 39.92922, -113.321 39.92702, -113.3205 39.93144, -113.32 39.94255, -113.3195 39.95952, -113.319 39.98073, -113.3185 40.00399, -113.318 40.02682, -113.3175 40.04682, -113.317 40.06194, -113.3165 40.07082, -113.316 40.07294, -113.3155 40.06868, -113.315 40.05929, -113.3145 40.04673, -113.314 40.03335, -113.3135 40.02166, -113.313 40.0139, -113.3125 40.01179, -113.312 40.0163, -113.3115 40.02749, -113.311 40.0445, -113.3105 40.06571, -113.31 40.08891, -113.3095 40.11163, -113.309 40.13147, -113.3085 40.14639, -113.308 40.15505, -113.3075 40.15693, -113.307 40.15244, -113.3065 40.14285, -113.306 40.13011, -113.3055 40.1166, -113.305 40.1048, -113.3045 40.09697, -113.304 40.09481, -113.3035 40.09927, -113.303 40.11038, -113.3025 40.1273, -113.302 40.14836, -113.3015 40.17137, -113.301 40.19384, -113.3005 40.21337, -113.3 40.22795, -113.2995 40.23624, -113.299 40.23775, -113.2985 40.23289, -113.298 40.22295, -113.2975 40.2099, -113.297 40.19612, -113.2965 40.18408, -113.296 40.17604, -113.2955 40.17369, -113.295 40.17796, -113.2945 40.18886, -113.294 40.20554, -113.2935 40.22632, -113.293 40.24899, -113.2925 40.27108, -113.292 40.29017, -113.2915 40.30428, -113.291 40.31207, -113.2905 40.31306, -113.29 40.30771, -113.2895 40.29729, -113.289 40.28379, -113.2885 40.2696, -113.288 40.2572, -113.2875 40.24882, -113.287 40.24615, -113.2865 40.2501, -113.286 40.26067, -113.2855 40.27698, -113.285 40.29735, -113.2845 40.31956, -113.284 40.34113, -113.2835 40.35966, -113.283 40.37317, -113.2825 40.38033, -113.282 40.3807, -113.2815 40.37472, -113.281 40.3637, -113.2805 40.34964, -113.28 40.33493, -113.2795 40.32204, -113.279 40.31321, -113.2785 40.3101, -113.278 40.31361, -113.2775 40.32373, -113.277 40.33956, -113.2765 40.35941, -113.276 40.38104, -113.2755 40.40198, -113.275 40.41984, -113.2745 40.43264, -113.274 40.43907, -113.2735 40.4387, -113.273 40.43199, -113.2725 40.42027, -113.272 40.40554, -113.2715 40.3902, -113.271 40.37673, -113.2705 40.36734, -113.27 40.36369, -113.2695 40.36666, -113.269 40.37624, -113.2685 40.39149, -113.268 40.41071, -113.2675 40.43168, -113.267 40.4519, -113.2665 40.46899, -113.266 40.48098, -113.2655 40.48659, -113.265 40.48539, -113.2645 40.47786, -113.264 40.46536, -113.2635 40.44988, -113.263 40.43382, -113.2625 40.41968, -113.262 40.40965, -113.2615 40.40538, -113.261 40.40774, -113.2605 40.41668, -113.26 40.43127, -113.2595 40.4498, -113.259 40.47002, -113.2585 40.48944, -113.258 40.50569, -113.2575 40.51681, -113.257 40.52152, -113.2565 40.51942, -113.256 40.51101, -113.2555 40.49765, -113.255 40.48135, -113.2545 40.46452, -113.254 40.44964, -113.2535 40.43891, -113.253 40.43396, -113.2525 40.43565, -113.252 40.4439, -113.2515 40.45778, -113.251 40.47555, -113.2505 40.49497, -113.25 40.51354, -113.2495 40.52889, -113.249 40.53908, -113.2485 40.54285, -113.248 40.5398, -113.2475 40.53047, -113.247 40.5162, -113.2465 40.49905, -113.246 40.4814, -113.2455 40.46575, -113.245 40.45428, -113.2445 40.44862, -113.244 40.44959, -113.2435 40.45712, -113.243 40.47025, -113.2425 40.48723, -113.242 40.50581, -113.2415 40.52351, -113.241 40.53794, -113.2405 40.54717, -113.24 40.54997, -113.2395 40.54596, -113.239 40.53567, -113.2385 40.52049, -113.238 40.50245, -113.2375 40.48397, -113.237 40.46753, -113.2365 40.45531, -113.236 40.44891, -113.2355 40.44916, -113.235 40.45596, -113.2345 40.46833, -113.234 40.48451, -113.2335 40.50225, -113.233 40.51906, -113.2325 40.53257, -113.232 40.54085, -113.2315 40.54268, -113.231 40.53769, -113.2305 40.52645, -113.23 40.51036, -113.2295 40.49145, -113.229 40.47215, -113.2285 40.45492, -113.228 40.44196, -113.2275 40.43484, -113.227 40.43438, -113.2265 40.44046, -113.226 40.45208, -113.2255 40.46749, -113.225 40.48441, -113.2245 40.50034, -113.224 40.51294, -113.2235 40.52029, -113.223 40.52117, -113.2225 40.51525, -113.222 40.50309, -113.2215 40.4861, -113.221 40.46635, -113.2205 40.44626, -113.22 40.42829, -113.2195 40.41461, -113.219 40.40681, -113.2185 40.40567, -113.218 40.41107, -113.2175 40.42199, -113.217 40.43665, -113.2165 40.45279, -113.216 40.4679, -113.2155 40.47964, -113.215 40.4861, -113.2145 40.48608, -113.214 40.47926, -113.2135 40.46623, -113.213 40.44841, -113.2125 40.42787, -113.212 40.40704, -113.2115 40.38838, -113.211 40.37405, -113.2105 40.36563, -113.21 40.36387, -113.2095 40.36865, -113.209 40.37892, -113.2085 40.39291, -113.208 40.40832, -113.2075 40.42268, -113.207 40.43362, -113.2065 40.43926, -113.206 40.43841, -113.2055 40.43077, -113.205 40.41694, -113.2045 40.39836, -113.204 40.37711, -113.2035 40.35562, -113.203 40.33634, -113.2025 40.32144, -113.202 40.31247, -113.2015 40.31018, -113.201 40.31442, -113.2005 40.32413, -113.2 40.33752, -113.1995 40.3523, -113.199 40.36598, -113.1985 40.37622, -113.198 40.38112, -113.1975 40.37954, -113.197 40.37117, -113.1965 40.35663, -113.196 40.33739, -113.1955 40.31552, -113.195 40.29346, -113.1945 40.27367, -113.194 40.2583, -113.1935 40.24888, -113.193 40.24616, -113.1925 40.24995, -113.192 40.2592, -113.1915 40.2721, -113.191 40.28635, -113.1905 40.29946, -113.19 40.3091, -113.1895 40.31338, -113.189 40.31116, -113.1885 40.30217, -113.188 40.28704, -113.1875 40.26724, -113.187 40.24487, -113.1865 40.22236, -113.186 40.20216, -113.1855 40.18643, -113.185 40.17668, -113.1845 40.17364, -113.184 40.17711, -113.1835 40.18602, -113.183 40.19855, -113.1825 40.21239, -113.182 40.22504, -113.1815 40.23419, -113.181 40.23797, -113.1805 40.23525, -113.18 40.22576, -113.1795 40.21016, -113.179 40.18993, -113.1785 40.16718, -113.178 40.14434, -113.1775 40.12388, -113.177 40.10791, -113.1765 40.09796, -113.176 40.09473, -113.1755 40.09801, -113.175 40.1067, -113.1745 40.11898, -113.174 40.13254, -113.1735 40.14488, -113.173 40.15368, -113.1725 40.15709, -113.172 40.15398, -113.1715 40.14413, -113.171 40.1282, -113.1705 40.10768, -113.17 40.08468, -113.1695 40.06166, -113.169 40.04106, -113.1685 40.025, -113.168 40.01498, -113.1675 40.0117, -113.167 40.01492, -113.1665 40.02354, -113.166 40.03572, -113.1655 40.04913, -113.165 40.06129, -113.1645 40.06988, -113.164 40.07305, -113.1635 40.06972, -113.163 40.05964, -113.1625 40.04351, -113.162 40.02284, -113.1615 39.99975, -113.161 39.97668, -113.1605 39.95609, -113.16 39.94008, -113.1595 39.93014, -113.159 39.92695, -113.1585 39.93026, -113.158 39.93894, -113.1575 39.95115, -113.157 39.96457, -113.1565 39.97669, -113.156 39.98521, -113.1555 39.9883, -113.155 39.98487, -113.1545 39.97472, -113.154 39.95854, -113.1535 39.93787, -113.153 39.91482, -113.1525 39.89185, -113.152 39.87141, -113.1515 39.85559, -113.151 39.84588, -113.1505 39.84292, -113.15 39.84646, -113.1495 39.85535, -113.149 39.86775, -113.1485 39.8813, -113.148 39.89353, -113.1475 39.90212, -113.147 39.90527, -113.1465 39.9019, -113.146 39.89181, -113.1455 39.87573, -113.145 39.85519, -113.1445 39.83233, -113.144 39.8096, -113.1435 39.78945, -113.143 39.77397, -113.1425 39.76462, -113.142 39.76204, -113.1415 39.76595, -113.141 39.7752, -113.1405 39.78791, -113.14 39.80174, -113.1395 39.81422, -113.139 39.82302, -113.1385 39.82636, -113.138 39.82318, -113.1375 39.81329, -113.137 39.79744, -113.1365 39.77718, -113.136 39.75464, -113.1355 39.7323, -113.135 39.71258, -113.1345 39.69757, -113.134 39.68872, -113.1335 39.68665, -113.133 39.69106, -113.1325 39.70079, -113.132 39.71395, -113.1315 39.72819, -113.131 39.74104, -113.1305 39.75019, -113.13 39.75385, -113.1295 39.75099, -113.129 39.74143, -113.1285 39.72594, -113.128 39.70608, -113.1275 39.684, -113.127 39.66216, -113.1265 39.643, -113.126 39.62859, -113.1255 39.62036, -113.125 39.61892, -113.1245 39.62395, -113.124 39.63428, -113.1235 39.64801, -113.123 39.66279, -113.1225 39.67612, -113.122 39.68573, -113.1215 39.68984, -113.121 39.68741, -113.1205 39.6783, -113.12 39.66328, -113.1195 39.64394, -113.119 39.62242, -113.1185 39.6012, -113.118 39.58271, -113.1175 39.569, -113.117 39.5615, -113.1165 39.5608, -113.116 39.56657, -113.1155 39.5776, -113.115 39.592, -113.1145 39.60741, -113.114 39.62135, -113.1135 39.63152, -113.113 39.63616, -113.1125 39.63426, -113.112 39.6257, -113.1115 39.61126, -113.111 39.59253, -113.1105 39.57168, -113.11 39.55117, -113.1095 39.53344, -113.109 39.52053, -113.1085 39.51385, -113.108 39.51398, -113.1075 39.52056, -113.107 39.53239, -113.1065 39.54756, -113.106 39.56368, -113.1055 39.57829, -113.105 39.58911, -113.1045 39.59437, -113.104 39.59309, -113.1035 39.58515, -113.103 39.57137, -113.1025 39.55333, -113.102 39.53321, -113.1015 39.5135, -113.101 39.4966, -113.1005 39.48456, -113.1 39.47878, -113.0995 39.4798, -113.099 39.48728, -113.0985 39.49997, -113.098 39.51596, -113.0975 39.53287, -113.097 39.54821, -113.0965 39.55973, -113.096 39.56568, -113.0955 39.56507, -113.095 39.55782, -113.0945 39.54474, -113.094 39.52745, -113.0935 39.50813, -113.093 39.48926, -113.0925 39.47325, -113.092 39.46213, -113.0915 39.45729, -113.091 39.45927, -113.0905 39.46767, -113.09 39.48127, -113.0895 39.49812, -113.089 39.51586, -113.0885 39.53198, -113.088 39.54425, -113.0875 39.55092, -113.087 39.55102, -113.0865 39.54449, -113.086 39.53215, -113.0855 39.51564, -113.085 39.49715, -113.0845 39.47915, -113.084 39.46406, -113.0835 39.45389, -113.083 39.45002, -113.0825 39.45296, -113.082 39.46232, -113.0815 39.47685, -113.081 39.49458, -113.0805 39.51316, -113.08 39.53008, -113.0795 39.5431, -113.079 39.5505, -113.0785 39.55133, -113.078 39.54553, -113.0775 39.53395, -113.077 39.51823, -113.0765 39.50057, -113.076 39.48345, -113.0755 39.46928, -113.075 39.46006, -113.0745 39.45716, -113.074 39.46107, -113.0735 39.47139, -113.073 39.48683, -113.0725 39.50545, -113.072 39.52485, -113.0715 39.54257, -113.071 39.55634, -113.0705 39.56446, -113.07 39.566, -113.0695 39.56092, -113.069 39.55008, -113.0685 39.53513, -113.068 39.51829, -113.0675 39.50203, -113.067 39.48875, -113.0665 39.48047, -113.066 39.47851, -113.0655 39.48337, -113.065 39.49461, -113.0645 39.51095, -113.064 39.53042, -113.0635 39.55062, -113.063 39.56909, -113.0625 39.58357, -113.062 39.59238, -113.0615 39.5946, -113.061 39.59019, -113.0605 39.58006, -113.06 39.56584, -113.0595 39.54978, -113.059 39.53434, -113.0585 39.52192, -113.058 39.51452, -113.0575 39.51346, -113.057 39.51921, -113.0565 39.53133, -113.056 39.54851, -113.0555 39.56877, -113.055 39.58973, -113.0545 39.60889, -113.054 39.62403, -113.0535 39.63347, -113.053 39.6363, -113.0525 39.63252, -113.052 39.62302, -113.0515 39.60948, -113.051 39.59413, -113.0505 39.57944, -113.05 39.56781, -113.0495 39.56123, -113.049 39.561, -113.0485 39.56757, -113.048 39.58049, -113.0475 39.59844, -113.047 39.61942, -113.0465 39.64105, -113.046 39.66083, -113.0455 39.67655, -113.045 39.68654, -113.0445 39.6899, -113.044 39.68666, -113.0435 39.67772, -113.043 39.66477, -113.0425 39.65004, -113.042 39.63602, -113.0415 39.6251, -113.041 39.61924, -113.0405 39.61975, -113.04 39.62706, -113.0395 39.64069, -113.039 39.65931, -113.0385 39.68092, -113.038 39.70312, -113.0375 39.72342, -113.037 39.73962, -113.0365 39.75006, -113.036 39.75386, -113.0355 39.75105, -113.035 39.74257, -113.0345 39.7301, -113.034 39.7159, -113.0335 39.70245, -113.033 39.69212, -113.0325 39.68689, -113.032 39.68803, -113.0315 39.69596, -113.031 39.71019, -113.0305 39.72937, -113.03 39.7515, -113.0295 39.77415, -113.029 39.79487, -113.0285 39.81143, -113.028 39.82221, -113.0275 39.82633, -113.027 39.82384, -113.0265 39.81569, -113.026 39.8036, -113.0255 39.7898, -113.025 39.77679, -113.0245 39.76694, -113.024 39.76221, -113.0235 39.76386, -113.023 39.7723, -113.0225 39.787, -113.022 39.80662, -113.0215 39.82913, -113.021 39.85212, -113.0205 39.87312, -113.02 39.88992, -113.0195 39.9009, -113.019 39.90521, -113.0185 39.90292, -113.018 39.89498, -113.0175 39.88312, -113.017 39.8696, -113.0165 39.8569, -113.016 39.8474, -113.0155 39.84304, -113.015 39.84506, -113.0145 39.85387, -113.014 39.86891, -113.0135 39.88883, -113.013 39.91159, -113.0125 39.93478, -113.012 39.95592, -113.0115 39.97282, -113.011 39.98387, -113.0105 39.98823, -113.01 39.98599, -113.0095 39.97813, -113.009 39.96637, -113.0085 39.95299, -113.008 39.94046, -113.0075 39.93117, -113.007 39.92703, -113.0065 39.9293, -113.006 39.93832, -113.0055 39.95357, -113.005 39.97364, -113.0045 39.99651, -113.004 40.01975, -113.0035 40.04089, -113.003 40.05775, -113.0025 40.06872, -113.002 40.073, -113.0015 40.07067, -113.001 40.06273, -113.0005 40.05094, -113 40.03755, -112.9995 40.02506, -112.999 40.01582, -112.9985 40.01177, -112.998 40.01413, -112.9975 40.02323, -112.997 40.03853, -112.9965 40.05862, -112.996 40.08145, -112.9955 40.1046, -112.995 40.1256, -112.9945 40.14227, -112.994 40.15302, -112.9935 40.15706, -112.993 40.1545, -112.9925 40.14635, -112.992 40.13437, -112.9915 40.12083, -112.991 40.10823, -112.9905 40.09892, -112.99 40.09481, -112.9895 40.09711, -112.989 40.10616, -112.9885 40.12137, -112.988 40.14133, -112.9875 40.16398, -112.987 40.18689, -112.9865 40.2076, -112.986 40.22394, -112.9855 40.23433, -112.985 40.238, -112.9845 40.23507, -112.984 40.22656, -112.9835 40.21426, -112.983 40.20043, -112.9825 40.18758, -112.982 40.17805, -112.9815 40.17375, -112.981 40.17586, -112.9805 40.1847, -112.98 40.19969, -112.9795 40.21938, -112.979 40.24171, -112.9785 40.26426, -112.978 40.28455, -112.9775 40.30042, -112.977 40.31032, -112.9765 40.31347, -112.976 40.31004, -112.9755 40.30105, -112.975 40.28829, -112.9745 40.27404, -112.974 40.26081, -112.9735 40.25094, -112.973 40.24631, -112.9725 40.2481, -112.972 40.25662, -112.9715 40.27125, -112.971 40.29054, -112.9705 40.31243, -112.97 40.33448, -112.9695 40.35422, -112.969 40.3695, -112.9685 40.37878, -112.968 40.38131, -112.9675 40.37725, -112.967 40.36765, -112.9665 40.35431, -112.966 40.33953, -112.9655 40.3258, -112.965 40.31547, -112.9645 40.31039, -112.964 40.31175, -112.9635 40.31983, -112.963 40.33399, -112.9625 40.35277, -112.962 40.3741, -112.9615 40.39554, -112.961 40.41462, -112.9605 40.42921, -112.96 40.43776, -112.9595 40.43954, -112.959 40.43475, -112.9585 40.42444, -112.958 40.41042, -112.9575 40.395, -112.957 40.38068, -112.9565 40.36977, -112.956 40.36416, -112.9555 40.36498, -112.955 40.37251, -112.9545 40.3861, -112.954 40.40428, -112.9535 40.42496, -112.953 40.44569, -112.9525 40.46402, -112.952 40.47781, -112.9515 40.48554, -112.951 40.4865, -112.9505 40.48088, -112.95 40.46977, -112.9495 40.45499, -112.949 40.43885, -112.9485 40.42383, -112.948 40.41228, -112.9475 40.40604, -112.947 40.40625, -112.9465 40.41316, -112.946 40.4261, -112.9455 40.4436, -112.945 40.46354, -112.9445 40.48349, -112.944 40.50099, -112.9435 40.51392, -112.943 40.52076, -112.9425 40.52081, -112.942 40.5143, -112.9415 40.50233, -112.941 40.48672, -112.9405 40.46979, -112.94 40.45403, -112.9395 40.44177, -112.939 40.43484, -112.9385 40.43438, -112.938 40.4406, -112.9375 40.45284, -112.937 40.4696, -112.9365 40.48875, -112.936 40.50786, -112.9355 40.52448, -112.935 40.53649, -112.9345 40.54239, -112.934 40.5415, -112.9335 40.53406, -112.933 40.52117, -112.9325 40.50468, -112.932 40.48692, -112.9315 40.47038, -112.931 40.45737, -112.9305 40.44972, -112.93 40.44854, -112.9295 40.45405, -112.929 40.46555, -112.9285 40.48153, -112.928 40.49987, -112.9275 40.51812, -112.927 40.53382, -112.9265 40.54489, -112.926 40.54982, -112.9255 40.54796, -112.925 40.53956, -112.9245 40.52574, -112.924 40.50836, -112.9235 40.48975, -112.923 40.47241, -112.9225 40.45863, -112.922 40.45025, -112.9215 40.44835, -112.921 40.45313, -112.9205 40.46388, -112.92 40.47907, -112.9195 40.49659, -112.919 40.51396, -112.9185 40.52875, -112.918 40.53887, -112.9175 40.54283, -112.917 40.54, -112.9165 40.53064, -112.916 40.5159, -112.9155 40.49763, -112.915 40.47819, -112.9145 40.46004, -112.914 40.44551, -112.9135 40.43641, -112.913 40.43379, -112.9125 40.43786, -112.912 40.44787, -112.9115 40.4623, -112.911 40.479, -112.9105 40.49552, -112.91 40.50942, -112.9095 40.51861, -112.909 40.52163, -112.9085 40.51786, -112.908 40.50757, -112.9075 40.49192, -112.907 40.4728, -112.9065 40.45254, -112.906 40.43364, -112.9055 40.41839, -112.905 40.40859, -112.9045 40.4053, -112.904 40.40869, -112.9035 40.41801, -112.903 40.43171, -112.9025 40.44764, -112.902 40.46335, -112.9015 40.47639, -112.901 40.4847, -112.9005 40.48683, -112.9 40.48215, -112.8995 40.47098, -112.899 40.45449, -112.8985 40.43457, -112.898 40.41355, -112.8975 40.39395, -112.897 40.37803, -112.8965 40.3676, -112.896 40.3637, -112.8955 40.36646, -112.895 40.37515, -112.8945 40.38818, -112.894 40.40341, -112.8935 40.41837, -112.893 40.43063, -112.8925 40.43813, -112.892 40.43942, -112.8915 40.43392, -112.891 40.42194, -112.8905 40.40468, -112.89 40.38403, -112.8895 40.36234, -112.889 40.3421, -112.8885 40.3256, -112.888 40.31462, -112.8875 40.31018, -112.887 40.31241, -112.8865 40.32054, -112.886 40.33299, -112.8855 40.3476, -112.885 40.36189, -112.8845 40.37346, -112.884 40.38023, -112.8835 40.38078, -112.883 40.37455, -112.8825 40.36186, -112.882 40.34391, -112.8815 40.32263, -112.881 40.30036, -112.8805 40.27959, -112.88 40.26261, -112.8795 40.25117, -112.879 40.24629, -112.8785 40.24808, -112.878 40.25576, -112.8775 40.26773, -112.877 40.28182, -112.8765 40.29556, -112.876 40.30653, -112.8755 40.31268, -112.875 40.31261, -112.8745 40.30575, -112.874 40.29245, -112.8735 40.27394, -112.873 40.25213, -112.8725 40.22939, -112.872 40.2082, -112.8715 40.19085, -112.871 40.17908, -112.8705 40.17388, -112.87 40.17535, -112.8695 40.18269, -112.869 40.1943, -112.8685 40.20799, -112.868 40.22129, -112.8675 40.23179, -112.867 40.23744, -112.8665 40.23686, -112.866 40.22949, -112.8655 40.21571, -112.865 40.19676, -112.8645 40.17455, -112.864 40.15147, -112.8635 40.13, -112.863 40.1124, -112.8625 40.10042, -112.862 40.09502, -112.8615 40.09631, -112.861 40.10344, -112.8605 40.11482, -112.86 40.12823, -112.8595 40.14123, -112.859 40.15139, -112.8585 40.15667, -112.858 40.15571, -112.8575 40.14798, -112.857 40.13386, -112.8565 40.11459, -112.856 40.09213, -112.8555 40.06884, -112.855 40.04722, -112.8545 40.02951, -112.854 40.01746, -112.8535 40.01201, -112.853 40.01324, -112.8525 40.02031, -112.852 40.03159, -112.8515 40.04487, -112.851 40.0577, -112.8505 40.06765, -112.85 40.07271, -112.8495 40.07152, -112.849 40.06356, -112.8485 40.04923, -112.848 40.0298, -112.8475 40.00722, -112.847 39.98387, -112.8465 39.96224, -112.846 39.94457, -112.8455 39.93259, -112.845 39.92723, -112.8445 39.92855, -112.844 39.93569, -112.8435 39.94702, -112.843 39.96032, -112.8425 39.97312, -112.842 39.98301, -112.8415 39.98799, -112.841 39.9867, -112.8405 39.97866, -112.84 39.96427, -112.8395 39.94482, -112.839 39.92227, -112.8385 39.89901, -112.838 39.87751, -112.8375 39.86002, -112.837 39.84825, -112.8365 39.84313, -112.836 39.84468, -112.8355 39.85204, -112.835 39.86356, -112.8345 39.87701, -112.834 39.88993, -112.8335 39.8999, -112.833 39.90494, -112.8325 39.90371, -112.832 39.89572, -112.8315 39.88142, -112.831 39.86209, -112.8305 39.83971, -112.83 39.81667, -112.8295 39.79546, -112.829 39.77829, -112.8285 39.76688, -112.828 39.76213, -112.8275 39.76406, -112.827 39.77177, -112.8265 39.78362, -112.826 39.79737, -112.8255 39.81054, -112.825 39.82074, -112.8245 39.82597, -112.824 39.82493, -112.8235 39.81714, -112.823 39.80306, -112.8225 39.78399, -112.822 39.76192, -112.8215 39.73925, -112.821 39.71844, -112.8205 39.70174, -112.82 39.69082, -112.8195 39.68657, -112.819 39.68901, -112.8185 39.69721, -112.818 39.70952, -112.8175 39.72369, -112.817 39.73725, -112.8165 39.7478, -112.816 39.75336, -112.8155 39.75264, -112.815 39.74517, -112.8145 39.73144, -112.814 39.71276, -112.8135 39.69113, -112.813 39.66894, -112.8125 39.64868, -112.812 39.63256, -112.8115 39.62225, -112.811 39.61864, -112.8105 39.6217, -112.81 39.63052, -112.8095 39.64341, -112.809 39.65812, -112.8085 39.67218, -112.808 39.6832, -112.8075 39.68921, -112.807 39.68892, -112.8065 39.68189, -112.806 39.66863, -112.8055 39.65045, -112.805 39.62936, -112.8045 39.60778, -112.804 39.58817, -112.8035 39.57274, -112.803 39.56316, -112.8025 39.56029, -112.802 39.56408, -112.8015 39.57362, -112.801 39.58719, -112.8005 39.60255, -112.8 39.61722, -112.7995 39.62881, -112.799 39.63536, -112.7985 39.6356, -112.798 39.62912, -112.7975 39.61642, -112.797 39.59884, -112.7965 39.5784, -112.796 39.55751, -112.7955 39.53865, -112.795 39.52401, -112.7945 39.51525, -112.794 39.5132, -112.7935 39.51782, -112.793 39.52816, -112.7925 39.5425, -112.792 39.55859, -112.7915 39.57395, -112.791 39.58619, -112.7905 39.59338, -112.79 39.59423, -112.7895 39.58837, -112.789 39.57631, -112.7885 39.55941, -112.788 39.5397, -112.7875 39.51958, -112.787 39.50154, -112.7865 39.48777, -112.786 39.47989, -112.7855 39.47874, -112.785 39.48425, -112.7845 39.49547, -112.784 39.51064, -112.7835 39.52753, -112.783 39.54364, -112.7825 39.5566, -112.782 39.56447, -112.7815 39.566, -112.781 39.56082, -112.7805 39.54946, -112.78 39.53329, -112.7795 39.51436, -112.779 39.49507, -112.7785 39.4779, -112.778 39.46504, -112.7775 39.4581, -112.777 39.4579, -112.7765 39.46436, -112.776 39.47648, -112.7755 39.49254, -112.775 39.51026, -112.7745 39.52717, -112.774 39.54088, -112.7735 39.54947, -112.773 39.55172, -112.7725 39.54726, -112.772 39.53663, -112.7715 39.52123, -112.771 39.50311, -112.7705 39.48468, -112.77 39.46841, -112.7695 39.45649, -112.769 39.45052, -112.7685 39.45129, -112.768 39.4587, -112.7675 39.47177, -112.767 39.48872, -112.7665 39.5073, -112.766 39.52501, -112.7655 39.5395, -112.765 39.54883, -112.7645 39.5518, -112.764 39.54806, -112.7635 39.53818, -112.763 39.52356, -112.7625 39.50626, -112.762 39.4887, -112.7615 39.47334, -112.761 39.46236, -112.7605 39.45735, -112.76 39.45909, -112.7595 39.46747, -112.759 39.48146, -112.7585 39.49931, -112.758 39.51874, -112.7575 39.53725, -112.757 39.5525, -112.7565 39.56256, -112.756 39.56624, -112.7555 39.56322, -112.755 39.55407, -112.7545 39.54021, -112.754 39.52371, -112.7535 39.50699, -112.753 39.49252, -112.7525 39.48247, -112.752 39.4784, -112.7515 39.48109, -112.751 39.4904, -112.7505 39.5053, -112.75 39.52402, -112.7495 39.54426, -112.749 39.56354, -112.7485 39.57951, -112.748 39.59027, -112.7475 39.59463, -112.747 39.59228, -112.7465 39.58382, -112.746 39.57069, -112.7455 39.55495, -112.745 39.53904, -112.7445 39.52541, -112.744 39.51624, -112.7435 39.51306, -112.743 39.51665, -112.7425 39.52684, -112.742 39.5426, -112.7415 39.56212, -112.741 39.58313, -112.7405 39.60312, -112.74 39.61976, -112.7395 39.63115, -112.739 39.63613, -112.7385 39.6344, -112.738 39.62658, -112.7375 39.6141, -112.737 39.59906, -112.7365 39.58389, -112.736 39.57105, -112.7355 39.56268, -112.735 39.56033, -112.7345 39.56475, -112.734 39.57575, -112.7335 39.59229, -112.733 39.61255, -112.7325 39.63424, -112.732 39.65487, -112.7315 39.6721, -112.731 39.68405, -112.7305 39.68957, -112.73 39.68837, -112.7295 39.6811, -112.729 39.6692, -112.7285 39.65477, -112.728 39.64026, -112.7275 39.62811, -112.727 39.62046, -112.7265 39.61885, -112.726 39.62401, -112.7255 39.63573, -112.725 39.65295, -112.7245 39.67385, -112.724 39.69613, -112.7235 39.7173, -112.723 39.73502, -112.7225 39.74743, -112.722 39.75339, -112.7215 39.75263, -112.721 39.7458, -112.7205 39.73438, -112.72 39.72047, -112.7195 39.7065, -112.719 39.69494, -112.7185 39.68791, -112.718 39.68693, -112.7175 39.69271, -112.717 39.70504, -112.7165 39.72284, -112.716 39.74427, -112.7155 39.76703, -112.715 39.78862, -112.7145 39.80672, -112.714 39.81947, -112.7135 39.82575, -112.713 39.82531, -112.7125 39.81881, -112.712 39.80775, -112.7115 39.79423, -112.711 39.7807, -112.7105 39.76961, -112.71 39.76307, -112.7095 39.7626, -112.709 39.76889, -112.7085 39.7817, -112.708 39.79995, -112.7075 39.82179, -112.707 39.8449, -112.7065 39.86679, -112.706 39.88514, -112.7055 39.8981, -112.705 39.90457, -112.7045 39.90432, -112.704 39.89803, -112.7035 39.88719, -112.703 39.87394, -112.7025 39.86071, -112.702 39.84995, -112.7015 39.84378, -112.701 39.84368, -112.7005 39.85034, -112.7 39.86351, -112.6995 39.88207, -112.699 39.90417, -112.6985 39.9275, -112.698 39.94955, -112.6975 39.96801, -112.697 39.98105, -112.6965 39.98758, -112.696 39.98738, -112.6955 39.98115, -112.695 39.97041, -112.6945 39.95728, -112.694 39.94421, -112.6935 39.93365, -112.693 39.9277, -112.6925 39.92784, -112.692 39.93473, -112.6915 39.9481, -112.691 39.96684, -112.6905 39.98907, -112.69 40.01246, -112.6895 40.03453, -112.689 40.05296, -112.6885 40.06593, -112.688 40.07237, -112.6875 40.07208, -112.687 40.06578, -112.6865 40.05498, -112.686 40.04183, -112.6855 40.02879, -112.685 40.01828, -112.6845 40.01241, -112.684 40.01264, -112.6835 40.01961, -112.683 40.03306, -112.6825 40.05182, -112.682 40.07403, -112.6815 40.09734, -112.681 40.11928, -112.6805 40.13754, -112.68 40.1503, -112.6795 40.15651, -112.679 40.15599, -112.6785 40.14946, -112.678 40.13847, -112.6775 40.12516, -112.677 40.11199, -112.6765 40.1014, -112.676 40.09547, -112.6755 40.09564, -112.675 40.10256, -112.6745 40.11592, -112.674 40.13457, -112.6735 40.15661, -112.673 40.17972, -112.6725 40.20138, -112.672 40.21932, -112.6715 40.23173, -112.671 40.23757, -112.6705 40.23667, -112.67 40.22978, -112.6695 40.21846, -112.669 40.20485, -112.6685 40.19142, -112.668 40.1806, -112.6675 40.17446, -112.667 40.17445, -112.6665 40.18117, -112.666 40.19432, -112.6655 40.21271, -112.665 40.23446, -112.6645 40.25721, -112.664 40.27847, -112.6635 40.29595, -112.663 40.30788, -112.6625 40.31321, -112.662 40.3118, -112.6615 40.30442, -112.661 40.29263, -112.6605 40.27859, -112.66 40.26477, -112.6595 40.25359, -112.659 40.24713, -112.6585 40.2468, -112.658 40.25319, -112.6575 40.266, -112.657 40.28401, -112.6565 40.30532, -112.656 40.32759, -112.6555 40.34832, -112.655 40.36523, -112.6545 40.37654, -112.654 40.38125, -112.6535 40.37921, -112.653 40.37121, -112.6525 40.35883, -112.652 40.34425, -112.6515 40.32992, -112.651 40.31826, -112.6505 40.31135, -112.65 40.31059, -112.6495 40.31655, -112.649 40.32889, -112.6485 40.3464, -112.648 40.36718, -112.6475 40.38885, -112.647 40.40894, -112.6465 40.42516, -112.646 40.43575, -112.6455 40.43972, -112.645 40.43694, -112.6445 40.42822, -112.644 40.41515, -112.6435 40.39992, -112.643 40.38497, -112.6425 40.37275, -112.642 40.36528, -112.6415 40.36399, -112.641 40.36941, -112.6405 40.38119, -112.64 40.39811, -112.6395 40.41825, -112.639 40.43923, -112.6385 40.45858, -112.638 40.47402, -112.6375 40.4838, -112.637 40.48693, -112.6365 40.48333, -112.636 40.47381, -112.6355 40.45996, -112.635 40.44398, -112.6345 40.42834, -112.634 40.41546, -112.6335 40.40737, -112.633 40.40545, -112.6325 40.41025, -112.632 40.4214, -112.6315 40.43765, -112.631 40.45707, -112.6305 40.47729, -112.63 40.49582, -112.6295 40.5104, -112.629 40.5193, -112.6285 40.52154, -112.628 40.51704, -112.6275 40.50664, -112.627 40.49195, -112.6265 40.47517, -112.626 40.45877, -112.6255 40.44517, -112.625 40.43638, -112.6245 40.43379, -112.624 40.43792, -112.6235 40.44837, -112.623 40.46389, -112.6225 40.48254, -112.622 40.50193, -112.6215 40.5196, -112.621 40.53327, -112.6205 40.54123, -112.62 40.54252, -112.6195 40.53709, -112.619 40.52576, -112.6185 40.51019, -112.618 40.49257, -112.6175 40.47537, -112.617 40.461, -112.6165 40.45149, -112.616 40.44819, -112.6155 40.4516, -112.615 40.46132, -112.6145 40.47608, -112.614 40.49392, -112.6135 40.51247, -112.613 40.52923, -112.6125 40.54197, -112.612 40.54897, -112.6115 40.54929, -112.611 40.54289, -112.6105 40.53063, -112.61 40.51415, -112.6095 40.49566, -112.609 40.47765, -112.6085 40.46251, -112.608 40.45225, -112.6075 40.44822, -112.607 40.4509, -112.6065 40.45988, -112.606 40.47387, -112.6055 40.4909, -112.605 40.50859, -112.6045 40.52446, -112.604 40.53626, -112.6035 40.5423, -112.603 40.54164, -112.6025 40.53428, -112.602 40.52108, -112.6015 40.5037, -112.601 40.48436, -112.6005 40.46553, -112.6 40.44963, -112.5995 40.43864, -112.599 40.43389, -112.5985 40.43586, -112.598 40.44412, -112.5975 40.45735, -112.597 40.47358, -112.5965 40.49043, -112.596 40.50542, -112.5955 40.5163, -112.595 40.52139, -112.5945 40.5198, -112.594 40.5115, -112.5935 40.49738, -112.593 40.47913, -112.5925 40.45897, -112.592 40.43937, -112.5915 40.42273, -112.591 40.41104, -112.5905 40.40562, -112.59 40.40691, -112.5895 40.41447, -112.589 40.42699, -112.5885 40.44247, -112.588 40.45852, -112.5875 40.47266, -112.587 40.48267, -112.5865 40.48688, -112.586 40.48438, -112.5855 40.47519, -112.585 40.46022, -112.5845 40.44115, -112.584 40.42021, -112.5835 40.39989, -112.583 40.38258, -112.5825 40.37025, -112.582 40.36421, -112.5815 40.36489, -112.581 40.37182, -112.5805 40.38368, -112.58 40.39847, -112.5795 40.41378, -112.579 40.42715, -112.5785 40.43636, -112.578 40.43974, -112.5775 40.43641, -112.577 40.42641, -112.5765 40.41065, -112.576 40.39084, -112.5755 40.36921, -112.575 40.34824, -112.5745 40.33033, -112.574 40.31744, -112.5735 40.31086, -112.573 40.311, -112.5725 40.31739, -112.572 40.32868, -112.5715 40.34286, -112.571 40.35753, -112.5705 40.37021, -112.57 40.37869, -112.5695 40.38133, -112.569 40.37727, -112.5685 40.36654, -112.568 40.3501, -112.5675 40.32963, -112.567 40.3074, -112.5665 40.28589, -112.566 40.26748, -112.5655 40.25413, -112.565 40.24711, -112.5645 40.24682, -112.564 40.25276, -112.5635 40.26358, -112.563 40.27725, -112.5625 40.29137, -112.562 40.30347, -112.5615 40.31135, -112.561 40.31336, -112.5605 40.30867, -112.56 40.29733, -112.5595 40.28029, -112.559 40.25929, -112.5585 40.23658, -112.558 40.21464, -112.5575 40.19584, -112.557 40.18214, -112.5565 40.17479, -112.556 40.17419, -112.5555 40.1798, -112.555 40.19026, -112.5545 40.20355, -112.554 40.21725, -112.5535 40.22888, -112.553 40.23626, -112.5525 40.23777, -112.552 40.23257, -112.5515 40.22074, -112.551 40.20325, -112.5505 40.18184, -112.55 40.15877, -112.5495 40.13652, -112.549 40.11747, -112.5485 40.10355, -112.548 40.096, -112.5475 40.09521, -112.547 40.10062, -112.5465 40.11086, -112.546 40.12389, -112.5455 40.13729, -112.545 40.14859, -112.5445 40.15562, -112.544 40.15675, -112.5435 40.15117, -112.543 40.13899, -112.5425 40.12118, -112.542 40.09949, -112.5415 40.0762, -112.541 40.05378, -112.5405 40.03461, -112.54 40.02061, -112.5395 40.01301, -112.539 40.01216, -112.5385 40.01751, -112.538 40.02766, -112.5375 40.04057, -112.537 40.05382, -112.5365 40.06493, -112.536 40.07173, -112.5355 40.07263, -112.535 40.06682, -112.5345 40.05442, -112.534 40.03644, -112.5335 40.01462, -112.533 39.99124, -112.5325 39.9688, -112.532 39.94965, -112.5315 39.93571, -112.531 39.9282, -112.5305 39.92744, -112.53 39.93287, -112.5295 39.94308, -112.529 39.95601, -112.5285 39.96924, -112.528 39.98031, -112.5275 39.98703, -112.527 39.98784, -112.5265 39.98195, -112.526 39.96948, -112.5255 39.95146, -112.525 39.92965, -112.5245 39.90634, -112.524 39.88402, -112.5235 39.86504, -112.523 39.85131, -112.5225 39.84402, -112.522 39.8435, -112.5215 39.84915, -112.521 39.85956, -112.5205 39.87266, -112.52 39.88602, -112.5195 39.89718, -112.519 39.90397, -112.5185 39.90483, -112.518 39.89899, -112.5175 39.8866, -112.517 39.86868, -112.5165 39.84703, -112.516 39.82393, -112.5155 39.80187, -112.515 39.7832, -112.5145 39.76982, -112.514 39.7629, -112.5135 39.76275, -112.513 39.76877, -112.5125 39.77953, -112.512 39.79293, -112.5115 39.80656, -112.511 39.81794, -112.5105 39.82494, -112.51 39.82599, -112.5095 39.82034, -112.509 39.80816, -112.5085 39.7905, -112.508 39.76914, -112.5075 39.74638, -112.507 39.72472, -112.5065 39.7065, -112.506 39.6936, -112.5055 39.68718, -112.505 39.68754, -112.5045 39.69406, -112.504 39.70528, -112.5035 39.71912, -112.503 39.73315, -112.5025 39.7449, -112.502 39.75223, -112.5015 39.7536, -112.501 39.74827, -112.5005 39.73643, -112.5 39.71914, -112.4995 39.6982, -112.499 39.67592, -112.4985 39.65478, -112.498 39.63713, -112.4975 39.62483, -112.497 39.61904, -112.4965 39.62004, -112.496 39.62717, -112.4955 39.63899, -112.495 39.65338, -112.4945 39.66792, -112.494 39.68015, -112.4935 39.68793, -112.493 39.68974, -112.4925 39.68485, -112.492 39.67346, -112.4915 39.65666, -112.491 39.63625, -112.4905 39.61456, -112.49 39.59406, -112.4895 39.57709, -112.489 39.56551, -112.4885 39.56046, -112.488 39.56219, -112.4875 39.57005, -112.487 39.58256, -112.4865 39.59761, -112.486 39.61277, -112.4855 39.62558, -112.485 39.63391, -112.4845 39.63625, -112.484 39.6319, -112.4835 39.62107, -112.483 39.60485, -112.4825 39.58508, -112.482 39.56406, -112.4815 39.54429, -112.481 39.5281, -112.4805 39.51733, -112.48 39.51311, -112.4795 39.51567, -112.479 39.52434, -112.4785 39.53763, -112.478 39.55343, -112.4775 39.56929, -112.477 39.58276, -112.4765 39.59173, -112.476 39.59469, -112.4755 39.59096, -112.475 39.58076, -112.4745 39.56521, -112.474 39.54614, -112.4735 39.52588, -112.473 39.50692, -112.4725 39.49158, -112.472 39.48169, -112.4715 39.47836, -112.471 39.48182, -112.4705 39.49137, -112.47 39.50551, -112.4695 39.52212, -112.469 39.53874, -112.4685 39.55294, -112.468 39.56261, -112.4675 39.56624, -112.467 39.56319, -112.4665 39.55368, -112.466 39.53885, -112.4655 39.52055, -112.465 39.5011, -112.4645 39.483, -112.464 39.46856, -112.4635 39.4596, -112.463 39.45722, -112.4625 39.46162, -112.462 39.4721, -112.4615 39.48713, -112.461 39.50459, -112.4605 39.52202, -112.46 39.53699, -112.4595 39.54738, -112.459 39.55174, -112.4585 39.54939, -112.458 39.54061, -112.4575 39.52654, -112.457 39.50903, -112.4565 39.49043, -112.456 39.47322, -112.4555 39.45971, -112.455 39.45171, -112.4545 39.4503, -112.454 39.45566, -112.4535 39.46709, -112.453 39.48303, -112.4525 39.50136, -112.452 39.51962, -112.4515 39.53536, -112.451 39.54651, -112.4505 39.55159, -112.45 39.54997, -112.4495 39.54193, -112.449 39.52862, -112.4485 39.51192, -112.448 39.49417, -112.4475 39.47785, -112.447 39.46527, -112.4465 39.45823, -112.446 39.45779, -112.4455 39.46412, -112.445 39.47649, -112.4445 39.49334, -112.444 39.51253, -112.4435 39.53161, -112.443 39.54812, -112.4425 39.56, -112.442 39.5658, -112.4415 39.56489, -112.441 39.55758, -112.4405 39.54502, -112.44 39.52911, -112.4395 39.51219, -112.439 39.49675, -112.4385 39.48508, -112.438 39.47898, -112.4375 39.47949, -112.437 39.48676, -112.4365 39.50004, -112.436 39.51777, -112.4355 39.5378, -112.435 39.55765, -112.4345 39.57491, -112.434 39.58749, -112.4335 39.59397, -112.433 39.59374, -112.4325 39.58711, -112.432 39.57526, -112.4315 39.5601, -112.431 39.54397, -112.4305 39.52936, -112.43 39.51857, -112.4295 39.51336, -112.429 39.51476, -112.4285 39.52292, -112.428 39.53707, -112.4275 39.55563, -112.427 39.57643, -112.4265 39.59701, -112.426 39.61495, -112.4255 39.62818, -112.425 39.63528, -112.4245 39.63566, -112.424 39.62966, -112.4235 39.61846, -112.423 39.60399, -112.4225 39.58859, -112.422 39.57475, -112.4215 39.56475, -112.421 39.56037, -112.4205 39.5626, -112.42 39.57158, -112.4195 39.58652, -112.419 39.60582, -112.4185 39.62733, -112.418 39.64857, -112.4175 39.66711, -112.417 39.6809, -112.4165 39.68854, -112.416 39.68946, -112.4155 39.684, -112.415 39.67337, -112.4145 39.6595, -112.414 39.64474, -112.4135 39.63158, -112.413 39.6223, -112.4125 39.61865, -112.412 39.62162, -112.4115 39.63133, -112.411 39.64696, -112.4105 39.66693, -112.41 39.68904, -112.4095 39.71083, -112.409 39.72988, -112.4085 39.74414, -112.408 39.75223, -112.4075 39.75358, -112.407 39.74856, -112.4065 39.7384, -112.406 39.72502, -112.4055 39.7108, -112.405 39.69822, -112.4045 39.68955, -112.404 39.68652, -112.4035 39.69013, -112.403 39.70045, -112.4025 39.71668, -112.402 39.73718, -112.4015 39.75979, -112.401 39.78202, -112.4005 39.80146, -112.4 39.81608, -112.3995 39.82449, -112.399 39.82616, -112.3985 39.82146, -112.398 39.81165, -112.3975 39.79866, -112.397 39.78486, -112.3965 39.77274, -112.396 39.76455, -112.3955 39.76203, -112.395 39.76615, -112.3945 39.77696, -112.394 39.79365, -112.3935 39.81458, -112.393 39.83755, -112.3925 39.86009, -112.392 39.8798, -112.3915 39.89464, -112.391 39.90325, -112.3905 39.90511, -112.39 39.90061, -112.3895 39.89102, -112.389 39.87828, -112.3885 39.86477, -112.388 39.85297, -112.3875 39.84514, -112.387 39.843, -112.3865 39.84748, -112.386 39.85866, -112.3855 39.87567, -112.385 39.89688, -112.3845 39.92009, -112.384 39.94281, -112.3835 39.96264, -112.383 39.97757, -112.3825 39.98624, -112.382 39.98815, -112.3815 39.98371, -112.381 39.9742, -112.3805 39.96157, -112.38 39.94821, -112.3795 39.9366, -112.379 39.92899, -112.3785 39.92708, -112.378 39.9318, -112.3775 39.94319, -112.377 39.96039, -112.3765 39.98174, -112.376 40.00503, -112.3755 40.02779, -112.375 40.0476, -112.3745 40.06247, -112.374 40.07106, -112.3735 40.07288, -112.373 40.06836, -112.3725 40.05879, -112.372 40.04613, -112.3715 40.03278, -112.371 40.02121, -112.3705 40.01367, -112.37 40.01185, -112.3695 40.01666, -112.369 40.02813, -112.3685 40.04537, -112.368 40.06671, -112.3675 40.08995, -112.367 40.11259, -112.3665 40.13225, -112.366 40.14692, -112.3655 40.15528, -112.365 40.15686, -112.3645 40.15211, -112.364 40.14233, -112.3635 40.12951, -112.363 40.11602, -112.3625 40.10436, -112.362 40.09675, -112.3615 40.09487, -112.361 40.09963, -112.3605 40.11102, -112.36 40.12816, -112.3595 40.14936, -112.359 40.17239, -112.3585 40.19478, -112.358 40.21414, -112.3575 40.22846, -112.357 40.23646, -112.3565 40.23766, -112.356 40.23255, -112.3555 40.22242, -112.355 40.20929, -112.3545 40.19553, -112.354 40.18363, -112.3535 40.17581, -112.353 40.17374, -112.3525 40.1783, -112.352 40.18949, -112.3515 40.20639, -112.351 40.2273, -112.3505 40.25, -112.35 40.272, -112.3495 40.29091, -112.349 40.30476, -112.3485 40.31225, -112.348 40.31295, -112.3475 40.30734, -112.347 40.29674, -112.3465 40.28316, -112.346 40.269, -112.3455 40.25673, -112.345 40.24857, -112.3445 40.24618, -112.344 40.25043, -112.3435 40.26128, -112.343 40.27781, -112.3425 40.29831, -112.342 40.32055, -112.3415 40.34203, -112.341 40.36038, -112.3405 40.37362, -112.34 40.38049, -112.3395 40.38056, -112.339 40.37432, -112.3385 40.36313, -112.338 40.34898, -112.3375 40.3343, -112.337 40.32155, -112.3365 40.31294, -112.336 40.31011, -112.3355 40.31392, -112.335 40.32432, -112.3345 40.34037, -112.334 40.36035, -112.3335 40.382, -112.333 40.40286, -112.3325 40.42053, -112.332 40.43306, -112.3315 40.4392, -112.331 40.43852, -112.3305 40.43156, -112.33 40.41966, -112.3295 40.40486, -112.329 40.38955, -112.3285 40.37621, -112.328 40.36704, -112.3275 40.36368, -112.327 40.36695, -112.3265 40.3768, -112.326 40.39227, -112.3255 40.41162, -112.325 40.43261, -112.3245 40.45274, -112.324 40.46964, -112.3235 40.48137, -112.323 40.48668, -112.3225 40.48518, -112.322 40.4774, -112.3215 40.46471, -112.321 40.44916, -112.3205 40.43314, -112.32 40.41913, -112.3195 40.40933, -112.319 40.40534, -112.3185 40.408, -112.318 40.41722, -112.3175 40.43203, -112.317 40.45068, -112.3165 40.47092, -112.316 40.49025, -112.3155 40.50631, -112.315 40.51716, -112.3145 40.52157, -112.314 40.51917, -112.3135 40.51051, -112.313 40.49697, -112.3125 40.48059, -112.312 40.4638, -112.3115 40.44906, -112.311 40.43856, -112.3105 40.4339, -112.31 40.43588, -112.3095 40.44441, -112.309 40.4585, -112.3085 40.4764, -112.308 40.49583, -112.3075 40.51431, -112.307 40.52947, -112.3065 40.53939, -112.306 40.54286, -112.3055 40.53952, -112.305 40.52992, -112.3045 40.51549, -112.304 40.49825, -112.3035 40.48065, -112.303 40.46514, -112.3025 40.4539, -112.302 40.44852, -112.3015 40.44979, -112.301 40.4576, -112.3005 40.47093, -112.3 40.48804, -112.2995 40.50664, -112.299 40.52423, -112.2985 40.53847, -112.298 40.54744, -112.2975 40.54994, -112.297 40.54563, -112.2965 40.53508, -112.296 40.51973, -112.2955 40.50162, -112.295 40.48318, -112.2945 40.46688, -112.294 40.45489, -112.2935 40.44878, -112.293 40.44933, -112.2925 40.4564, -112.292 40.46898, -112.2915 40.48529, -112.291 40.50304, -112.2905 40.51975, -112.29 40.53306, -112.2895 40.54107, -112.289 40.5426, -112.2885 40.53732, -112.288 40.52583, -112.2875 40.50956, -112.287 40.49058, -112.2865 40.47132, -112.286 40.45424, -112.2855 40.44151, -112.285 40.43468, -112.2845 40.43452, -112.284 40.44087, -112.2835 40.4527, -112.283 40.46823, -112.2825 40.48515, -112.282 40.50099, -112.2815 40.51339, -112.281 40.52047, -112.2805 40.52105, -112.28 40.51483, -112.2795 40.50242, -112.279 40.48527, -112.2785 40.46545, -112.278 40.4454, -112.2775 40.42757, -112.277 40.41413, -112.2765 40.40662, -112.276 40.40578, -112.2755 40.41145, -112.275 40.42257, -112.2745 40.43736, -112.274 40.4535, -112.2735 40.46851, -112.273 40.48005, -112.2725 40.48624, -112.272 40.48592, -112.2715 40.47881, -112.271 40.46553, -112.2705 40.44754, -112.27 40.42693, -112.2695 40.40615, -112.269 40.38764, -112.2685 40.37354, -112.268 40.3654, -112.2675 40.36395, -112.267 40.369, -112.2665 40.37948, -112.266 40.39358, -112.2655 40.409, -112.265 40.42325, -112.2645 40.43399, -112.264 40.43936, -112.2635 40.43821, -112.263 40.43028, -112.2625 40.4162, -112.262 40.39746, -112.2615 40.37614, -112.261 40.3547, -112.2605 40.33557, -112.26 40.32091, -112.2595 40.31223, -112.259 40.31024, -112.2585 40.31474, -112.258 40.32466, -112.2575 40.33817, -112.257 40.35295, -112.2565 40.36653, -112.256 40.37656, -112.2555 40.3812, -112.255 40.37931, -112.2545 40.37064, -112.254 40.35587, -112.2535 40.33646, -112.253 40.31453, -112.2525 40.29252, -112.252 40.27288, -112.2515 40.25774, -112.251 40.24861, -112.2505 40.24619, -112.25 40.25026, -112.2495 40.25971, -112.249 40.27273, -112.2485 40.28698, -112.248 40.29998, -112.2475 40.30941, -112.247 40.31342, -112.2465 40.3109, -112.246 40.30162, -112.2455 40.28625, -112.245 40.26628, -112.2445 40.24385, -112.244 40.22139, -112.2435 40.20136, -112.243 40.18586, -112.2425 40.1764, -112.242 40.17366, -112.2415 40.1774, -112.241 40.18652, -112.2405 40.19915, -112.24 40.21299, -112.2395 40.22554, -112.239 40.23449, -112.2385 40.238, -112.238 40.23497, -112.2375 40.22518, -112.237 40.20934, -112.2365 40.18896, -112.236 40.16615, -112.2355 40.14337, -112.235 40.12306, -112.2345 40.10733, -112.234 40.09767, -112.2335 40.09474, -112.233 40.09829, -112.2325 40.10719, -112.232 40.11958, -112.2315 40.13313, -112.231 40.14536, -112.2305 40.15396, -112.23 40.15709, -112.2295 40.15369, -112.229 40.14354, -112.2285 40.12737, -112.228 40.10669, -112.2275 40.08364, -112.227 40.06068, -112.2265 40.04023, -112.226 40.02442, -112.2255 40.01469, -112.225 40.01171, -112.2245 40.0152, -112.224 40.02402, -112.2235 40.0363, -112.223 40.04971, -112.2225 40.06176, -112.222 40.07014, -112.2215 40.07305, -112.221 40.06941, -112.2205 40.05904, -112.22 40.04268, -112.2195 40.02185, -112.219 39.99871, -112.2185 39.9757, -112.218 39.95527, -112.2175 39.9395, -112.217 39.92985, -112.2165 39.92696, -112.216 39.93054, -112.2155 39.93943, -112.215 39.95174, -112.2145 39.96515, -112.214 39.97716, -112.2135 39.98547, -112.213 39.98829, -112.2125 39.98456, -112.212 39.97412, -112.2115 39.95771, -112.211 39.93688, -112.2105 39.91378, -112.21 39.89087, -112.2095 39.87059, -112.209 39.85502, -112.2085 39.8456, -112.208 39.84295, -112.2075 39.84675, -112.207 39.85585, -112.2065 39.86834, -112.206 39.88189, -112.2055 39.894, -112.205 39.90239, -112.2045 39.90526, -112.204 39.90159, -112.2035 39.89121, -112.203 39.87489, -112.2025 39.8542, -112.202 39.8313, -112.2015 39.80864, -112.201 39.78865, -112.2005 39.77342, -112.2 39.76436, -112.1995 39.76208, -112.199 39.76626, -112.1985 39.7757, -112.198 39.78852, -112.1975 39.80234, -112.197 39.8147, -112.1965 39.8233, -112.196 39.82637, -112.1955 39.82288, -112.195 39.81271, -112.1945 39.79662, -112.194 39.77621, -112.1935 39.75363, -112.193 39.73135, -112.1925 39.7118, -112.192 39.69704, -112.1915 39.68848, -112.191 39.68671, -112.1905 39.69139, -112.19 39.70132, -112.1895 39.71458, -112.189 39.72881, -112.1885 39.74154, -112.188 39.75048, -112.1875 39.75387, -112.187 39.7507, -112.1865 39.74086, -112.186 39.72514, -112.1855 39.70513, -112.185 39.68301, -112.1845 39.66124, -112.184 39.64225, -112.1835 39.62808, -112.183 39.62015, -112.1825 39.61901, -112.182 39.62431, -112.1815 39.63483, -112.181 39.64866, -112.1805 39.66343, -112.18 39.67665, -112.1795 39.68604, -112.179 39.68987, -112.1785 39.68714, -112.178 39.67775, -112.1775 39.6625, -112.177 39.64301, -112.1765 39.62146, -112.176 39.60031, -112.1755 39.58198, -112.175 39.56853, -112.1745 39.56132, -112.174 39.56092, -112.1735 39.56696, -112.173 39.57819, -112.1725 39.59269, -112.172 39.60808, -112.1715 39.62189, -112.171 39.63185, -112.1705 39.63622, -112.17 39.63402, -112.1695 39.62518, -112.169 39.61051, -112.1685 39.59163, -112.168 39.57074, -112.1675 39.55031, -112.167 39.53275, -112.1665 39.52009, -112.166 39.51371, -112.1655 39.51414, -112.165 39.52099, -112.1645 39.53301, -112.164 39.54827, -112.1635 39.56438, -112.163 39.57887, -112.1625 39.58947, -112.162 39.59446, -112.1615 39.59288, -112.161 39.58466, -112.1605 39.57064, -112.16 39.55246, -112.1595 39.53231, -112.159 39.51267, -112.1585 39.49595, -112.158 39.48416, -112.1575 39.47868, -112.157 39.48, -112.1565 39.48774, -112.156 39.50063, -112.1555 39.51671, -112.155 39.5336, -112.1545 39.54882, -112.154 39.56013, -112.1535 39.5658, -112.153 39.56489, -112.1525 39.55736, -112.152 39.54405, -112.1515 39.52662, -112.151 39.50727, -112.1505 39.48847, -112.15 39.47264, -112.1495 39.46178, -112.149 39.45723, -112.1485 39.45951, -112.148 39.46818, -112.1475 39.48197, -112.147 39.49891, -112.1465 39.51662, -112.146 39.53263, -112.1455 39.54467, -112.145 39.55106, -112.1445 39.55087, -112.144 39.54405, -112.1435 39.5315, -112.143 39.51485, -112.1425 39.49632, -112.142 39.4784, -112.1415 39.46349, -112.141 39.45358, -112.1405 39.45, -112.14 39.45325, -112.1395 39.46287, -112.139 39.47758, -112.1385 39.49541, -112.138 39.51396, -112.1375 39.53076, -112.137 39.54356, -112.1365 39.55068, -112.136 39.55121, -112.1355 39.54513, -112.135 39.53333, -112.1345 39.51747, -112.134 39.49978, -112.1335 39.48274, -112.133 39.46875, -112.1325 39.45979, -112.132 39.45719, -112.1315 39.4614, -112.131 39.47198, -112.1305 39.48761, -112.13 39.50631, -112.1295 39.5257, -112.129 39.54328, -112.1285 39.55683, -112.128 39.56467, -112.1275 39.56591, -112.127 39.56055, -112.1265 39.54948, -112.126 39.5344, -112.1255 39.51754, -112.125 39.50136, -112.1245 39.48827, -112.124 39.48024, -112.1235 39.47858, -112.123 39.48374, -112.1225 39.49524, -112.122 39.51176, -112.1215 39.53132, -112.121 39.5515, -112.1205 39.56983, -112.12 39.58409, -112.1195 39.59262, -112.119 39.59454, -112.1185 39.58986, -112.118 39.5795, -112.1175 39.56515, -112.117 39.54906, -112.1165 39.53371, -112.116 39.52147, -112.1155 39.51433, -112.115 39.51357, -112.1145 39.51962, -112.114 39.532, -112.1135 39.54936, -112.113 39.56971, -112.1125 39.59063, -112.112 39.60966, -112.1115 39.62458, -112.111 39.63374, -112.1105 39.63627, -112.11 39.63221, -112.1095 39.62249, -112.109 39.60882, -112.1085 39.59344, -112.108 39.57884, -112.1075 39.5674, -112.107 39.56108, -112.1065 39.56114, -112.106 39.56802, -112.1055 39.5812, -112.105 39.59932, -112.1045 39.62039, -112.104 39.64198, -112.1035 39.66163, -112.103 39.67713, -112.1025 39.68683, -112.102 39.6899, -112.1015 39.68637, -112.101 39.67721, -112.1005 39.66413, -112.1 39.64939, -112.0995 39.63545, -112.099 39.62472, -112.0985 39.61912, -112.098 39.61993, -112.0975 39.62754, -112.097 39.64142, -112.0965 39.66022, -112.096 39.68191, -112.0955 39.70408, -112.095 39.72424, -112.0945 39.74022, -112.094 39.75037, -112.0935 39.75387, -112.093 39.75079, -112.0925 39.74209, -112.092 39.72949, -112.0915 39.71527, -112.091 39.70191, -112.0905 39.69177, -112.09 39.6868, -112.0895 39.68824, -112.089 39.69647, -112.0885 39.71095, -112.088 39.73031, -112.0875 39.75251, -112.087 39.77513, -112.0865 39.79571, -112.086 39.81204, -112.0855 39.82253, -112.085 39.82635, -112.0845 39.82359, -112.084 39.81523, -112.0835 39.803, -112.083 39.78919, -112.0825 39.77627, -112.082 39.76661, -112.0815 39.76214, -112.081 39.76409, -112.0805 39.77282, -112.08 39.78778, -112.0795 39.80757, -112.079 39.83016, -112.0785 39.85311, -112.078 39.87397, -112.0775 39.89054, -112.077 39.90123, -112.0765 39.90524, -112.076 39.90267, -112.0755 39.89452, -112.075 39.88254, -112.0745 39.869, -112.074 39.8564, -112.0735 39.84709, -112.073 39.84299, -112.0725 39.84531, -112.072 39.85441, -112.0715 39.86971, -112.071 39.8898, -112.0705 39.91263, -112.07 39.93578, -112.0695 39.95677, -112.069 39.97344, -112.0685 39.9842, -112.068 39.98827, -112.0675 39.98575, -112.067 39.97767, -112.0665 39.96579, -112.066 39.9524, -112.0655 39.93997, -112.065 39.93086, -112.0645 39.92699, -112.064 39.92955, -112.0635 39.93887, -112.063 39.95437, -112.0625 39.97462, -112.062 39.99755, -112.0615 40.02075, -112.061 40.04175, -112.0605 40.05837, -112.06 40.06906, -112.0595 40.07303, -112.059 40.07043, -112.0585 40.06228, -112.058 40.05036, -112.0575 40.03696, -112.057 40.02456, -112.0565 40.01552, -112.056 40.01174, -112.0555 40.01439, -112.055 40.02379, -112.0545 40.03934, -112.054 40.05959, -112.0535 40.08249, -112.053 40.1056, -112.0525 40.12644, -112.052 40.14288, -112.0515 40.15335, -112.051 40.15708, -112.0505 40.15425, -112.05 40.14589, -112.0495 40.13378, -112.049 40.12023, -112.0485 40.10773, -112.048 40.09861, -112.0475 40.09477, -112.047 40.09737, -112.0465 40.10671, -112.046 40.12217, -112.0455 40.14229, -112.045 40.16501, -112.0445 40.18787, -112.044 40.20843, -112.0435 40.22454, -112.043 40.23464, -112.0425 40.238, -112.042 40.2348, -112.0415 40.22608, -112.041 40.21366, -112.0405 40.19982, -112.04 40.18707, -112.0395 40.17774, -112.039 40.1737, -112.0385 40.17611, -112.038 40.18525, -112.0375 40.20048, -112.037 40.22033, -112.0365 40.24273, -112.036 40.26522, -112.0355 40.28536, -112.035 40.301, -112.0345 40.3106, -112.034 40.31346, -112.0335 40.30975, -112.033 40.30054, -112.0325 40.28767, -112.032 40.27342, -112.0315 40.26029, -112.031 40.25061, -112.0305 40.24625, -112.03 40.24834, -112.0295 40.25715, -112.029 40.27202, -112.0285 40.29148, -112.028 40.31343, -112.0275 40.33542, -112.027 40.35501, -112.0265 40.37005, -112.026 40.37904, -112.0255 40.38126, -112.025 40.37693, -112.0245 40.36712, -112.024 40.35367, -112.0235 40.33888, -112.023 40.32526, -112.0225 40.31512, -112.022 40.31031, -112.0215 40.31197, -112.021 40.32033, -112.0205 40.33473, -112.02 40.35368, -112.0195 40.37507, -112.019 40.39645, -112.0185 40.41538, -112.018 40.42972, -112.0175 40.43798, -112.017 40.43946, -112.0165 40.43439, -112.016 40.42388, -112.0155 40.40975, -112.015 40.39433, -112.0145 40.3801, -112.014 40.3694, -112.0135 40.36405, -112.013 40.36518, -112.0125 40.37299, -112.012 40.38683, -112.0115 40.40517, -112.011 40.4259, -112.0105 40.44657, -112.01 40.46474, -112.0095 40.47829, -112.009 40.48573, -112.0085 40.48638, -112.008 40.48049, -112.0075 40.46917, -112.007 40.45428, -112.0065 40.43814, -112.006 40.42323, -112.0055 40.41188, -112.005 40.40591, -112.0045 40.40642, -112.004 40.41361, -112.0035 40.4268, -112.003 40.44445, -112.0025 40.46445, -112.002 40.48434, -112.0015 40.50168, -112.001 40.51436, -112.0005 40.5209, -112 40.52066, -111.9995 40.51388, -111.999 40.5017, -111.9985 40.48597, -111.998 40.46904, -111.9975 40.45339, -111.997 40.44133, -111.9965 40.43468, -111.996 40.43451, -111.9955 40.44103, -111.995 40.4535, -111.9945 40.47041, -111.994 40.48962, -111.9935 40.50867, -111.993 40.52513, -111.9925 40.53689, -111.992 40.5425, -111.9915 40.5413, -111.991 40.53359, -111.9905 40.5205, -111.99 40.5039, -111.9895 40.48615, -111.989 40.46971, -111.9885 40.4569, -111.988 40.44953, -111.9875 40.44865, -111.987 40.45444, -111.9865 40.46618, -111.986 40.48231, -111.9855 40.5007, -111.985 40.51888, -111.9845 40.53443, -111.984 40.54524, -111.9835 40.54988, -111.983 40.54772, -111.9825 40.53905, -111.982 40.52503, -111.9815 40.50754, -111.981 40.48894, -111.9805 40.4717, -111.98 40.45813, -111.9795 40.45002, -111.979 40.44842, -111.9785 40.45349, -111.978 40.46447, -111.9775 40.47982, -111.977 40.49738, -111.9765 40.51469, -111.976 40.52931, -111.9755 40.53918, -111.975 40.54285, -111.9745 40.53972, -111.974 40.53009, -111.9735 40.51515, -111.973 40.49678, -111.9725 40.47733, -111.972 40.45931, -111.9715 40.44498, -111.971 40.43615, -111.9705 40.43383, -111.97 40.43818, -111.9695 40.44843, -111.969 40.46301, -111.9685 40.47976, -111.968 40.49621, -111.9675 40.50994, -111.967 40.51888, -111.9665 40.52161, -111.966 40.51753, -111.9655 40.50697, -111.965 40.49113, -111.9645 40.47191, -111.964 40.45166, -111.9635 40.43287, -111.963 40.41783, -111.9625 40.4083, -111.962 40.40531, -111.9615 40.40898, -111.961 40.41854, -111.9605 40.43238, -111.96 40.44836, -111.9595 40.464, -111.959 40.47688, -111.9585 40.48494, -111.958 40.48676, -111.9575 40.48179, -111.957 40.47035, -111.9565 40.45366, -111.956 40.43364, -111.9555 40.41264, -111.955 40.39315, -111.9545 40.37744, -111.954 40.36729, -111.9535 40.36368, -111.953 40.36673, -111.9525 40.37565, -111.952 40.38883, -111.9515 40.4041, -111.951 40.41899, -111.9505 40.43108, -111.95 40.43832, -111.9495 40.43932, -111.949 40.43352, -111.9485 40.42128, -111.948 40.40382, -111.9475 40.38307, -111.947 40.36139, -111.9465 40.34127, -111.946 40.32499, -111.9455 40.31428, -111.945 40.31014, -111.9445 40.31265, -111.944 40.32101, -111.9435 40.33361, -111.943 40.34826, -111.9425 40.36248, -111.942 40.37387, -111.9415 40.38039, -111.941 40.38065, -111.9405 40.37412, -111.94 40.36116, -111.9395 40.34302, -111.939 40.32164, -111.9385 40.29938, -111.938 40.27874, -111.9375 40.26197, -111.937 40.25081, -111.9365 40.24623, -111.936 40.24831, -111.9355 40.25622, -111.935 40.26833, -111.9345 40.28246, -111.934 40.29612, -111.9335 40.30692, -111.933 40.31282, -111.9325 40.31245, -111.932 40.30529, -111.9315 40.29173, -111.931 40.27302, -111.9305 40.25112, -111.93 40.2284, -111.9295 40.20734, -111.929 40.1902, -111.9285 40.1787, -111.928 40.1738, -111.9275 40.17556, -111.927 40.18313, -111.9265 40.19488, -111.926 40.2086, -111.9255 40.22183, -111.925 40.23215, -111.9245 40.23755, -111.924 40.23667, -111.9235 40.22901, -111.923 40.21497, -111.9225 40.19582, -111.922 40.17353, -111.9215 40.15047, -111.921 40.12912, -111.9205 40.11174, -111.92 40.10003, -111.9195 40.09494, -111.919 40.09651, -111.9185 40.10387, -111.918 40.11539, -111.9175 40.12884, -111.917 40.14176, -111.9165 40.15174, -111.916 40.15677, -111.9155 40.15551, -111.915 40.14748, -111.9145 40.1331, -111.914 40.11365, -111.9135 40.09109, -111.913 40.06783, -111.9125 40.04633, -111.912 40.02885, -111.9115 40.01707, -111.911 40.01193, -111.9105 40.01344, -111.91 40.02073, -111.9095 40.03215, -111.909 40.04547, -111.9085 40.05822, -111.908 40.06799, -111.9075 40.0728, -111.907 40.07131, -111.9065 40.06305, -111.906 40.04846, -111.9055 40.02885, -111.905 40.00618, -111.9045 39.98286, -111.904 39.96136, -111.9035 39.94391, -111.903 39.93221, -111.9025 39.92715, -111.902 39.92875, -111.9015 39.93612, -111.901 39.94758, -111.9005 39.96091, -111.9 39.97363, -111.8995 39.98335, -111.899 39.98807, -111.8985 39.98649, -111.898 39.97815, -111.8975 39.9635, -111.897 39.94387, -111.8965 39.92123, -111.896 39.898, -111.8955 39.87663, -111.895 39.85937, -111.8945 39.84788, -111.894 39.84306, -111.8935 39.84489, -111.893 39.85248, -111.8925 39.86413, -111.892 39.87761, -111.8915 39.89045, -111.891 39.90025, -111.8905 39.90503, -111.89 39.9035, -111.8895 39.89522, -111.889 39.88066, -111.8885 39.86115, -111.888 39.83869, -111.8875 39.81568, -111.887 39.79459, -111.8865 39.77766, -111.886 39.76652, -111.8855 39.76208, -111.885 39.76428, -111.8845 39.77223, -111.884 39.78421, -111.8835 39.79798, -111.883 39.81107, -111.8825 39.82109, -111.882 39.82607, -111.8815 39.82473, -111.881 39.81664, -111.8805 39.80231, -111.88 39.78306, -111.8795 39.76091, -111.879 39.73826, -111.8785 39.7176, -111.878 39.70112, -111.8775 39.69048, -111.877 39.68654, -111.8765 39.68926, -111.876 39.69769, -111.8755 39.71013, -111.875 39.72432, -111.8745 39.7378, -111.874 39.74817, -111.8735 39.75347, -111.873 39.75245, -111.8725 39.74469, -111.872 39.7307, -111.8715 39.71185, -111.871 39.69014, -111.8705 39.66798, -111.87 39.64786, -111.8695 39.63197, -111.869 39.62195, -111.8685 39.61864, -111.868 39.62198, -111.8675 39.63102, -111.867 39.64404, -111.8665 39.65878, -111.866 39.67275, -111.8655 39.68358, -111.865 39.68934, -111.8645 39.68875, -111.864 39.68143, -111.8635 39.66791, -111.863 39.64956, -111.8625 39.6284, -111.862 39.60685, -111.8615 39.58738, -111.861 39.57218, -111.8605 39.56289, -111.86 39.56032, -111.8595 39.56439, -111.859 39.57415, -111.8585 39.58785, -111.858 39.60323, -111.8575 39.61781, -111.857 39.62922, -111.8565 39.63551, -111.856 39.63546, -111.8555 39.62868, -111.855 39.61573, -111.8545 39.59797, -111.854 39.57746, -111.8535 39.55661, -111.853 39.53789, -111.8525 39.52349, -111.852 39.51501, -111.8515 39.51327, -111.851 39.51817, -111.8505 39.52873, -111.85 39.5432, -111.8495 39.55931, -111.849 39.57458, -111.8485 39.58663, -111.848 39.59355, -111.8475 39.59412, -111.847 39.58796, -111.8465 39.57565, -111.846 39.55858, -111.8455 39.53879, -111.845 39.51872, -111.8445 39.50082, -111.844 39.48728, -111.8435 39.47969, -111.843 39.47885, -111.8425 39.48464, -111.842 39.49607, -111.8415 39.51138, -111.841 39.52828, -111.8405 39.5443, -111.84 39.55707, -111.8395 39.56468, -111.839 39.56591, -111.8385 39.56044, -111.838 39.54883, -111.8375 39.53249, -111.837 39.51349, -111.8365 39.49425, -111.836 39.47723, -111.8355 39.4646, -111.835 39.45795, -111.8345 39.45805, -111.834 39.46478, -111.8335 39.47713, -111.833 39.49331, -111.8325 39.51105, -111.832 39.52786, -111.8315 39.54138, -111.831 39.54972, -111.8305 39.55166, -111.83 39.54691, -111.8295 39.53603, -111.829 39.52047, -111.8285 39.50228, -111.828 39.48389, -111.8275 39.46778, -111.827 39.45609, -111.8265 39.45041, -111.826 39.45148, -111.8255 39.45917, -111.825 39.47245, -111.8245 39.48953, -111.824 39.50813, -111.8235 39.52574, -111.823 39.54003, -111.8225 39.5491, -111.822 39.55178, -111.8215 39.54775, -111.821 39.53762, -111.8205 39.52283, -111.82 39.50547, -111.8195 39.48795, -111.819 39.47274, -111.8185 39.462, -111.818 39.45728, -111.8175 39.45933, -111.817 39.46798, -111.8165 39.48219, -111.816 39.50016, -111.8155 39.5196, -111.815 39.53802, -111.8145 39.55306, -111.814 39.56286, -111.8135 39.56625, -111.813 39.56293, -111.8125 39.55354, -111.812 39.53952, -111.8115 39.52295, -111.811 39.50629, -111.8105 39.49197, -111.81 39.48215, -111.8095 39.47837, -111.809 39.48137, -111.8085 39.49095, -111.808 39.50606, -111.8075 39.5249, -111.807 39.54515, -111.8065 39.56433, -111.806 39.58011, -111.8055 39.5906, -111.805 39.59466, -111.8045 39.59202, -111.804 39.58332, -111.8035 39.57002, -111.803 39.55423, -111.8025 39.53837, -111.802 39.5249, -111.8015 39.51596, -111.801 39.51308, -111.8005 39.51697, -111.8 39.52743, -111.7995 39.5434, -111.799 39.56304, -111.7985 39.58406, -111.798 39.60395, -111.7975 39.62039, -111.797 39.63152, -111.7965 39.6362, -111.796 39.63418, -111.7955 39.62611, -111.795 39.61347, -111.7945 39.59837, -111.794 39.58326, -111.7935 39.57057, -111.793 39.56244, -111.7925 39.56039, -111.792 39.5651, -111.7915 39.57638, -111.791 39.59312, -111.7905 39.6135, -111.79 39.6352, -111.7895 39.65573, -111.789 39.67275, -111.7885 39.68444, -111.788 39.68966, -111.7875 39.68817, -111.787 39.68065, -111.7865 39.6686, -111.786 39.65411, -111.7855 39.63965, -111.785 39.62766, -111.7845 39.62025, -111.784 39.61894, -111.7835 39.62439, -111.783 39.63639, -111.7825 39.65381, -111.782 39.67483, -111.7815 39.69712, -111.781 39.71818, -111.7805 39.7357, -111.78 39.74784, -111.7795 39.75349, -111.779 39.75244, -111.7785 39.74538, -111.778 39.7338, -111.7775 39.71983, -111.777 39.70592, -111.7765 39.69452, -111.776 39.68773, -111.7755 39.68704, -111.775 39.69312, -111.7745 39.70573, -111.774 39.72373, -111.7735 39.74527, -111.773 39.76803, -111.7725 39.78952, -111.772 39.80741, -111.7715 39.81989, -111.771 39.82587, -111.7705 39.82514, -111.77 39.81841, -111.7695 39.80719, -111.769 39.79361, -111.7685 39.78014, -111.768 39.76921, -111.7675 39.76291, -111.767 39.76274, -111.7665 39.76932, -111.766 39.78241, -111.7655 39.80086, -111.765 39.8228, -111.7645 39.84591, -111.764 39.86769, -111.7635 39.88584, -111.763 39.89853, -111.7625 39.9047, -111.762 39.90416, -111.7615 39.89763, -111.761 39.88664, -111.7605 39.87333, -111.76 39.86016, -111.7595 39.84957, -111.759 39.84364, -111.7585 39.84383, -111.758 39.85079, -111.7575 39.86423, -111.757 39.88299, -111.7565 39.9052, -111.756 39.92852, -111.7555 39.95046, -111.755 39.96871, -111.7545 39.98148, -111.754 39.98771, -111.7535 39.98722, -111.753 39.98075, -111.7525 39.96986, -111.752 39.95668, -111.7515 39.94367, -111.751 39.93327, -111.7505 39.92757, -111.75 39.928, -111.7495 39.93519, -111.749 39.94883, -111.7485 39.96777, -111.748 39.9901, -111.7475 40.01349, -111.747 40.03544, -111.7465 40.05366, -111.746 40.06636, -111.7455 40.0725, -111.745 40.07192, -111.7445 40.06538, -111.744 40.05443, -111.7435 40.04123, -111.743 40.02825, -111.7425 40.01791, -111.742 40.01228, -111.7415 40.01281, -111.741 40.02008, -111.7405 40.03379, -111.74 40.05275, -111.7395 40.07506, -111.739 40.09837, -111.7385 40.12019, -111.738 40.13823, -111.7375 40.15072, -111.737 40.15663, -111.7365 40.15582, -111.736 40.14905, -111.7355 40.13791, -111.735 40.12456, -111.7345 40.11145, -111.734 40.10102, -111.7335 40.09534, -111.733 40.09581, -111.7325 40.10302, -111.732 40.11665, -111.7315 40.13549, -111.731 40.15764, -111.7305 40.18073, -111.73 40.20228, -111.7295 40.22, -111.729 40.23214, -111.7285 40.23767, -111.728 40.23648, -111.7275 40.22936, -111.727 40.21788, -111.7265 40.20423, -111.726 40.19087, -111.7255 40.18021, -111.725 40.17433, -111.7245 40.17461, -111.724 40.18163, -111.7235 40.19504, -111.723 40.21362, -111.7225 40.23547, -111.722 40.2582, -111.7215 40.27934, -111.721 40.29661, -111.7205 40.30826, -111.72 40.31329, -111.7195 40.31159, -111.719 40.30397, -111.7185 40.29203, -111.718 40.27795, -111.7175 40.2642, -111.717 40.25319, -111.7165 40.24697, -111.716 40.24694, -111.7155 40.25363, -111.715 40.2667, -111.7145 40.2849, -111.714 40.30631, -111.7135 40.32856, -111.713 40.34917, -111.7125 40.36586, -111.712 40.3769, -111.7115 40.38129, -111.711 40.37897, -111.7105 40.37074, -111.71 40.35821, -111.7095 40.34359, -111.709 40.32932, -111.7085 40.31784, -111.708 40.31118, -111.7075 40.31071, -111.707 40.31696, -111.7065 40.32957, -111.706 40.34727, -111.7055 40.36814, -111.705 40.3898, -111.7045 40.40976, -111.704 40.42576, -111.7035 40.43607, -111.703 40.43973, -111.7025 40.43667, -111.702 40.42772, -111.7015 40.41451, -111.701 40.39923, -111.7005 40.38436, -111.7 40.3723, -111.6995 40.36509, -111.699 40.36408, -111.6985 40.3698, -111.698 40.38184, -111.6975 40.39896, -111.697 40.41918, -111.6965 40.44015, -111.696 40.45936, -111.6955 40.47458, -111.695 40.48408, -111.6945 40.48691, -111.694 40.48303, -111.6935 40.47327, -111.693 40.45928, -111.6925 40.44326, -111.692 40.4277, -111.6915 40.41499, -111.691 40.40714, -111.6905 40.40552, -111.69 40.41062, -111.6895 40.42203, -111.689 40.43846, -111.6885 40.45797, -111.688 40.47817, -111.6875 40.49657, -111.687 40.51093, -111.6865 40.51954, -111.686 40.52148, -111.6855 40.51669, -111.685 40.50606, -111.6845 40.49123, -111.684 40.47442, -111.6835 40.45809, -111.683 40.44466, -111.6825 40.43613, -111.682 40.43383, -111.6815 40.43825, -111.681 40.44896, -111.6805 40.46467, -111.68 40.4834, -111.6795 40.50277, -111.679 40.52031, -111.6785 40.53376, -111.678 40.54144, -111.6775 40.54242, -111.677 40.5367, -111.6765 40.52515, -111.676 40.50943, -111.6755 40.49178, -111.675 40.47465, -111.6745 40.46047, -111.674 40.45121, -111.6735 40.44819, -111.673 40.4519, -111.6725 40.46188, -111.672 40.47682, -111.6715 40.49475, -111.671 40.51327, -111.6705 40.5299, -111.67 40.54242, -111.6695 40.54913, -111.669 40.54915, -111.6685 40.54246, -111.668 40.52997, -111.6675 40.51335, -111.667 40.49483, -111.6665 40.4769, -111.666 40.46194, -111.6655 40.45193, -111.665 40.4482, -111.6645 40.45118, -111.664 40.46041, -111.6635 40.47458, -111.663 40.49169, -111.6625 40.50935, -111.662 40.52508, -111.6615 40.53666, -111.661 40.54241, -111.6605 40.54146, -111.66 40.53381, -111.6595 40.52038, -111.659 40.50286, -111.6585 40.48349, -111.658 40.46475, -111.6575 40.44902, -111.657 40.43829, -111.6565 40.43384, -111.656 40.4361, -111.6555 40.44461, -111.655 40.45802, -111.6545 40.47434, -111.654 40.49116, -111.6535 40.506, -111.653 40.51666, -111.6525 40.52147, -111.652 40.51957, -111.6515 40.51098, -111.651 40.49665, -111.6505 40.47826, -111.65 40.45807, -111.6495 40.43855, -111.649 40.42209, -111.6485 40.41066, -111.648 40.40553, -111.6475 40.40712, -111.647 40.41494, -111.6465 40.42763, -111.646 40.44319, -111.6455 40.45921, -111.645 40.47321, -111.6445 40.48299, -111.644 40.48691, -111.6435 40.48411, -111.643 40.47464, -111.6425 40.45944, -111.642 40.44024, -111.6415 40.41928, -111.641 40.39904, -111.6405 40.38191, -111.64 40.36984, -111.6395 40.36409, -111.639 40.36507, -111.6385 40.37225, -111.638 40.38429, -111.6375 40.39915, -111.637 40.41444, -111.6365 40.42767, -111.636 40.43664, -111.6355 40.43973, -111.635 40.4361, -111.6345 40.42582, -111.634 40.40984, -111.6335 40.3899, -111.633 40.36824, -111.6325 40.34737, -111.632 40.32964, -111.6315 40.31701, -111.631 40.31072, -111.6305 40.31116, -111.63 40.3178, -111.6295 40.32926, -111.629 40.34352, -111.6285 40.35815, -111.628 40.37069, -111.6275 40.37894, -111.627 40.3813, -111.6265 40.37693, -111.626 40.36593, -111.6255 40.34926, -111.625 40.32866, -111.6245 40.30641, -111.624 40.28499, -111.6235 40.26677, -111.623 40.25368, -111.6225 40.24695, -111.622 40.24696, -111.6215 40.25315, -111.621 40.26414, -111.6205 40.27789, -111.62 40.29197, -111.6195 40.30393, -111.619 40.31157, -111.6185 40.3133, -111.618 40.3083, -111.6175 40.29668, -111.617 40.27943, -111.6165 40.2583, -111.616 40.23557, -111.6155 40.21372, -111.615 40.19511, -111.6145 40.18168, -111.614 40.17462, -111.6135 40.17431, -111.613 40.18017, -111.6125 40.19081, -111.612 40.20417, -111.6115 40.21782, -111.611 40.22931, -111.6105 40.23646, -111.61 40.23768, -111.6095 40.23218, -111.609 40.22007, -111.6085 40.20237, -111.608 40.18083, -111.6075 40.15774, -111.607 40.13559, -111.6065 40.11673, -111.606 40.10307, -111.6055 40.09583, -111.605 40.09532, -111.6045 40.10098, -111.604 40.11139, -111.6035 40.12449, -111.603 40.13785, -111.6025 40.14901, -111.602 40.1558, -111.6015 40.15664, -111.601 40.15077, -111.6005 40.13831, -111.6 40.12028, -111.5995 40.09847, -111.599 40.07516, -111.5985 40.05284, -111.598 40.03387, -111.5975 40.02013, -111.597 40.01283, -111.5965 40.01227, -111.596 40.01787, -111.5955 40.02819, -111.595 40.04117, -111.5945 40.05437, -111.594 40.06534, -111.5935 40.0719, -111.593 40.07251, -111.5925 40.06641, -111.592 40.05373, -111.5915 40.03553, -111.591 40.01359, -111.5905 39.99021, -111.59 39.96786, -111.5895 39.94891, -111.589 39.93524, -111.5885 39.92802, -111.588 39.92756, -111.5875 39.93324, -111.587 39.94361, -111.5865 39.95661, -111.586 39.9698, -111.5855 39.98071, -111.585 39.9872, -111.5845 39.98772, -111.584 39.98153, -111.5835 39.96879, -111.583 39.95055, -111.5825 39.92863, -111.582 39.90531, -111.5815 39.88309, -111.581 39.86431, -111.5805 39.85084, -111.58 39.84385, -111.5795 39.84362, -111.579 39.84953, -111.5785 39.86011, -111.578 39.87327, -111.5775 39.88658, -111.577 39.89759, -111.5765 39.90414, -111.576 39.90472, -111.5755 39.89858, -111.575 39.88591, -111.5745 39.86779, -111.574 39.84602, -111.5735 39.82291, -111.573 39.80096, -111.5725 39.78249, -111.572 39.76937, -111.5715 39.76275, -111.571 39.7629, -111.5705 39.76917, -111.57 39.78008, -111.5695 39.79355, -111.569 39.80713, -111.5685 39.81836, -111.568 39.82512, -111.5675 39.82588, -111.567 39.81994, -111.5665 39.80748, -111.566 39.78961, -111.5655 39.76814, -111.565 39.74538, -111.5645 39.72382, -111.564 39.7058, -111.5635 39.69317, -111.563 39.68705, -111.5625 39.68771, -111.562 39.69447, -111.5615 39.70586, -111.561 39.71976, -111.5605 39.73373, -111.56 39.74533, -111.5595 39.75242, -111.559 39.7535, -111.5585 39.74788, -111.558 39.73577, -111.5575 39.71827, -111.557 39.69722, -111.5565 39.67493, -111.556 39.65391, -111.5555 39.63646, -111.555 39.62443, -111.5545 39.61895, -111.554 39.62023, -111.5535 39.62761, -111.553 39.63959, -111.5525 39.65404, -111.552 39.66853, -111.5515 39.6806, -111.551 39.68815, -111.5505 39.68966, -111.55 39.68448, -111.5495 39.67282, -111.549 39.65581, -111.5485 39.6353, -111.548 39.6136, -111.5475 39.59321, -111.547 39.57645, -111.5465 39.56514, -111.546 39.56039, -111.5455 39.56242, -111.545 39.57052, -111.5445 39.58319, -111.544 39.5983, -111.5435 39.61341, -111.543 39.62606, -111.5425 39.63415, -111.542 39.6362, -111.5415 39.63155, -111.541 39.62045, -111.5405 39.60404, -111.54 39.58415, -111.5395 39.56314, -111.539 39.54348, -111.5385 39.5275, -111.538 39.517, -111.5375 39.51308, -111.537 39.51593, -111.5365 39.52484, -111.536 39.5383, -111.5355 39.55415, -111.535 39.56996, -111.5345 39.58327, -111.534 39.592, -111.5335 39.59467, -111.533 39.59063, -111.5325 39.58017, -111.532 39.56442, -111.5315 39.54525, -111.531 39.52499, -111.5305 39.50615, -111.53 39.49101, -111.5295 39.4814, -111.529 39.47837, -111.5285 39.48212, -111.528 39.49191, -111.5275 39.50621, -111.527 39.52287, -111.5265 39.53944, -111.526 39.55348, -111.5255 39.5629, -111.525 39.56625, -111.5245 39.56289, -111.524 39.55312, -111.5235 39.5381, -111.523 39.51969, -111.5225 39.50025, -111.522 39.48227, -111.5215 39.46803, -111.521 39.45935, -111.5205 39.45727, -111.52 39.46197, -111.5195 39.47268, -111.519 39.48787, -111.5185 39.50538, -111.518 39.52276, -111.5175 39.53756, -111.517 39.54771, -111.5165 39.55177, -111.516 39.54913, -111.5155 39.54009, -111.515 39.52582, -111.5145 39.50821, -111.514 39.48962, -111.5135 39.47253, -111.513 39.45922, -111.5125 39.4515, -111.512 39.45039, -111.5115 39.45605, -111.511 39.46771, -111.5105 39.48381, -111.51 39.50219, -111.5095 39.52039, -111.509 39.53597, -111.5085 39.54687, -111.508 39.55166, -111.5075 39.54974, -111.507 39.54143, -111.5065 39.52793, -111.506 39.51113, -111.5055 39.49339, -111.505 39.4772, -111.5045 39.46483, -111.504 39.45807, -111.5035 39.45793, -111.503 39.46455, -111.5025 39.47716, -111.502 39.49416, -111.5015 39.5134, -111.501 39.53241, -111.5005 39.54876, -111.5 39.5604, -111.4995 39.5659, -111.499 39.5647, -111.4985 39.55712, -111.498 39.54437, -111.4975 39.52836, -111.497 39.51145, -111.4965 39.49614, -111.496 39.48468, -111.4955 39.47886, -111.495 39.47967, -111.4945 39.48723, -111.494 39.50075, -111.4935 39.51863, -111.493 39.5387, -111.4925 39.55849, -111.492 39.57558, -111.4915 39.58792, -111.491 39.5941, -111.4905 39.59357, -111.49 39.58668, -111.4895 39.57464, -111.489 39.55939, -111.4885 39.54327, -111.488 39.52879, -111.4875 39.51821, -111.487 39.51328, -111.4865 39.51499, -111.486 39.52344, -111.4855 39.53782, -111.485 39.55652, -111.4845 39.57737, -111.484 39.59788, -111.4835 39.61565, -111.483 39.62863, -111.4825 39.63544, -111.482 39.63553, -111.4815 39.62926, -111.481 39.61787, -111.4805 39.60331, -111.48 39.58792, -111.4795 39.57421, -111.479 39.56443, -111.4785 39.56032, -111.478 39.56286, -111.4775 39.57213, -111.477 39.5873, -111.4765 39.60675, -111.476 39.6283, -111.4755 39.64946, -111.475 39.66783, -111.4745 39.68138, -111.474 39.68873, -111.4735 39.68935, -111.473 39.68362, -111.4725 39.67281, -111.472 39.65884, -111.4715 39.6441, -111.471 39.63107, -111.4705 39.62201, -111.47 39.61864, -111.4695 39.62191, -111.469 39.63191, -111.4685 39.64777, -111.468 39.66788, -111.4675 39.69003, -111.467 39.71175, -111.4665 39.73063, -111.466 39.74464, -111.4655 39.75243, -111.465 39.75348, -111.4645 39.7482, -111.464 39.73785, -111.4635 39.72439, -111.463 39.71019, -111.4625 39.69774, -111.462 39.68928, -111.4615 39.68654, -111.461 39.69045, -111.4605 39.70106, -111.46 39.71751, -111.4595 39.73816, -111.459 39.7608, -111.4585 39.78296, -111.458 39.80223, -111.4575 39.81659, -111.457 39.82471, -111.4565 39.82608, -111.456 39.82112, -111.4555 39.81113, -111.455 39.79805, -111.4545 39.78427, -111.454 39.77228, -111.4535 39.76431, -111.453 39.76207, -111.4525 39.76649, -111.452 39.77759, -111.4515 39.7945, -111.451 39.81557, -111.4505 39.83858, -111.45 39.86105, -111.4495 39.88057, -111.449 39.89516, -111.4485 39.90347, -111.448 39.90504, -111.4475 39.90028, -111.447 39.8905, -111.4465 39.87768, -111.446 39.86419, -111.4455 39.85253, -111.445 39.84492, -111.4445 39.84305, -111.444 39.84784, -111.4435 39.8593, -111.443 39.87654, -111.4425 39.89789, -111.442 39.92112, -111.4415 39.94377, -111.441 39.96342, -111.4405 39.97809, -111.44 39.98647, -111.4395 39.98808, -111.439 39.98338, -111.4385 39.97369, -111.438 39.96098, -111.4375 39.94764, -111.437 39.93617, -111.4365 39.92877, -111.436 39.92714, -111.4355 39.93217, -111.435 39.94384, -111.4345 39.96126, -111.434 39.98275, -111.4335 40.00607, -111.433 40.02875, -111.4325 40.04838, -111.432 40.063, -111.4315 40.07129, -111.431 40.07281, -111.4305 40.06803, -111.43 40.05827, -111.4295 40.04553, -111.429 40.03221, -111.4285 40.02078, -111.428 40.01346, -111.4275 40.01192, -111.427 40.01703, -111.4265 40.02878, -111.426 40.04624, -111.4255 40.06772, -111.425 40.09099, -111.4245 40.11355, -111.424 40.13302, -111.4235 40.14743, -111.423 40.15549, -111.4225 40.15678, -111.422 40.15177, -111.4215 40.14181, -111.421 40.1289, -111.4205 40.11545, -111.42 40.10392, -111.4195 40.09653, -111.419 40.09493, -111.4185 40.09999, -111.418 40.11167, -111.4175 40.12903, -111.417 40.15036, -111.4165 40.17342, -111.416 40.19572, -111.4155 40.21489, -111.415 40.22896, -111.4145 40.23665, -111.414 40.23756, -111.4135 40.23219, -111.413 40.22189, -111.4125 40.20867, -111.412 40.19494, -111.4115 40.18318, -111.411 40.17558, -111.4105 40.1738, -111.41 40.17866, -111.4095 40.19013, -111.409 40.20725, -111.4085 40.22829, -111.408 40.25101, -111.4075 40.27293, -111.407 40.29165, -111.4065 40.30524, -111.406 40.31243, -111.4055 40.31283, -111.405 40.30696, -111.4045 40.29618, -111.404 40.28252, -111.4035 40.26839, -111.403 40.25626, -111.4025 40.24833, -111.402 40.24623, -111.4015 40.25077, -111.401 40.2619, -111.4005 40.27865, -111.4 40.29928, -111.3995 40.32154, -111.399 40.34293, -111.3985 40.36109, -111.398 40.37407, -111.3975 40.38064, -111.397 40.38041, -111.3965 40.37392, -111.396 40.36254, -111.3955 40.34833, -111.395 40.33368, -111.3945 40.32106, -111.394 40.31268, -111.3935 40.31014, -111.393 40.31425, -111.3925 40.32492, -111.392 40.34119, -111.3915 40.36129, -111.391 40.38297, -111.3905 40.40373, -111.39 40.42121, -111.3895 40.43348, -111.389 40.43931, -111.3885 40.43834, -111.388 40.43112, -111.3875 40.41905, -111.387 40.40417, -111.3865 40.3889, -111.386 40.3757, -111.3855 40.36676, -111.385 40.36368, -111.3845 40.36726, -111.384 40.37738, -111.3835 40.39306, -111.383 40.41254, -111.3825 40.43354, -111.382 40.45358, -111.3815 40.47029, -111.381 40.48175, -111.3805 40.48676, -111.38 40.48496, -111.3795 40.47693, -111.379 40.46407, -111.3785 40.44844, -111.378 40.43246, -111.3775 40.41859, -111.377 40.40902, -111.3765 40.40532, -111.376 40.40827, -111.3755 40.41777, -111.375 40.43279, -111.3745 40.45156, -111.374 40.47181, -111.3735 40.49105, -111.373 40.50691, -111.3725 40.5175, -111.372 40.52161, -111.3715 40.51891, -111.371 40.51, -111.3705 40.49628, -111.37 40.47984, -111.3695 40.46309, -111.369 40.44849, -111.3685 40.43822, -111.368 40.43384, -111.3675 40.43612, -111.367 40.44493, -111.3665 40.45923, -111.366 40.47724, -111.3655 40.49669, -111.365 40.51507, -111.3645 40.53003, -111.364 40.53969, -111.3635 40.54285, -111.363 40.53921, -111.3625 40.52937, -111.362 40.51476, -111.3615 40.49746, -111.361 40.4799, -111.3605 40.46453, -111.36 40.45352, -111.3595 40.44843, -111.359 40.45, -111.3585 40.45808, -111.358 40.47163, -111.3575 40.48885, -111.357 40.50746, -111.3565 40.52495, -111.356 40.53899, -111.3555 40.54769, -111.355 40.54989, -111.3545 40.54528, -111.354 40.53449, -111.3535 40.51897, -111.353 40.50079, -111.3525 40.4824, -111.352 40.46625, -111.3515 40.45449, -111.351 40.44866, -111.3505 40.44951, -111.35 40.45685, -111.3495 40.46964, -111.349 40.48606, -111.3485 40.50382, -111.348 40.52043, -111.3475 40.53354, -111.347 40.54128, -111.3465 40.54251, -111.346 40.53693, -111.3455 40.52519, -111.345 40.50876, -111.3445 40.48971, -111.344 40.4705, -111.3435 40.45357, -111.343 40.44107, -111.3425 40.43453, -111.342 40.43466, -111.3415 40.44129, -111.341 40.45333, -111.3405 40.46897, -111.34 40.4859, -111.3395 40.50163, -111.339 40.51383, -111.3385 40.52064, -111.338 40.52092, -111.3375 40.5144, -111.337 40.50175, -111.3365 40.48443, -111.336 40.46454, -111.3355 40.44454, -111.335 40.42687, -111.3345 40.41366, -111.334 40.40644, -111.3335 40.4059, -111.333 40.41184, -111.3325 40.42317, -111.332 40.43806, -111.3315 40.45421, -111.331 40.46911, -111.3305 40.48045, -111.33 40.48637, -111.3295 40.48575, -111.329 40.47834, -111.3285 40.46481, -111.328 40.44666, -111.3275 40.426, -111.327 40.40526, -111.3265 40.3869, -111.326 40.37305, -111.3255 40.3652, -111.325 40.36404, -111.3245 40.36936, -111.324 40.38004, -111.3235 40.39426, -111.323 40.40968, -111.3225 40.42382, -111.322 40.43436, -111.3215 40.43946, -111.321 40.438, -111.3205 40.42978, -111.32 40.41546, -111.3195 40.39655, -111.319 40.37517, -111.3185 40.35378, -111.318 40.33481, -111.3175 40.32039, -111.317 40.31199, -111.3165 40.31031, -111.316 40.31508, -111.3155 40.3252, -111.315 40.33882, -111.3145 40.3536, -111.314 40.36706, -111.3135 40.37689, -111.313 40.38126, -111.3125 40.37907, -111.312 40.37011, -111.3115 40.35509, -111.311 40.33552, -111.3105 40.31353, -111.31 40.29158, -111.3095 40.2721, -111.309 40.2572, -111.3085 40.24836, -111.308 40.24624, -111.3075 40.25057, -111.307 40.26023, -111.3065 40.27335, -111.306 40.2876, -111.3055 40.30049, -111.305 40.30971, -111.3045 40.31345, -111.304 40.31063, -111.3035 40.30106, -111.303 40.28544, -111.3025 40.26532, -111.302 40.24284, -111.3015 40.22043, -111.301 40.20056, -111.3005 40.18531, -111.3 40.17614, -111.2995 40.1737, -111.299 40.17771, -111.2985 40.18702, -111.298 40.19976, -111.2975 40.21359, -111.297 40.22603, -111.2965 40.23477, -111.296 40.238, -111.2955 40.23467, -111.295 40.2246, -111.2945 40.20852, -111.294 40.18798, -111.2935 40.16512, -111.293 40.14239, -111.2925 40.12225, -111.292 40.10677, -111.2915 40.0974, -111.291 40.09477, -111.2905 40.09858, -111.29 40.10768, -111.2895 40.12017, -111.289 40.13372, -111.2885 40.14584, -111.288 40.15422, -111.2875 40.15708, -111.287 40.15338, -111.2865 40.14294, -111.286 40.12653, -111.2855 40.1057, -111.285 40.0826, -111.2845 40.0597, -111.284 40.03942, -111.2835 40.02385, -111.283 40.01442, -111.2825 40.01173, -111.282 40.01549, -111.2815 40.02451, -111.281 40.03689, -111.2805 40.0503, -111.28 40.06223, -111.2795 40.0704, -111.279 40.07303, -111.2785 40.06909, -111.278 40.05844, -111.2775 40.04183, -111.277 40.02086, -111.2765 39.99766, -111.276 39.97472, -111.2755 39.95445, -111.275 39.93893, -111.2745 39.92958, -111.274 39.92699, -111.2735 39.93083, -111.273 39.93992, -111.2725 39.95233, -111.272 39.96573, -111.2715 39.97762, -111.271 39.98573, -111.2705 39.98827, -111.27 39.98424, -111.2695 39.97351, -111.269 39.95686, -111.2685 39.93588, -111.268 39.91274, -111.2675 39.8899, -111.267 39.86979, -111.2665 39.85447, -111.266 39.84534, -111.2655 39.84298, -111.265 39.84705, -111.2645 39.85635, -111.264 39.86894, -111.2635 39.88248, -111.263 39.89447, -111.2625 39.90265, -111.262 39.90524, -111.2615 39.90127, -111.261 39.8906, -111.2605 39.87405, -111.26 39.85322, -111.2595 39.83027, -111.259 39.80768, -111.2585 39.78786, -111.258 39.77288, -111.2575 39.76412, -111.257 39.76214, -111.2565 39.76658, -111.256 39.77622, -111.2555 39.78913, -111.255 39.80294, -111.2545 39.81518, -111.254 39.82356, -111.2535 39.82635, -111.253 39.82257, -111.2525 39.81211, -111.252 39.79579, -111.2515 39.77523, -111.251 39.75262, -111.2505 39.73041, -111.25 39.71103, -111.2495 39.69652, -111.249 39.68826, -111.2485 39.68679, -111.248 39.69173, -111.2475 39.70185, -111.247 39.71521, -111.2465 39.72943, -111.246 39.74203, -111.2455 39.75076, -111.245 39.75387, -111.2445 39.7504, -111.244 39.74028, -111.2435 39.72433, -111.243 39.70418, -111.2425 39.68202, -111.242 39.66032, -111.2415 39.6415, -111.241 39.62759, -111.2405 39.61995, -111.24 39.61911, -111.2395 39.62468, -111.239 39.6354, -111.2385 39.64932, -111.238 39.66407, -111.2375 39.67716, -111.237 39.68634, -111.2365 39.68989, -111.236 39.68686, -111.2355 39.67719, -111.235 39.66171, -111.2345 39.64208, -111.234 39.62049, -111.2335 39.59942, -111.233 39.58127, -111.2325 39.56807, -111.232 39.56116, -111.2315 39.56106, -111.231 39.56736, -111.2305 39.57878, -111.23 39.59337, -111.2295 39.60875, -111.229 39.62243, -111.2285 39.63217, -111.228 39.63626, -111.2275 39.63377, -111.227 39.62464, -111.2265 39.60974, -111.226 39.59073, -111.2255 39.5698, -111.225 39.54945, -111.2245 39.53207, -111.224 39.51967, -111.2235 39.51358, -111.223 39.51431, -111.2225 39.52143, -111.222 39.53364, -111.2215 39.54899, -111.221 39.56508, -111.2205 39.57944, -111.22 39.58982, -111.2195 39.59453, -111.219 39.59265, -111.2185 39.58415, -111.218 39.56991, -111.2175 39.55159, -111.217 39.53141, -111.2165 39.51185, -111.216 39.49531, -111.2155 39.48378, -111.215 39.47859, -111.2145 39.48022, -111.214 39.48822, -111.2135 39.50129, -111.213 39.51746, -111.2125 39.53433, -111.212 39.54942, -111.2115 39.56051, -111.211 39.5659, -111.2105 39.56469, -111.21 39.55688, -111.2095 39.54335, -111.209 39.52578, -111.2085 39.5064, -111.208 39.48769, -111.2075 39.47204, -111.207 39.46143, -111.2065 39.45719, -111.206 39.45976, -111.2055 39.46869, -111.205 39.48267, -111.2045 39.4997, -111.204 39.51739, -111.2035 39.53326, -111.203 39.54509, -111.2025 39.5512, -111.202 39.5507, -111.2015 39.54361, -111.201 39.53083, -111.2005 39.51405, -111.2 39.4955, -111.1995 39.47766, -111.199 39.46293, -111.1985 39.45328, -111.198 39.45, -111.1975 39.45354, -111.197 39.46343, -111.1965 39.47832, -111.196 39.49624, -111.1955 39.51476, -111.195 39.53143, -111.1945 39.54401, -111.194 39.55085, -111.1935 39.55108, -111.193 39.54472, -111.1925 39.53269, -111.192 39.5167, -111.1915 39.49899, -111.191 39.48204, -111.1905 39.46823, -111.19 39.45953, -111.1895 39.45723, -111.189 39.46174, -111.1885 39.47257, -111.188 39.48839, -111.1875 39.50718, -111.187 39.52653, -111.1865 39.54398, -111.186 39.55731, -111.1855 39.56487, -111.185 39.56581, -111.1845 39.56017, -111.184 39.54889, -111.1835 39.53367, -111.183 39.51678, -111.1825 39.5007, -111.182 39.48779, -111.1815 39.48003, -111.181 39.47867, -111.1805 39.48412, -111.18 39.49588, -111.1795 39.51258, -111.179 39.53222, -111.1785 39.55237, -111.178 39.57056, -111.1775 39.5846, -111.177 39.59285, -111.1765 39.59447, -111.176 39.58951, -111.1755 39.57893, -111.175 39.56446, -111.1745 39.54835, -111.174 39.53308, -111.1735 39.52103, -111.173 39.51416, -111.1725 39.5137, -111.172 39.52004, -111.1715 39.53267, -111.171 39.55022, -111.1705 39.57064, -111.17 39.59154, -111.1695 39.61043, -111.169 39.62512, -111.1685 39.63399, -111.168 39.63622, -111.1675 39.63189, -111.167 39.62195, -111.1665 39.60815, -111.166 39.59276, -111.1655 39.57825, -111.165 39.567, -111.1645 39.56094, -111.164 39.56131, -111.1635 39.56848, -111.163 39.58191, -111.1625 39.60021, -111.162 39.62135, -111.1615 39.64291, -111.161 39.66242, -111.1605 39.67769, -111.16 39.68711, -111.1595 39.68988, -111.159 39.68608, -111.1585 39.6767, -111.158 39.6635, -111.1575 39.64873, -111.157 39.63489, -111.1565 39.62435, -111.156 39.61902, -111.1555 39.62013, -111.155 39.62803, -111.1545 39.64217, -111.154 39.66114, -111.1535 39.6829, -111.153 39.70503, -111.1525 39.72506, -111.152 39.7408, -111.1515 39.75067, -111.151 39.75387, -111.1505 39.75051, -111.15 39.74159, -111.1495 39.72888, -111.149 39.71464, -111.1485 39.70137, -111.148 39.69143, -111.1475 39.68672, -111.147 39.68846, -111.1465 39.69699, -111.146 39.71172, -111.1455 39.73125, -111.145 39.75352, -111.1445 39.77611, -111.144 39.79654, -111.1435 39.81264, -111.143 39.82285, -111.1425 39.82636, -111.142 39.82333, -111.1415 39.81475, -111.141 39.80241, -111.1405 39.78858, -111.14 39.77576, -111.1395 39.76629, -111.139 39.76209, -111.1385 39.76434, -111.138 39.77336, -111.1375 39.78857, -111.137 39.80854, -111.1365 39.83119, -111.136 39.8541, -111.1355 39.87481, -111.135 39.89115, -111.1345 39.90155, -111.134 39.90526, -111.1335 39.90242, -111.133 39.89405, -111.1325 39.88195, -111.132 39.8684, -111.1315 39.8559, -111.131 39.84678, -111.1305 39.84295, -111.13 39.84557, -111.1295 39.85496, -111.129 39.87051, -111.1285 39.89077, -111.128 39.91367, -111.1275 39.93677, -111.127 39.95762, -111.1265 39.97406, -111.126 39.98453, -111.1255 39.98829, -111.125 39.9855, -111.1245 39.97721, -111.124 39.96521, -111.1235 39.9518, -111.123 39.93948, -111.1225 39.93057, -111.122 39.92696, -111.1215 39.92982, -111.121 39.93944, -111.1205 39.95518, -111.12 39.97559, -111.1195 39.9986, -111.119 40.02175, -111.1185 40.04259, -111.118 40.05898, -111.1175 40.06938, -111.117 40.07305, -111.1165 40.07017, -111.116 40.06181, -111.1155 40.04977, -111.115 40.03637, -111.1145 40.02407, -111.114 40.01523, -111.1135 40.01171, -111.113 40.01466, -111.1125 40.02436, -111.112 40.04015, -111.1115 40.06057, -111.111 40.08353, -111.1105 40.10659, -111.11 40.12728, -111.1095 40.14348, -111.109 40.15366, -111.1085 40.15709, -111.108 40.15398, -111.1075 40.14541, -111.107 40.13319, -111.1065 40.11964, -111.106 40.10724, -111.1055 40.09832, -111.105 40.09474, -111.1045 40.09764, -111.104 40.10727, -111.1035 40.12297, -111.103 40.14326, -111.1025 40.16604, -111.102 40.18885, -111.1015 40.20926, -111.101 40.22512, -111.1005 40.23494, -111.1 40.238, -111.0995 40.23452, -111.099 40.22559, -111.0985 40.21305, -111.098 40.19922, -111.0975 40.18657, -111.097 40.17744, -111.0965 40.17367, -111.096 40.17638, -111.0955 40.1858, -111.095 40.20127, -111.0945 40.22129, -111.094 40.24374, -111.0935 40.26618, -111.093 40.28616, -111.0925 40.30156, -111.092 40.31088, -111.0915 40.31343, -111.091 40.30944, -111.0905 40.30004, -111.09 40.28704, -111.0895 40.27279, -111.089 40.25977, -111.0885 40.25029, -111.088 40.2462, -111.0875 40.24859, -111.087 40.25769, -111.0865 40.2728, -111.086 40.29242, -111.0855 40.31442, -111.085 40.33636, -111.0845 40.35578, -111.084 40.37059, -111.0835 40.37928, -111.083 40.3812, -111.0825 40.3766, -111.082 40.36658, -111.0815 40.35302, -111.081 40.33824, -111.0805 40.32472, -111.08 40.31478, -111.0795 40.31024, -111.079 40.3122, -111.0785 40.32085, -111.078 40.33549, -111.0775 40.3546, -111.077 40.37604, -111.0765 40.39736, -111.076 40.41613, -111.0755 40.43023, -111.075 40.43819, -111.0745 40.43937, -111.074 40.43403, -111.0735 40.42331, -111.073 40.40907, -111.0725 40.39365, -111.072 40.37954, -111.0715 40.36904, -111.071 40.36396, -111.0705 40.36538, -111.07 40.37349, -111.0695 40.38756, -111.069 40.40605, -111.0685 40.42684, -111.068 40.44745, -111.0675 40.46545, -111.067 40.47876, -111.0665 40.4859, -111.066 40.48625, -111.0655 40.48009, -111.065 40.46857, -111.0645 40.45357, -111.064 40.43743, -111.0635 40.42264, -111.063 40.41149, -111.0625 40.40579, -111.062 40.4066, -111.0615 40.41408, -111.061 40.4275, -111.0605 40.44531, -111.06 40.46535, -111.0595 40.48518, -111.059 40.50235, -111.0585 40.51479, -111.058 40.52104, -111.0575 40.52049, -111.057 40.51344, -111.0565 40.50106, -111.056 40.48523, -111.0555 40.4683, -111.055 40.45277, -111.0545 40.44091, -111.054 40.43453, -111.0535 40.43466, -111.053 40.44146, -111.0525 40.45417, -111.052 40.47124, -111.0515 40.49049, -111.051 40.50948, -111.0505 40.52576, -111.05 40.53728, -111.0495 40.54259, -111.049 40.54109, -111.0485 40.53311, -111.048 40.51982, -111.0475 40.50312, -111.047 40.48537, -111.0465 40.46905, -111.046 40.45645, -111.0455 40.44935, -111.045 40.44877, -111.0445 40.45485, -111.044 40.46682, -111.0435 40.4831, -111.043 40.50153, -111.0425 40.51965, -111.042 40.53502, -111.0415 40.54559, -111.041 40.54993, -111.0405 40.54747, -111.04 40.53853, -111.0395 40.52431, -111.039 40.50672, -111.0385 40.48813, -111.038 40.47101, -111.0375 40.45765, -111.037 40.44981, -111.0365 40.44851, -111.036 40.45386, -111.0355 40.46507, -111.035 40.48057, -111.0345 40.49817, -111.034 40.51541, -111.0335 40.52987, -111.033 40.53948, -111.0325 40.54286, -111.032 40.53942, -111.0315 40.52953, -111.031 40.51439, -111.0305 40.49592, -111.03 40.47649, -111.0295 40.45858, -111.029 40.44446, -111.0285 40.4359, -111.028 40.43389, -111.0275 40.43852, -111.027 40.449, -111.0265 40.46373, -111.026 40.48052, -111.0255 40.4969, -111.025 40.51045, -111.0245 40.51914, -111.024 40.52157, -111.0235 40.51719, -111.023 40.50637, -111.0225 40.49033, -111.022 40.47101, -111.0215 40.45077, -111.021 40.43211, -111.0205 40.41728, -111.02 40.40803, -111.0195 40.40534, -111.019 40.40929, -111.0185 40.41907, -111.018 40.43307, -111.0175 40.44908, -111.017 40.46465, -111.0165 40.47735, -111.016 40.48516, -111.0155 40.48669, -111.015 40.48141, -111.0145 40.46971, -111.014 40.45283, -111.0135 40.43271, -111.013 40.41172, -111.0125 40.39235, -111.012 40.37686, -111.0115 40.36698, -111.011 40.36368, -111.0105 40.36701, -111.01 40.37616, -111.0095 40.38948, -111.009 40.40479, -111.0085 40.4196, -111.008 40.43152, -111.0075 40.43851, -111.007 40.43921, -111.0065 40.43311, -111.006 40.4206, -111.0055 40.40295, -111.005 40.3821, -111.0045 40.36044, -111.004 40.34045, -111.0035 40.32438, -111.003 40.31395, -111.0025 40.31011, -111.002 40.31291, -111.0015 40.3215, -111.001 40.33423, -111.0005 40.34892, -111 40.36307, -110.9995 40.37428, -110.999 40.38054, -110.9985 40.38051, -110.998 40.37367, -110.9975 40.36045, -110.997 40.34213, -110.9965 40.32065, -110.996 40.29841, -110.9955 40.2779, -110.995 40.26134, -110.9945 40.25046, -110.994 40.24619, -110.9935 40.24855, -110.993 40.25668, -110.9925 40.26893, -110.992 40.28309, -110.9915 40.29668, -110.991 40.3073, -110.9905 40.31294, -110.99 40.31227, -110.9895 40.30481, -110.989 40.29099, -110.9885 40.2721, -110.988 40.25011, -110.9875 40.22741, -110.987 40.20648, -110.9865 40.18956, -110.986 40.17834, -110.9855 40.17374, -110.985 40.17578, -110.9845 40.18358, -110.984 40.19546, -110.9835 40.20922, -110.983 40.22237, -110.9825 40.23251, -110.982 40.23765, -110.9815 40.23648, -110.981 40.22851, -110.9805 40.21422, -110.98 40.19488, -110.9795 40.1725, -110.979 40.14946, -110.9785 40.12825, -110.978 40.11109, -110.9775 40.09966, -110.977 40.09487, -110.9765 40.09672, -110.976 40.10431, -110.9755 40.11596, -110.975 40.12944, -110.9745 40.14228, -110.974 40.15208, -110.9735 40.15685, -110.973 40.1553, -110.9725 40.14697, -110.972 40.13233, -110.9715 40.11269, -110.971 40.09006, -110.9705 40.06682, -110.97 40.04546, -110.9695 40.02819, -110.969 40.0167, -110.9685 40.01186, -110.968 40.01365, -110.9675 40.02117, -110.967 40.03272, -110.9665 40.04607, -110.966 40.05873, -110.9655 40.06833, -110.965 40.07287, -110.9645 40.07109, -110.964 40.06253, -110.9635 40.04769, -110.963 40.02789, -110.9625 40.00514, -110.962 39.98185, -110.9615 39.96048, -110.961 39.94326, -110.9605 39.93184, -110.96 39.92708, -110.9595 39.92897, -110.959 39.93656, -110.9585 39.94815, -110.958 39.96151, -110.9575 39.97415, -110.957 39.98368, -110.9565 39.98814, -110.956 39.98626, -110.9555 39.97762, -110.955 39.96272, -110.9545 39.94291, -110.954 39.9202, -110.9535 39.89699, -110.953 39.87576, -110.9525 39.85873, -110.952 39.84752, -110.9515 39.843, -110.951 39.84512, -110.9505 39.85292, -110.95 39.86471, -110.9495 39.87822, -110.949 39.89096, -110.9485 39.90058, -110.948 39.9051, -110.9475 39.90327, -110.947 39.89469, -110.9465 39.87988, -110.946 39.86019, -110.9455 39.83766, -110.945 39.81468, -110.9445 39.79374, -110.944 39.77703, -110.9435 39.76618, -110.943 39.76204, -110.9425 39.76453, -110.942 39.77269, -110.9415 39.7848, -110.941 39.7986, -110.9405 39.8116, -110.94 39.82143, -110.9395 39.82615, -110.939 39.82451, -110.9385 39.81613, -110.938 39.80154, -110.9375 39.78212, -110.937 39.7599, -110.9365 39.73729, -110.936 39.71676, -110.9355 39.70052, -110.935 39.69016, -110.9345 39.68653, -110.934 39.68952, -110.9335 39.69817, -110.933 39.71074, -110.9325 39.72496, -110.932 39.73834, -110.9315 39.74852, -110.931 39.75357, -110.9305 39.75225, -110.93 39.74419, -110.9295 39.72996, -110.929 39.71093, -110.9285 39.68914, -110.928 39.66703, -110.9275 39.64705, -110.927 39.63139, -110.9265 39.62165, -110.926 39.61865, -110.9255 39.62227, -110.925 39.63153, -110.9245 39.64467, -110.924 39.65943, -110.9235 39.67331, -110.923 39.68396, -110.9225 39.68945, -110.922 39.68856, -110.9215 39.68095, -110.921 39.66718, -110.9205 39.64866, -110.92 39.62743, -110.9195 39.60592, -110.919 39.5866, -110.9185 39.57164, -110.918 39.56263, -110.9175 39.56036, -110.917 39.56472, -110.9165 39.57469, -110.916 39.58852, -110.9155 39.60392, -110.915 39.6184, -110.9145 39.62962, -110.914 39.63565, -110.9135 39.6353, -110.913 39.62823, -110.9125 39.61503, -110.912 39.5971, -110.9115 39.57653, -110.911 39.55572, -110.9105 39.53715, -110.91 39.52298, -110.9095 39.51479, -110.909 39.51335, -110.9085 39.51853, -110.908 39.5293, -110.9075 39.5439, -110.907 39.56002, -110.9065 39.5752, -110.906 39.58706, -110.9055 39.59372, -110.905 39.59398, -110.9045 39.58754, -110.904 39.57498, -110.9035 39.55774, -110.903 39.53789, -110.9025 39.51786, -110.902 39.50011, -110.9015 39.48681, -110.901 39.47951, -110.9005 39.47897, -110.9 39.48504, -110.8995 39.49668, -110.899 39.51211, -110.8985 39.52903, -110.898 39.54495, -110.8975 39.55753, -110.897 39.56487, -110.8965 39.56581, -110.896 39.56005, -110.8955 39.54819, -110.895 39.53169, -110.8945 39.51262, -110.894 39.49343, -110.8935 39.47656, -110.893 39.46417, -110.8925 39.45781, -110.892 39.45821, -110.8915 39.46522, -110.891 39.47778, -110.8905 39.49408, -110.89 39.51184, -110.8895 39.52855, -110.889 39.54187, -110.8885 39.54994, -110.888 39.55159, -110.8875 39.54655, -110.887 39.53543, -110.8865 39.5197, -110.886 39.50145, -110.8855 39.48311, -110.885 39.46715, -110.8845 39.4557, -110.884 39.45031, -110.8835 39.45169, -110.883 39.45966, -110.8825 39.47315, -110.882 39.49035, -110.8815 39.50895, -110.881 39.52646, -110.8805 39.54056, -110.88 39.54936, -110.8795 39.55174, -110.879 39.54742, -110.8785 39.53705, -110.878 39.5221, -110.8775 39.50467, -110.877 39.48721, -110.8765 39.47216, -110.876 39.46166, -110.8755 39.45723, -110.875 39.45958, -110.8745 39.4685, -110.874 39.48292, -110.8735 39.50101, -110.873 39.52046, -110.8725 39.53877, -110.872 39.55362, -110.8715 39.56316, -110.871 39.56624, -110.8705 39.56264, -110.87 39.553, -110.8695 39.53882, -110.869 39.5222, -110.8685 39.50558, -110.868 39.49143, -110.8675 39.48185, -110.867 39.47836, -110.8665 39.48166, -110.866 39.49152, -110.8655 39.50684, -110.865 39.52579, -110.8645 39.54605, -110.864 39.56512, -110.8635 39.5807, -110.863 39.59092, -110.8625 39.59469, -110.862 39.59176, -110.8615 39.58282, -110.861 39.56936, -110.8605 39.5535, -110.86 39.5377, -110.8595 39.52439, -110.859 39.51569, -110.8585 39.5131, -110.858 39.5173, -110.8575 39.52804, -110.857 39.54421, -110.8565 39.56397, -110.856 39.58498, -110.8555 39.60477, -110.855 39.62101, -110.8545 39.63187, -110.854 39.63625, -110.8535 39.63394, -110.853 39.62563, -110.8525 39.61284, -110.852 39.59768, -110.8515 39.58262, -110.851 39.5701, -110.8505 39.56221, -110.85 39.56045, -110.8495 39.56547, -110.849 39.57702, -110.8485 39.59397, -110.848 39.61446, -110.8475 39.63615, -110.847 39.65657, -110.8465 39.6734, -110.846 39.68481, -110.8455 39.68973, -110.845 39.68796, -110.8445 39.6802, -110.844 39.66799, -110.8435 39.65345, -110.843 39.63905, -110.8425 39.62722, -110.842 39.62006, -110.8415 39.61903, -110.841 39.62479, -110.8405 39.63706, -110.84 39.65469, -110.8395 39.67581, -110.839 39.6981, -110.8385 39.71905, -110.838 39.73636, -110.8375 39.74823, -110.837 39.75359, -110.8365 39.75225, -110.836 39.74494, -110.8355 39.73321, -110.835 39.71919, -110.8345 39.70534, -110.834 39.6941, -110.8335 39.68756, -110.833 39.68717, -110.8325 39.69355, -110.832 39.70642, -110.8315 39.72463, -110.831 39.74628, -110.8305 39.76903, -110.83 39.7904, -110.8295 39.80809, -110.829 39.8203, -110.8285 39.82598, -110.828 39.82496, -110.8275 39.81799, -110.827 39.80662, -110.8265 39.79299, -110.826 39.77958, -110.8255 39.76882, -110.825 39.76277, -110.8245 39.76288, -110.824 39.76977, -110.8235 39.78313, -110.823 39.80178, -110.8225 39.82382, -110.822 39.84693, -110.8215 39.86859, -110.821 39.88653, -110.8205 39.89895, -110.82 39.90482, -110.8195 39.90399, -110.819 39.89722, -110.8185 39.88608, -110.818 39.87273, -110.8175 39.85962, -110.817 39.84919, -110.8165 39.84351, -110.816 39.844, -110.8155 39.85126, -110.815 39.86496, -110.8145 39.88392, -110.814 39.90623, -110.8135 39.92954, -110.813 39.95136, -110.8125 39.96941, -110.812 39.9819, -110.8115 39.98783, -110.811 39.98705, -110.8105 39.98035, -110.81 39.9693, -110.8095 39.95608, -110.809 39.94314, -110.8085 39.93291, -110.808 39.92745, -110.8075 39.92818, -110.807 39.93566, -110.8065 39.94957, -110.806 39.9687, -110.8055 39.99113, -110.805 40.01451, -110.8045 40.03634, -110.804 40.05435, -110.8035 40.06678, -110.803 40.07262, -110.8025 40.07175, -110.802 40.06497, -110.8015 40.05387, -110.801 40.04063, -110.8005 40.02772, -110.8 40.01755, -110.7995 40.01217, -110.799 40.01299, -110.7985 40.02056, -110.798 40.03453, -110.7975 40.05368, -110.797 40.07609, -110.7965 40.09939, -110.796 40.12109, -110.7955 40.13892, -110.795 40.15113, -110.7945 40.15674, -110.794 40.15564, -110.7935 40.14864, -110.793 40.13735, -110.7925 40.12395, -110.792 40.11091, -110.7915 40.10066, -110.791 40.09522, -110.7905 40.09598, -110.79 40.1035, -110.7895 40.11739, -110.789 40.13642, -110.7885 40.15866, -110.788 40.18173, -110.7875 40.20316, -110.787 40.22067, -110.7865 40.23253, -110.786 40.23776, -110.7855 40.23629, -110.785 40.22893, -110.7845 40.21731, -110.784 40.20361, -110.7835 40.19032, -110.783 40.17984, -110.7825 40.1742, -110.782 40.17478, -110.7815 40.18209, -110.781 40.19577, -110.7805 40.21454, -110.78 40.23647, -110.7795 40.25919, -110.779 40.2802, -110.7785 40.29726, -110.778 40.30863, -110.7775 40.31335, -110.777 40.31137, -110.7765 40.30352, -110.776 40.29144, -110.7755 40.27732, -110.775 40.26363, -110.7745 40.2528, -110.774 40.24683, -110.7735 40.24709, -110.773 40.25408, -110.7725 40.26741, -110.772 40.2858, -110.7715 40.3073, -110.771 40.32953, -110.7705 40.35001, -110.77 40.36648, -110.7695 40.37724, -110.769 40.38133, -110.7685 40.37872, -110.768 40.37026, -110.7675 40.35759, -110.767 40.34293, -110.7665 40.32874, -110.766 40.31743, -110.7655 40.31102, -110.765 40.31084, -110.7645 40.3174, -110.764 40.33026, -110.7635 40.34815, -110.763 40.3691, -110.7625 40.39074, -110.762 40.41056, -110.7615 40.42635, -110.761 40.43638, -110.7605 40.43974, -110.76 40.43639, -110.7595 40.42721, -110.759 40.41385, -110.7585 40.39854, -110.758 40.38374, -110.7575 40.37187, -110.757 40.36491, -110.7565 40.36419, -110.756 40.37021, -110.7555 40.38251, -110.755 40.3998, -110.7545 40.42012, -110.754 40.44105, -110.7535 40.46014, -110.753 40.47513, -110.7525 40.48435, -110.752 40.48688, -110.7515 40.48271, -110.751 40.47272, -110.7505 40.45859, -110.75 40.44254, -110.7495 40.42706, -110.749 40.41452, -110.7485 40.40693, -110.748 40.40561, -110.7475 40.411, -110.747 40.42266, -110.7465 40.43928, -110.746 40.45887, -110.7455 40.47904, -110.745 40.49731, -110.7445 40.51144, -110.744 40.51977, -110.7435 40.5214, -110.743 40.51634, -110.7425 40.50548, -110.742 40.49051, -110.7415 40.47366, -110.741 40.45742, -110.7405 40.44417, -110.74 40.43589, -110.7395 40.43389, -110.739 40.4386, -110.7385 40.44956, -110.738 40.46545, -110.7375 40.48427, -110.737 40.50361, -110.7365 40.521, -110.736 40.53423, -110.7355 40.54163, -110.735 40.54231, -110.7345 40.5363, -110.734 40.52452, -110.7335 40.50867, -110.733 40.49099, -110.7325 40.47395, -110.732 40.45994, -110.7315 40.45093, -110.731 40.44822, -110.7305 40.45222, -110.73 40.46245, -110.7295 40.47757, -110.729 40.49558, -110.7285 40.51406, -110.728 40.53056, -110.7275 40.54285, -110.727 40.54928, -110.7265 40.54899, -110.726 40.54202, -110.7255 40.5293, -110.725 40.51255, -110.7245 40.49401, -110.724 40.47615, -110.7235 40.46137, -110.723 40.45163, -110.7225 40.44819, -110.722 40.45146, -110.7215 40.46095, -110.721 40.47529, -110.7205 40.49248, -110.72 40.51011, -110.7195 40.5257, -110.719 40.53705, -110.7185 40.54251, -110.718 40.54126, -110.7175 40.53332, -110.717 40.51967, -110.7165 40.50202, -110.716 40.48263, -110.7155 40.46397, -110.715 40.44843, -110.7145 40.43795, -110.714 40.4338, -110.7135 40.43636, -110.713 40.44511, -110.7125 40.4587, -110.712 40.47509, -110.7115 40.49187, -110.711 40.50658, -110.7105 40.517, -110.71 40.52153, -110.7095 40.51932, -110.709 40.51046, -110.7085 40.4959, -110.708 40.47738, -110.7075 40.45717, -110.707 40.43774, -110.7065 40.42147, -110.706 40.41029, -110.7055 40.40546, -110.705 40.40734, -110.7045 40.41541, -110.704 40.42828, -110.7035 40.44391, -110.703 40.45989, -110.7025 40.47375, -110.702 40.4833, -110.7015 40.48693, -110.701 40.48383, -110.7005 40.47408, -110.7 40.45866, -110.6995 40.43933, -110.699 40.41835, -110.6985 40.3982, -110.698 40.38126, -110.6975 40.36945, -110.697 40.364, -110.6965 40.36526, -110.696 40.3727, -110.6955 40.38491, -110.695 40.39984, -110.6945 40.41509, -110.694 40.42817, -110.6935 40.43691, -110.693 40.43972, -110.6925 40.43578, -110.692 40.42522, -110.6915 40.40902, -110.691 40.38895, -110.6905 40.36728, -110.69 40.3465, -110.6895 40.32896, -110.689 40.31659, -110.6885 40.3106, -110.688 40.31133, -110.6875 40.31822, -110.687 40.32985, -110.6865 40.34418, -110.686 40.35877, -110.6855 40.37116, -110.685 40.37918, -110.6845 40.38125, -110.684 40.37658, -110.6835 40.3653, -110.683 40.34841, -110.6825 40.32769, -110.682 40.30543, -110.6815 40.2841, -110.681 40.26607, -110.6805 40.25324, -110.68 40.24681, -110.6795 40.24711, -110.679 40.25355, -110.6785 40.26471, -110.678 40.27852, -110.6775 40.29256, -110.677 40.30437, -110.6765 40.31178, -110.676 40.31322, -110.6755 40.30792, -110.675 40.29602, -110.6745 40.27856, -110.674 40.25731, -110.6735 40.23456, -110.673 40.21281, -110.6725 40.1944, -110.672 40.18122, -110.6715 40.17447, -110.671 40.17445, -110.6705 40.18056, -110.67 40.19136, -110.6695 40.20479, -110.669 40.2184, -110.6685 40.22974, -110.668 40.23665, -110.6675 40.23758, -110.667 40.23178, -110.6665 40.21939, -110.666 40.20148, -110.6655 40.17982, -110.665 40.15672, -110.6645 40.13466, -110.664 40.116, -110.6635 40.10261, -110.663 40.09566, -110.6625 40.09545, -110.662 40.10136, -110.6615 40.11194, -110.661 40.1251, -110.6605 40.13841, -110.66 40.14942, -110.6595 40.15597, -110.659 40.15653, -110.6585 40.15035, -110.658 40.13761, -110.6575 40.11938, -110.657 40.09745, -110.6565 40.07413, -110.656 40.05191, -110.6555 40.03313, -110.655 40.01966, -110.6545 40.01266, -110.654 40.0124, -110.6535 40.01824, -110.653 40.02873, -110.6525 40.04177, -110.652 40.05492, -110.6515 40.06573, -110.651 40.07207, -110.6505 40.07239, -110.65 40.06598, -110.6495 40.05303, -110.649 40.03462, -110.6485 40.01257, -110.648 39.98917, -110.6475 39.96693, -110.647 39.94818, -110.6465 39.93477, -110.646 39.92786, -110.6455 39.92769, -110.645 39.93361, -110.6445 39.94415, -110.644 39.95721, -110.6435 39.97035, -110.643 39.98111, -110.6425 39.98736, -110.642 39.98759, -110.6415 39.9811, -110.641 39.96808, -110.6405 39.94964, -110.64 39.9276, -110.6395 39.90428, -110.639 39.88217, -110.6385 39.86358, -110.638 39.85039, -110.6375 39.8437, -110.637 39.84376, -110.6365 39.84991, -110.636 39.86065, -110.6355 39.87388, -110.635 39.88714, -110.6345 39.89799, -110.634 39.9043, -110.6335 39.90459, -110.633 39.89815, -110.6325 39.88521, -110.632 39.86688, -110.6315 39.845, -110.631 39.82189, -110.6305 39.80005, -110.63 39.78178, -110.6295 39.76893, -110.629 39.76261, -110.6285 39.76305, -110.628 39.76956, -110.6275 39.78064, -110.627 39.79417, -110.6265 39.80769, -110.626 39.81877, -110.6255 39.82529, -110.625 39.82576, -110.6245 39.81952, -110.624 39.8068, -110.6235 39.78872, -110.623 39.76714, -110.6225 39.74438, -110.622 39.72293, -110.6215 39.70511, -110.621 39.69275, -110.6205 39.68694, -110.62 39.68789, -110.6195 39.6949, -110.619 39.70644, -110.6185 39.7204, -110.618 39.73432, -110.6175 39.74575, -110.617 39.75261, -110.6165 39.7534, -110.616 39.74748, -110.6155 39.73509, -110.615 39.7174, -110.6145 39.69624, -110.614 39.67396, -110.6135 39.65304, -110.613 39.6358, -110.6125 39.62405, -110.612 39.61886, -110.6115 39.62044, -110.611 39.62806, -110.6105 39.6402, -110.61 39.65471, -110.6095 39.66914, -110.609 39.68105, -110.6085 39.68835, -110.608 39.68958, -110.6075 39.68409, -110.607 39.67217, -110.6065 39.65496, -110.606 39.63434, -110.6055 39.61265, -110.605 39.59237, -110.6045 39.57582, -110.604 39.56479, -110.6035 39.56034, -110.603 39.56266, -110.6025 39.571, -110.602 39.58383, -110.6015 39.59899, -110.601 39.61404, -110.6005 39.62653, -110.6 39.63438, -110.5995 39.63614, -110.599 39.63119, -110.5985 39.61983, -110.598 39.60321, -110.5975 39.58323, -110.597 39.56222, -110.5965 39.54268, -110.596 39.5269, -110.5955 39.51668, -110.595 39.51306, -110.5945 39.51621, -110.594 39.52536, -110.5935 39.53897, -110.593 39.55487, -110.5925 39.57062, -110.592 39.58377, -110.5915 39.59225, -110.591 39.59463, -110.5905 39.5903, -110.59 39.57957, -110.5895 39.56362, -110.589 39.54435, -110.5885 39.52411, -110.588 39.50538, -110.5875 39.49046, -110.587 39.48112, -110.5865 39.4784, -110.586 39.48244, -110.5855 39.49247, -110.585 39.50692, -110.5845 39.52363, -110.584 39.54014, -110.5835 39.55401, -110.583 39.56319, -110.5825 39.56624, -110.582 39.56259, -110.5815 39.55256, -110.581 39.53733, -110.5805 39.51883, -110.58 39.4994, -110.5795 39.48154, -110.579 39.46752, -110.5785 39.45912, -110.578 39.45734, -110.5775 39.46232, -110.577 39.47328, -110.5765 39.48862, -110.576 39.50618, -110.5755 39.52349, -110.575 39.53812, -110.5745 39.54803, -110.574 39.5518, -110.5735 39.54886, -110.573 39.53955, -110.5725 39.52509, -110.572 39.50739, -110.5715 39.48881, -110.571 39.47184, -110.5705 39.45875, -110.57 39.45131, -110.5695 39.4505, -110.569 39.45645, -110.5685 39.46835, -110.568 39.4846, -110.5675 39.50302, -110.567 39.52115, -110.5665 39.53657, -110.566 39.54722, -110.5655 39.55172, -110.565 39.5495, -110.5645 39.54093, -110.564 39.52724, -110.5635 39.51035, -110.563 39.49262, -110.5625 39.47655, -110.562 39.4644, -110.5615 39.45792, -110.561 39.45809, -110.5605 39.465, -110.56 39.47783, -110.5595 39.49499, -110.559 39.51427, -110.5585 39.53321, -110.558 39.54939, -110.5575 39.56078, -110.557 39.56599, -110.5565 39.56449, -110.556 39.55665, -110.5555 39.54371, -110.555 39.52761, -110.5545 39.51072, -110.554 39.49553, -110.5535 39.48429, -110.553 39.47875, -110.5525 39.47987, -110.552 39.48771, -110.5515 39.50146, -110.551 39.51949, -110.5505 39.5396, -110.55 39.55932, -110.5495 39.57624, -110.549 39.58833, -110.5485 39.59422, -110.548 39.59339, -110.5475 39.58624, -110.547 39.57402, -110.5465 39.55867, -110.546 39.54258, -110.5455 39.52822, -110.545 39.51786, -110.5445 39.51321, -110.544 39.51522, -110.5435 39.52396, -110.543 39.53857, -110.5425 39.55742, -110.542 39.5783, -110.5415 39.59875, -110.541 39.61634, -110.5405 39.62908, -110.54 39.63559, -110.5395 39.63538, -110.539 39.62885, -110.5385 39.61728, -110.538 39.60262, -110.5375 39.58726, -110.537 39.57367, -110.5365 39.56411, -110.536 39.56029, -110.5355 39.56313, -110.535 39.57268, -110.5345 39.58808, -110.534 39.60768, -110.5335 39.62926, -110.533 39.65035, -110.5325 39.66855, -110.532 39.68185, -110.5315 39.6889, -110.531 39.68922, -110.5305 39.68324, -110.53 39.67224, -110.5295 39.65819, -110.529 39.64347, -110.5285 39.63057, -110.528 39.62173, -110.5275 39.61864, -110.527 39.62222, -110.5265 39.6325, -110.526 39.64859, -110.5255 39.66884, -110.525 39.69102, -110.5245 39.71267, -110.524 39.73137, -110.5235 39.74512, -110.523 39.75262, -110.5225 39.75338, -110.522 39.74784, -110.5215 39.73731, -110.521 39.72376, -110.5205 39.70958, -110.52 39.69726, -110.5195 39.68903, -110.519 39.68657, -110.5185 39.69078, -110.518 39.70167, -110.5175 39.71835, -110.517 39.73914, -110.5165 39.76182, -110.516 39.78389, -110.5155 39.80298, -110.515 39.81709, -110.5145 39.82491, -110.514 39.82598, -110.5135 39.82078, -110.513 39.81059, -110.5125 39.79743, -110.512 39.78368, -110.5115 39.77182, -110.511 39.76408, -110.5105 39.76212, -110.51 39.76684, -110.5095 39.77823, -110.509 39.79536, -110.5085 39.81657, -110.508 39.83961, -110.5075 39.86199, -110.507 39.88134, -110.5065 39.89567, -110.506 39.90369, -110.5055 39.90495, -110.505 39.89994, -110.5045 39.88998, -110.504 39.87707, -110.5035 39.86362, -110.503 39.85209, -110.5025 39.8447, -110.502 39.84312, -110.5015 39.84821, -110.501 39.85995, -110.5005 39.87742, -110.5 39.8989, -110.4995 39.92216, -110.499 39.94472, -110.4985 39.96419, -110.498 39.9786, -110.4975 39.98668, -110.497 39.988, -110.4965 39.98305, -110.496 39.97317, -110.4955 39.96038, -110.495 39.94708, -110.4945 39.93574, -110.494 39.92857, -110.4935 39.92722, -110.493 39.93255, -110.4925 39.9445, -110.492 39.96215, -110.4915 39.98377, -110.491 40.00711, -110.4905 40.0297, -110.49 40.04915, -110.4895 40.06351, -110.489 40.0715, -110.4885 40.07272, -110.488 40.06769, -110.4875 40.05775, -110.487 40.04494, -110.4865 40.03164, -110.486 40.02035, -110.4855 40.01326, -110.485 40.012, -110.4845 40.01742, -110.484 40.02944, -110.4835 40.04712, -110.483 40.06874, -110.4825 40.09202, -110.482 40.11449, -110.4815 40.13378, -110.481 40.14793, -110.4805 40.15569, -110.48 40.15668, -110.4795 40.15142, -110.479 40.14128, -110.4785 40.1283, -110.478 40.11488, -110.4775 40.10349, -110.477 40.09633, -110.4765 40.09502, -110.476 40.10038, -110.4755 40.11233, -110.475 40.12991, -110.4745 40.15137, -110.474 40.17445, -110.4735 40.19666, -110.473 40.21564, -110.4725 40.22944, -110.472 40.23684, -110.4715 40.23745, -110.471 40.23183, -110.4705 40.22135, -110.47 40.20805, -110.4695 40.19436, -110.469 40.18274, -110.4685 40.17537, -110.468 40.17387, -110.4675 40.17904, -110.467 40.19078, -110.4665 40.20811, -110.466 40.22928, -110.4655 40.25202, -110.465 40.27384, -110.4645 40.29237, -110.464 40.3057, -110.4635 40.31259, -110.463 40.3127, -110.4625 40.30657, -110.462 40.29562, -110.4615 40.28189, -110.461 40.26779, -110.4605 40.25581, -110.46 40.24811, -110.4595 40.24628, -110.459 40.25113, -110.4585 40.26254, -110.458 40.2795, -110.4575 40.30025, -110.457 40.32252, -110.4565 40.34382, -110.456 40.36179, -110.4555 40.37451, -110.455 40.38077, -110.4545 40.38025, -110.454 40.3735, -110.4535 40.36196, -110.453 40.34767, -110.4525 40.33305, -110.452 40.32059, -110.4515 40.31243, -110.451 40.31017, -110.4505 40.31459, -110.45 40.32554, -110.4495 40.34201, -110.449 40.36224, -110.4485 40.38393, -110.448 40.40459, -110.4475 40.42188, -110.447 40.43388, -110.4465 40.43941, -110.446 40.43815, -110.4455 40.43068, -110.445 40.41843, -110.4445 40.40348, -110.444 40.38825, -110.4435 40.3752, -110.443 40.36649, -110.4425 40.3637, -110.442 40.36757, -110.4415 40.37797, -110.441 40.39386, -110.4405 40.41346, -110.44 40.43447, -110.4395 40.4544, -110.439 40.47092, -110.4385 40.48212, -110.438 40.48682, -110.4375 40.48473, -110.437 40.47645, -110.4365 40.46342, -110.436 40.44772, -110.4355 40.43178, -110.435 40.41806, -110.4345 40.40872, -110.434 40.4053, -110.4335 40.40856, -110.433 40.41833, -110.4325 40.43356, -110.432 40.45245, -110.4315 40.47271, -110.431 40.49184, -110.4305 40.5075, -110.43 40.51782, -110.4295 40.52163, -110.429 40.51864, -110.4285 40.50948, -110.428 40.4956, -110.4275 40.47908, -110.427 40.46238, -110.4265 40.44793, -110.426 40.43789, -110.4255 40.4338, -110.425 40.43638, -110.4245 40.44546, -110.424 40.45997, -110.4235 40.4781, -110.423 40.49754, -110.4225 40.51582, -110.422 40.53059, -110.4215 40.53997, -110.421 40.54284, -110.4205 40.5389, -110.42 40.52881, -110.4195 40.51404, -110.419 40.49667, -110.4185 40.47915, -110.418 40.46394, -110.4175 40.45316, -110.417 40.44835, -110.4165 40.45023, -110.416 40.45858, -110.4155 40.47233, -110.415 40.48967, -110.4145 40.50828, -110.414 40.52566, -110.4135 40.5395, -110.413 40.54794, -110.4125 40.54983, -110.412 40.54493, -110.4115 40.53389, -110.411 40.5182, -110.4105 40.49996, -110.41 40.48161, -110.4095 40.46562, -110.409 40.45409, -110.4085 40.44855, -110.408 40.4497, -110.4075 40.45732, -110.407 40.47031, -110.4065 40.48684, -110.406 40.5046, -110.4055 40.5211, -110.405 40.53401, -110.4045 40.54148, -110.404 40.5424, -110.4035 40.53653, -110.403 40.52455, -110.4025 40.50795, -110.402 40.48884, -110.4015 40.46968, -110.401 40.45291, -110.4005 40.44065, -110.4 40.43439, -110.3995 40.43483, -110.399 40.44172, -110.3985 40.45396, -110.398 40.46971, -110.3975 40.48664, -110.397 40.50226, -110.3965 40.51426, -110.396 40.5208, -110.3955 40.52077, -110.395 40.51396, -110.3945 40.50106, -110.394 40.48358, -110.3935 40.46364, -110.393 40.44369, -110.3925 40.42618, -110.392 40.41321, -110.3915 40.40627, -110.391 40.40603, -110.3905 40.41224, -110.39 40.42377, -110.3895 40.43877, -110.389 40.45491, -110.3885 40.46971, -110.388 40.48084, -110.3875 40.48648, -110.387 40.48556, -110.3865 40.47786, -110.386 40.46409, -110.3855 40.44578, -110.385 40.42506, -110.3845 40.40438, -110.384 40.38618, -110.3835 40.37256, -110.383 40.365, -110.3825 40.36415, -110.382 40.36973, -110.3815 40.38061, -110.381 40.39493, -110.3805 40.41035, -110.38 40.42438, -110.3795 40.43471, -110.379 40.43953, -110.3785 40.43778, -110.378 40.42926, -110.3775 40.4147, -110.377 40.39564, -110.3765 40.37421, -110.376 40.35287, -110.3755 40.33406, -110.375 40.31988, -110.3745 40.31178, -110.374 40.31039, -110.3735 40.31543, -110.373 40.32575, -110.3725 40.33947, -110.372 40.35424, -110.3715 40.36759, -110.371 40.37721, -110.3705 40.3813, -110.37 40.37881, -110.3695 40.36956, -110.369 40.3543, -110.3685 40.33458, -110.368 40.31254, -110.3675 40.29064, -110.367 40.27133, -110.3665 40.25667, -110.366 40.24813, -110.3655 40.2463, -110.365 40.2509, -110.3645 40.26076, -110.364 40.27398, -110.3635 40.28822, -110.363 40.30099, -110.3625 40.31001, -110.362 40.31347, -110.3615 40.31035, -110.361 40.30048, -110.3605 40.28463, -110.36 40.26436, -110.3595 40.24182, -110.359 40.21948, -110.3585 40.19977, -110.358 40.18476, -110.3575 40.17589, -110.357 40.17374, -110.3565 40.17802, -110.356 40.18753, -110.3555 40.20037, -110.355 40.21419, -110.3545 40.22651, -110.354 40.23504, -110.3535 40.238, -110.353 40.23437, -110.3525 40.22401, -110.352 40.20769, -110.3515 40.18699, -110.351 40.16408, -110.3505 40.14143, -110.35 40.12145, -110.3495 40.10621, -110.349 40.09714, -110.3485 40.09481, -110.348 40.09889, -110.3475 40.10818, -110.347 40.12077, -110.3465 40.13431, -110.346 40.1463, -110.3455 40.15448, -110.345 40.15706, -110.3445 40.15306, -110.344 40.14233, -110.3435 40.12569, -110.343 40.1047, -110.3425 40.08156, -110.342 40.05872, -110.3415 40.03862, -110.341 40.02329, -110.3405 40.01415, -110.34 40.01177, -110.3395 40.01579, -110.339 40.025, -110.3385 40.03749, -110.338 40.05087, -110.3375 40.06269, -110.337 40.07064, -110.3365 40.073, -110.336 40.06876, -110.3355 40.05782, -110.335 40.04098, -110.3345 40.01985, -110.334 39.99662, -110.3335 39.97374, -110.333 39.95365, -110.3325 39.93838, -110.332 39.92932, -110.3315 39.92703, -110.331 39.93114, -110.3305 39.94041, -110.33 39.95293, -110.3295 39.96631, -110.329 39.97808, -110.3285 39.98597, -110.328 39.98823, -110.3275 39.9839, -110.327 39.97289, -110.3265 39.95601, -110.326 39.93488, -110.3255 39.9117, -110.325 39.88893, -110.3245 39.86899, -110.324 39.85392, -110.3235 39.84509, -110.323 39.84303, -110.3225 39.84737, -110.322 39.85685, -110.3215 39.86954, -110.321 39.88306, -110.3205 39.89493, -110.32 39.90289, -110.3195 39.90521, -110.319 39.90093, -110.3185 39.88998, -110.318 39.87321, -110.3175 39.85222, -110.317 39.82924, -110.3165 39.80672, -110.316 39.78708, -110.3155 39.77235, -110.315 39.76389, -110.3145 39.7622, -110.314 39.76691, -110.3135 39.77674, -110.313 39.78974, -110.3125 39.80354, -110.312 39.81565, -110.3115 39.82382, -110.311 39.82633, -110.3105 39.82224, -110.31 39.8115, -110.3095 39.79496, -110.309 39.77426, -110.3085 39.7516, -110.308 39.72947, -110.3075 39.71027, -110.307 39.69601, -110.3065 39.68805, -110.306 39.68688, -110.3055 39.69208, -110.305 39.70239, -110.3045 39.71584, -110.304 39.73004, -110.3035 39.74252, -110.303 39.75103, -110.3025 39.75386, -110.302 39.75009, -110.3015 39.73969, -110.301 39.72351, -110.3005 39.70322, -110.3 39.68102, -110.2995 39.65941, -110.299 39.64077, -110.2985 39.62711, -110.298 39.61977, -110.2975 39.61923, -110.297 39.62506, -110.2965 39.63596, -110.296 39.64997, -110.2955 39.6647, -110.295 39.67767, -110.2945 39.68663, -110.294 39.6899, -110.2935 39.68657, -110.293 39.67661, -110.2925 39.66091, -110.292 39.64114, -110.2915 39.61952, -110.291 39.59853, -110.2905 39.58057, -110.29 39.56762, -110.2895 39.56101, -110.289 39.56121, -110.2885 39.56777, -110.288 39.57938, -110.2875 39.59405, -110.287 39.60941, -110.2865 39.62296, -110.286 39.63249, -110.2855 39.6363, -110.285 39.6335, -110.2845 39.62409, -110.284 39.60897, -110.2835 39.58982, -110.283 39.56887, -110.2825 39.5486, -110.282 39.5314, -110.2815 39.51925, -110.281 39.51347, -110.2805 39.5145, -110.28 39.52187, -110.2795 39.53427, -110.279 39.5497, -110.2785 39.56577, -110.278 39.58, -110.2775 39.59016, -110.277 39.59459, -110.2765 39.59241, -110.276 39.58363, -110.2755 39.56917, -110.275 39.55071, -110.2745 39.53051, -110.274 39.51103, -110.2735 39.49467, -110.273 39.48341, -110.2725 39.47852, -110.272 39.48044, -110.2715 39.4887, -110.271 39.50196, -110.2705 39.51821, -110.27 39.53505, -110.2695 39.55001, -110.269 39.56088, -110.2685 39.56599, -110.268 39.56448, -110.2675 39.55639, -110.267 39.54264, -110.2665 39.52494, -110.266 39.50554, -110.2655 39.48691, -110.265 39.47145, -110.2645 39.4611, -110.264 39.45716, -110.2635 39.46003, -110.263 39.46922, -110.2625 39.48338, -110.262 39.50049, -110.2615 39.51815, -110.261 39.53389, -110.2605 39.54549, -110.26 39.55132, -110.2595 39.55052, -110.259 39.54315, -110.2585 39.53015, -110.258 39.51324, -110.2575 39.49467, -110.257 39.47692, -110.2565 39.46238, -110.256 39.45299, -110.2555 39.45001, -110.255 39.45386, -110.2545 39.464, -110.254 39.47907, -110.2535 39.49706, -110.253 39.51556, -110.2525 39.53209, -110.252 39.54444, -110.2515 39.551, -110.251 39.55093, -110.2505 39.54429, -110.25 39.53205, -110.2495 39.51594, -110.249 39.49821, -110.2485 39.48134, -110.248 39.46772, -110.2475 39.45929, -110.247 39.45729, -110.2465 39.46209, -110.246 39.47318, -110.2455 39.48918, -110.245 39.50804, -110.2445 39.52737, -110.244 39.54467, -110.2435 39.55777, -110.243 39.56505, -110.2425 39.56569, -110.242 39.55978, -110.2415 39.54828, -110.241 39.53294, -110.2405 39.51603, -110.24 39.50004, -110.2395 39.48732, -110.239 39.47982, -110.2385 39.47876, -110.238 39.48452, -110.2375 39.49653, -110.237 39.51341, -110.2365 39.53312, -110.236 39.55324, -110.2355 39.57129, -110.235 39.5851, -110.2345 39.59307, -110.234 39.59438, -110.2335 39.58915, -110.233 39.57835, -110.2325 39.56376, -110.232 39.54763, -110.2315 39.53246, -110.231 39.52061, -110.2305 39.51399, -110.23 39.51383, -110.2295 39.52048, -110.229 39.53336, -110.2285 39.55108, -110.228 39.57158, -110.2275 39.59243, -110.227 39.61118, -110.2265 39.62565, -110.226 39.63424, -110.2255 39.63617, -110.225 39.63155, -110.2245 39.6214, -110.224 39.60749, -110.2235 39.59208, -110.223 39.57766, -110.2225 39.56661, -110.222 39.56081, -110.2215 39.56148, -110.221 39.56895, -110.2205 39.58263, -110.22 39.60111, -110.2195 39.62232, -110.219 39.64384, -110.2185 39.6632, -110.218 39.67824, -110.2175 39.68738, -110.217 39.68984, -110.2165 39.68577, -110.216 39.67618, -110.2155 39.66285, -110.215 39.64808, -110.2145 39.63434, -110.214 39.62399, -110.2135 39.61892, -110.213 39.62033, -110.2125 39.62853, -110.212 39.64292, -110.2115 39.66207, -110.211 39.6839, -110.2105 39.70598, -110.21 39.72586, -110.2095 39.74137, -110.209 39.75096, -110.2085 39.75386, -110.208 39.75022, -110.2075 39.74109, -110.207 39.72826, -110.2065 39.71401, -110.206 39.70084, -110.2055 39.69109, -110.205 39.68665, -110.2045 39.6887, -110.204 39.69752, -110.2035 39.7125, -110.203 39.7322, -110.2025 39.75454, -110.202 39.77708, -110.2015 39.79736, -110.201 39.81323, -110.2005 39.82315, -110.2 39.82636, -110.1995 39.82305, -110.199 39.81427, -110.1985 39.80181, -110.198 39.78797, -110.1975 39.77525, -110.197 39.76598, -110.1965 39.76205, -110.196 39.7646, -110.1955 39.77391, -110.195 39.78937, -110.1945 39.8095, -110.194 39.83222, -110.1935 39.85508, -110.193 39.87564, -110.1925 39.89174, -110.192 39.90186, -110.1915 39.90527, -110.191 39.90215, -110.1905 39.89358, -110.19 39.88136, -110.1895 39.86781, -110.189 39.85541, -110.1885 39.84649, -110.188 39.84292, -110.1875 39.84585, -110.187 39.85553, -110.1865 39.87132, -110.186 39.89175, -110.1855 39.91471, -110.185 39.93776, -110.1845 39.95846, -110.184 39.97466, -110.1835 39.98484, -110.183 39.9883, -110.1825 39.98524, -110.182 39.97674, -110.1815 39.96463, -110.181 39.95122, -110.1805 39.93899, -110.18 39.93029, -110.1795 39.92695, -110.179 39.93011, -110.1785 39.94002, -110.178 39.956, -110.1775 39.97658, -110.177 39.99964, -110.1765 40.02274, -110.176 40.04343, -110.1755 40.05958, -110.175 40.06969, -110.1745 40.07305, -110.174 40.0699, -110.1735 40.06134, -110.173 40.04919, -110.1725 40.03578, -110.172 40.02359, -110.1715 40.01495, -110.171 40.0117, -110.1705 40.01495, -110.17 40.02494, -110.1695 40.04097, -110.169 40.06156, -110.1685 40.08457, -110.168 40.10757, -110.1675 40.12811, -110.167 40.14407, -110.1665 40.15395, -110.166 40.15709, -110.1655 40.15371, -110.165 40.14493, -110.1645 40.1326, -110.164 40.11905, -110.1635 40.10675, -110.163 40.09804, -110.1625 40.09473, -110.162 40.09793, -110.1615 40.10785, -110.161 40.12379, -110.1605 40.14424, -110.16 40.16707, -110.1595 40.18983, -110.159 40.21007, -110.1585 40.2257, -110.158 40.23522, -110.1575 40.23798, -110.157 40.23423, -110.1565 40.2251, -110.156 40.21245, -110.1555 40.19861, -110.155 40.18607, -110.1545 40.17714, -110.154 40.17364, -110.1535 40.17665, -110.153 40.18637, -110.1525 40.20208, -110.152 40.22225, -110.1515 40.24476, -110.151 40.26714, -110.1505 40.28696, -110.15 40.30211, -110.1495 40.31113, -110.149 40.31338, -110.1485 40.30913, -110.148 40.29952, -110.1475 40.28642, -110.147 40.27217, -110.1465 40.25926, -110.146 40.24998, -110.1455 40.24616, -110.145 40.24885, -110.1445 40.25824, -110.144 40.27359, -110.1435 40.29336, -110.143 40.31542, -110.1425 40.33729, -110.142 40.35655, -110.1415 40.37111, -110.141 40.37951, -110.1405 40.38113, -110.14 40.37625, -110.1395 40.36604, -110.139 40.35237, -110.1385 40.33759, -110.138 40.32418, -110.1375 40.31445, -110.137 40.31019, -110.1365 40.31245, -110.136 40.32138, -110.1355 40.33626, -110.135 40.35552, -110.1345 40.37701, -110.134 40.39827, -110.1335 40.41686, -110.133 40.43072, -110.1325 40.43839, -110.132 40.43927, -110.1315 40.43366, -110.131 40.42274, -110.1305 40.40839, -110.13 40.39298, -110.1295 40.37898, -110.129 40.36868, -110.1285 40.36388, -110.128 40.3656, -110.1275 40.374, -110.127 40.3883, -110.1265 40.40695, -110.126 40.42777, -110.1255 40.44832, -110.125 40.46616, -110.1245 40.47921, -110.124 40.48606, -110.1235 40.48611, -110.123 40.47968, -110.1225 40.46796, -110.122 40.45286, -110.1215 40.43673, -110.121 40.42205, -110.1205 40.41111, -110.12 40.40568, -110.1195 40.40679, -110.119 40.41456, -110.1185 40.42821, -110.118 40.44617, -110.1175 40.46626, -110.117 40.48601, -110.1165 40.50302, -110.116 40.5152, -110.1155 40.52116, -110.115 40.52031, -110.1145 40.51299, -110.114 40.50041, -110.1135 40.48448, -110.113 40.46757, -110.1125 40.45215, -110.112 40.4405, -110.1115 40.43439, -110.111 40.43483, -110.1105 40.44191, -110.11 40.45485, -110.1095 40.47206, -110.109 40.49136, -110.1085 40.51027, -110.108 40.52639, -110.1075 40.53765, -110.107 40.54267, -110.1065 40.54087, -110.106 40.53262, -110.1055 40.51913, -110.105 40.50234, -110.1045 40.4846, -110.104 40.4684, -110.1035 40.45601, -110.103 40.44918, -110.1025 40.4489, -110.102 40.45526, -110.1015 40.46746, -110.101 40.48389, -110.1005 40.50236, -110.1 40.52041, -110.0995 40.53561, -110.099 40.54592, -110.0985 40.54997, -110.098 40.5472, -110.0975 40.53799, -110.097 40.52358, -110.0965 40.5059, -110.096 40.48732, -110.0955 40.47032, -110.095 40.45717, -110.0945 40.44961, -110.094 40.4486, -110.0935 40.45424, -110.093 40.46569, -110.0925 40.48133, -110.092 40.49896, -110.0915 40.51613, -110.091 40.53041, -110.0905 40.53977, -110.09 40.54285, -110.0895 40.53912, -110.089 40.52896, -110.0885 40.51362, -110.088 40.49506, -110.0875 40.47564, -110.087 40.45785, -110.0865 40.44396, -110.086 40.43567, -110.0855 40.43396, -110.085 40.43887, -110.0845 40.44958, -110.084 40.46445, -110.0835 40.48127, -110.083 40.49758, -110.0825 40.51096, -110.082 40.51939, -110.0815 40.52152, -110.081 40.51684, -110.0805 40.50576, -110.08 40.48953, -110.0795 40.47011, -110.079 40.44989, -110.0785 40.43135, -110.078 40.41674, -110.0775 40.40777, -110.077 40.40538, -110.0765 40.40961, -110.076 40.41962, -110.0755 40.43375, -110.075 40.4498, -110.0745 40.46529, -110.074 40.47781, -110.0735 40.48536, -110.073 40.4866, -110.0725 40.48102, -110.072 40.46906, -110.0715 40.45199, -110.071 40.43178, -110.0705 40.41081, -110.07 40.39157, -110.0695 40.3763, -110.069 40.36669, -110.0685 40.36369, -110.068 40.36731, -110.0675 40.37667, -110.067 40.39014, -110.0665 40.40547, -110.066 40.42021, -110.0655 40.43194, -110.065 40.43868, -110.0645 40.43908, -110.064 40.43268, -110.0635 40.41992, -110.063 40.40208, -110.0625 40.38114, -110.062 40.3595, -110.0615 40.33964, -110.061 40.32379, -110.0605 40.31364, -110.06 40.3101, -110.0595 40.31318, -110.059 40.32199, -110.0585 40.33486, -110.058 40.34957, -110.0575 40.36364, -110.057 40.37468, -110.0565 40.38068, -110.056 40.38035, -110.0555 40.37321, -110.055 40.35974, -110.0545 40.34122, -110.054 40.31966, -110.0535 40.29745, -110.053 40.27706, -110.0525 40.26073, -110.052 40.25013, -110.0515 40.24615, -110.051 40.24879, -110.0505 40.25715, -110.05 40.26954, -110.0495 40.28373, -110.049 40.29723, -110.0485 40.30767, -110.048 40.31305, -110.0475 40.31209, -110.047 40.30433, -110.0465 40.29025, -110.046 40.27117, -110.0455 40.2491, -110.045 40.22642, -110.0445 40.20563, -110.044 40.18893, -110.0435 40.17799, -110.043 40.1737, -110.0425 40.17602, -110.042 40.18403, -110.0415 40.19605, -110.041 40.20984, -110.0405 40.2229, -110.04 40.23286, -110.0395 40.23774, -110.039 40.23627, -110.0385 40.22801, -110.038 40.21345, -110.0375 40.19394, -110.037 40.17147, -110.0365 40.14847, -110.036 40.12739, -110.0355 40.11045, -110.035 40.09931, -110.0345 40.09482, -110.034 40.09695, -110.0335 40.10476, -110.033 40.11654, -110.0325 40.13005, -110.032 40.1428, -110.0315 40.15241, -110.031 40.15692, -110.0305 40.15507, -110.03 40.14645, -110.0295 40.13155, -110.029 40.11173, -110.0285 40.08902, -110.028 40.06581, -110.0275 40.04459, -110.027 40.02755, -110.0265 40.01634, -110.026 40.0118, -110.0255 40.01387, -110.025 40.02161, -110.0245 40.03329, -110.024 40.04666, -110.0235 40.05924, -110.023 40.06865, -110.0225 40.07294, -110.022 40.07085, -110.0215 40.062, -110.021 40.0469, -110.0205 40.02693, -110.02 40.0041, -110.0195 39.98084, -110.019 39.95961, -110.0185 39.94262, -110.018 39.93148, -110.0175 39.92703, -110.017 39.92919, -110.0165 39.937, -110.016 39.94873, -110.0155 39.9621, -110.015 39.97465, -110.0145 39.98399, -110.014 39.9882, -110.0135 39.98602, -110.013 39.97709, -110.0125 39.96194, -110.012 39.94195, -110.0115 39.91916, -110.011 39.89599, -110.0105 39.8749, -110.01 39.8581, -110.0095 39.84718, -110.009 39.84296, -110.0085 39.84535, -110.008 39.85338, -110.0075 39.86529, -110.007 39.87882, -110.0065 39.89147, -110.006 39.9009, -110.0055 39.90516, -110.005 39.90303, -110.0045 39.89416, -110.004 39.8791, -110.0035 39.85924, -110.003 39.83663, -110.0025 39.81369, -110.002 39.79289, -110.0015 39.77641, -110.001 39.76585, -110.0005 39.76201, -110 39.76478, -109.9995 39.77316, -109.999 39.78539, -109.9985 39.79921, -109.998 39.81212, -109.9975 39.82176, -109.997 39.82622, -109.9965 39.82428, -109.996 39.81561, -109.9955 39.80077, -109.995 39.78118, -109.9945 39.75888, -109.994 39.73631, -109.9935 39.71594, -109.993 39.69992, -109.9925 39.68986, -109.992 39.68652, -109.9915 39.6898, -109.991 39.69866, -109.9905 39.71135, -109.99 39.72559, -109.9895 39.73888, -109.989 39.74887, -109.9885 39.75365, -109.988 39.75203, -109.9875 39.74369, -109.987 39.7292, -109.9865 39.71, -109.986 39.68815, -109.9855 39.66608, -109.985 39.64625, -109.9845 39.63082, -109.984 39.62137, -109.9835 39.61867, -109.983 39.62257, -109.9825 39.63205, -109.982 39.64531, -109.9815 39.66008, -109.981 39.67387, -109.9805 39.68433, -109.98 39.68955, -109.9795 39.68837, -109.979 39.68047, -109.9785 39.66645, -109.978 39.64776, -109.9775 39.62646, -109.977 39.605, -109.9765 39.58583, -109.976 39.5711, -109.9755 39.56238, -109.975 39.56042, -109.9745 39.56505, -109.974 39.57524, -109.9735 39.58919, -109.973 39.6046, -109.9725 39.61899, -109.972 39.63001, -109.9715 39.63577, -109.971 39.63513, -109.9705 39.62777, -109.97 39.61432, -109.9695 39.59623, -109.969 39.57559, -109.9685 39.55483, -109.968 39.53641, -109.9675 39.52248, -109.967 39.51458, -109.9665 39.51344, -109.966 39.5189, -109.9655 39.52989, -109.965 39.5446, -109.9645 39.56074, -109.964 39.57581, -109.9635 39.58748, -109.963 39.59387, -109.9625 39.59384, -109.962 39.5871, -109.9615 39.5743, -109.961 39.5569, -109.9605 39.53699, -109.96 39.51701, -109.9595 39.49942, -109.959 39.48635, -109.9585 39.47934, -109.958 39.4791, -109.9575 39.48545, -109.957 39.4973, -109.9565 39.51285, -109.956 39.52978, -109.9555 39.5456, -109.955 39.55798, -109.9545 39.56506, -109.954 39.5657, -109.9535 39.55964, -109.953 39.54754, -109.9525 39.53088, -109.952 39.51176, -109.9515 39.49261, -109.951 39.4759, -109.9505 39.46375, -109.95 39.45768, -109.9495 39.45839, -109.949 39.46567, -109.9485 39.47844, -109.948 39.49486, -109.9475 39.51262, -109.947 39.52923, -109.9465 39.54236, -109.946 39.55016, -109.9455 39.55151, -109.945 39.54617, -109.9445 39.53481, -109.944 39.51892, -109.9435 39.50062, -109.943 39.48234, -109.9425 39.46653, -109.942 39.45533, -109.9415 39.45022, -109.941 39.45191, -109.9405 39.46015, -109.94 39.47385, -109.9395 39.49116, -109.939 39.50977, -109.9385 39.52718, -109.938 39.54107, -109.9375 39.54961, -109.937 39.55169, -109.9365 39.54708, -109.936 39.53647, -109.9355 39.52136, -109.935 39.50388, -109.9345 39.48647, -109.934 39.47158, -109.9335 39.46132, -109.933 39.45718, -109.9325 39.45984, -109.932 39.46904, -109.9315 39.48366, -109.931 39.50187, -109.9305 39.52131, -109.93 39.53952, -109.9295 39.55417, -109.929 39.56343, -109.9285 39.56622, -109.928 39.56233, -109.9275 39.55245, -109.927 39.53811, -109.9265 39.52144, -109.926 39.50488, -109.9255 39.49089, -109.925 39.48156, -109.9245 39.47836, -109.924 39.48196, -109.9235 39.49209, -109.923 39.50762, -109.9225 39.52668, -109.922 39.54694, -109.9215 39.56591, -109.921 39.58128, -109.9205 39.59123, -109.92 39.5947, -109.9195 39.59148, -109.919 39.5823, -109.9185 39.56869, -109.918 39.55278, -109.9175 39.53704, -109.917 39.52389, -109.9165 39.51544, -109.916 39.51314, -109.9155 39.51764, -109.915 39.52865, -109.9145 39.54503, -109.914 39.56489, -109.9135 39.58591, -109.913 39.60558, -109.9125 39.62162, -109.912 39.6322, -109.9115 39.63629, -109.911 39.63369, -109.9105 39.62514, -109.91 39.6122, -109.9095 39.597, -109.909 39.582, -109.9085 39.56964, -109.908 39.562, -109.9075 39.56053, -109.907 39.56585, -109.9065 39.57767, -109.906 39.59482, -109.9055 39.61541, -109.905 39.63711, -109.9045 39.65741, -109.904 39.67403, -109.9035 39.68517, -109.903 39.68979, -109.9025 39.68773, -109.902 39.67974, -109.9015 39.66737, -109.901 39.65279, -109.9005 39.63845, -109.9 39.62679, -109.8995 39.61987, -109.899 39.61914, -109.8985 39.6252, -109.898 39.63774, -109.8975 39.65557, -109.897 39.6768, -109.8965 39.69907, -109.896 39.71991, -109.8955 39.73702, -109.895 39.74861, -109.8945 39.75367, -109.894 39.75204, -109.8935 39.7445, -109.893 39.73262, -109.8925 39.71855, -109.892 39.70477, -109.8915 39.6937, -109.891 39.6874, -109.8905 39.68731, -109.89 39.69399, -109.8895 39.70713, -109.889 39.72553, -109.8885 39.74728, -109.888 39.77003, -109.8875 39.79128, -109.887 39.80876, -109.8865 39.8207, -109.886 39.82607, -109.8855 39.82477, -109.885 39.81756, -109.8845 39.80604, -109.884 39.79238, -109.8835 39.77903, -109.883 39.76843, -109.8825 39.76263, -109.882 39.76304, -109.8815 39.77023, -109.881 39.78385, -109.8805 39.8027, -109.88 39.82485, -109.8795 39.84794, -109.879 39.86948, -109.8785 39.88721, -109.878 39.89935, -109.8775 39.90492, -109.877 39.90381, -109.8765 39.89681, -109.876 39.88552, -109.8755 39.87212, -109.875 39.85908, -109.8745 39.84883, -109.874 39.84339, -109.8735 39.84418, -109.873 39.85173, -109.8725 39.8657, -109.872 39.88486, -109.8715 39.90726, -109.871 39.93056, -109.8705 39.95226, -109.87 39.97009, -109.8695 39.98231, -109.869 39.98793, -109.8685 39.98687, -109.868 39.97994, -109.8675 39.96874, -109.867 39.95548, -109.8665 39.94261, -109.866 39.93255, -109.8655 39.92734, -109.865 39.92836, -109.8645 39.93615, -109.864 39.95032, -109.8635 39.96964, -109.863 39.99217, -109.8625 40.01553, -109.862 40.03724, -109.8615 40.05503, -109.861 40.06718, -109.8605 40.07272, -109.86 40.07156, -109.8595 40.06456, -109.859 40.05331, -109.8585 40.04004, -109.858 40.02719, -109.8575 40.01719, -109.857 40.01207, -109.8565 40.01318, -109.856 40.02105, -109.8555 40.03528, -109.855 40.05462, -109.8545 40.07712, -109.854 40.1004, -109.8535 40.12197, -109.853 40.13959, -109.8525 40.15152, -109.852 40.15683, -109.8515 40.15544, -109.851 40.14821, -109.8505 40.13678, -109.85 40.12335, -109.8495 40.11038, -109.849 40.1003, -109.8485 40.09511, -109.848 40.09617, -109.8475 40.10399, -109.847 40.11814, -109.8465 40.13736, -109.846 40.15968, -109.8455 40.18274, -109.845 40.20403, -109.8445 40.22133, -109.844 40.23291, -109.8435 40.23783, -109.843 40.23607, -109.8425 40.22849, -109.842 40.21672, -109.8415 40.203, -109.841 40.18978, -109.8405 40.17947, -109.84 40.17409, -109.8395 40.17496, -109.839 40.18257, -109.8385 40.1965, -109.838 40.21546, -109.8375 40.23748, -109.837 40.26018, -109.8365 40.28106, -109.836 40.29789, -109.8355 40.30898, -109.835 40.3134, -109.8345 40.31114, -109.834 40.30306, -109.8335 40.29083, -109.833 40.27668, -109.8325 40.26308, -109.832 40.25242, -109.8315 40.24671, -109.831 40.24726, -109.8305 40.25455, -109.83 40.26813, -109.8295 40.2867, -109.829 40.30829, -109.8285 40.3305, -109.828 40.35084, -109.8275 40.36709, -109.827 40.37756, -109.8265 40.38135, -109.826 40.37846, -109.8255 40.36977, -109.825 40.35696, -109.8245 40.34227, -109.824 40.32816, -109.8235 40.31703, -109.823 40.31087, -109.8225 40.31099, -109.822 40.31784, -109.8215 40.33096, -109.821 40.34903, -109.8205 40.37007, -109.82 40.39167, -109.8195 40.41137, -109.819 40.42692, -109.8185 40.43667, -109.818 40.43973, -109.8175 40.43609, -109.817 40.42669, -109.8165 40.4132, -109.816 40.39785, -109.8155 40.38314, -109.815 40.37144, -109.8145 40.36473, -109.814 40.36432, -109.8135 40.37063, -109.813 40.38318, -109.8125 40.40066, -109.812 40.42105, -109.8115 40.44196, -109.811 40.46091, -109.8105 40.47568, -109.81 40.48461, -109.8095 40.48683, -109.809 40.48238, -109.8085 40.47217, -109.808 40.4579, -109.8075 40.44183, -109.807 40.42642, -109.8065 40.41407, -109.806 40.40674, -109.8055 40.4057, -109.805 40.41139, -109.8045 40.42331, -109.804 40.4401, -109.8035 40.45977, -109.803 40.47991, -109.8025 40.49804, -109.802 40.51195, -109.8015 40.51999, -109.801 40.52132, -109.8005 40.51597, -109.8 40.50489, -109.7995 40.48978, -109.799 40.47291, -109.7985 40.45675, -109.798 40.44368, -109.7975 40.43566, -109.797 40.43395, -109.7965 40.43896, -109.796 40.45018, -109.7955 40.46624, -109.795 40.48513, -109.7945 40.50444, -109.794 40.5217, -109.7935 40.53469, -109.793 40.5418, -109.7925 40.54218, -109.792 40.53589, -109.7915 40.52389, -109.791 40.50791, -109.7905 40.4902, -109.79 40.47324, -109.7895 40.45942, -109.789 40.45067, -109.7885 40.44825, -109.788 40.45255, -109.7875 40.46303, -109.787 40.47832, -109.7865 40.4964, -109.786 40.51486, -109.7855 40.53121, -109.785 40.54327, -109.7845 40.54941, -109.784 40.54882, -109.7835 40.54157, -109.783 40.52863, -109.7825 40.51175, -109.782 40.49318, -109.7815 40.47542, -109.781 40.46082, -109.7805 40.45133, -109.78 40.44819, -109.7795 40.45176, -109.779 40.46149, -109.7785 40.47601, -109.778 40.49328, -109.7775 40.51086, -109.777 40.52631, -109.7765 40.53742, -109.776 40.5426, -109.7755 40.54104, -109.775 40.53283, -109.7745 40.51896, -109.774 40.50118, -109.7735 40.48176, -109.773 40.4632, -109.7725 40.44784, -109.772 40.43763, -109.7715 40.43377, -109.771 40.43662, -109.7705 40.44563, -109.77 40.45939, -109.7695 40.47585, -109.769 40.49259, -109.7685 40.50715, -109.768 40.51734, -109.7675 40.52158, -109.767 40.51907, -109.7665 40.50992, -109.766 40.49515, -109.7655 40.4765, -109.765 40.45627, -109.7645 40.43693, -109.764 40.42085, -109.7635 40.40994, -109.763 40.4054, -109.7625 40.40758, -109.762 40.41589, -109.7615 40.42893, -109.761 40.44463, -109.7605 40.46057, -109.76 40.47428, -109.7595 40.4836, -109.759 40.48694, -109.7585 40.48353, -109.758 40.4735, -109.7575 40.45787, -109.757 40.43841, -109.7565 40.41742, -109.756 40.39736, -109.7555 40.38061, -109.755 40.36906, -109.7545 40.36391, -109.754 40.36547, -109.7535 40.37315, -109.753 40.38553, -109.7525 40.40053, -109.752 40.41573, -109.7515 40.42866, -109.751 40.43717, -109.7505 40.43969, -109.75 40.43545, -109.7495 40.42461, -109.749 40.4082, -109.7485 40.38801, -109.748 40.36632, -109.7475 40.34563, -109.747 40.32829, -109.7465 40.31618, -109.746 40.31049, -109.7455 40.31152, -109.745 40.31865, -109.7445 40.33045, -109.744 40.34484, -109.7435 40.35938, -109.743 40.37162, -109.7425 40.37941, -109.742 40.38119, -109.7415 40.37622, -109.741 40.36465, -109.7405 40.34756, -109.74 40.32672, -109.7395 40.30444, -109.739 40.28321, -109.7385 40.26538, -109.738 40.25281, -109.7375 40.24668, -109.737 40.24727, -109.7365 40.25396, -109.736 40.26528, -109.7355 40.27916, -109.735 40.29315, -109.7345 40.30481, -109.734 40.31198, -109.7335 40.31313, -109.733 40.30753, -109.7325 40.29535, -109.732 40.27768, -109.7315 40.25631, -109.731 40.23356, -109.7305 40.2119, -109.73 40.19369, -109.7295 40.18078, -109.729 40.17433, -109.7285 40.1746, -109.728 40.18095, -109.7275 40.19192, -109.727 40.2054, -109.7265 40.21897, -109.726 40.23015, -109.7255 40.23683, -109.725 40.23747, -109.7245 40.23136, -109.724 40.21871, -109.7235 40.20058, -109.723 40.17881, -109.7225 40.1557, -109.722 40.13375, -109.7215 40.11528, -109.721 40.10216, -109.7205 40.09551, -109.72 40.09559, -109.7195 40.10174, -109.719 40.11248, -109.7185 40.12571, -109.718 40.13897, -109.7175 40.14982, -109.717 40.15613, -109.7165 40.1564, -109.716 40.14992, -109.7155 40.13691, -109.715 40.11847, -109.7145 40.09643, -109.714 40.07311, -109.7135 40.05099, -109.713 40.03241, -109.7125 40.01921, -109.712 40.01251, -109.7115 40.01254, -109.711 40.01862, -109.7105 40.02927, -109.71 40.04237, -109.7095 40.05547, -109.709 40.06613, -109.7085 40.07222, -109.708 40.07225, -109.7075 40.06554, -109.707 40.05232, -109.7065 40.0337, -109.706 40.01154, -109.7055 39.98814, -109.705 39.96601, -109.7045 39.94746, -109.704 39.93432, -109.7035 39.92771, -109.703 39.92783, -109.7025 39.93399, -109.702 39.9447, -109.7015 39.95781, -109.701 39.97089, -109.7005 39.9815, -109.7 39.98751, -109.6995 39.98745, -109.699 39.98065, -109.6985 39.96737, -109.698 39.94872, -109.6975 39.92658, -109.697 39.90326, -109.6965 39.88125, -109.696 39.86287, -109.6955 39.84995, -109.695 39.84356, -109.6945 39.84392, -109.694 39.8503, -109.6935 39.8612, -109.693 39.87448, -109.6925 39.88769, -109.692 39.89838, -109.6915 39.90445, -109.691 39.90445, -109.6905 39.8977, -109.69 39.8845, -109.6895 39.86597, -109.689 39.84398, -109.6885 39.82088, -109.688 39.79914, -109.6875 39.78108, -109.687 39.76851, -109.6865 39.76249, -109.686 39.76322, -109.6855 39.76997, -109.685 39.78121, -109.6845 39.79479, -109.684 39.80825, -109.6835 39.81917, -109.683 39.82545, -109.6825 39.82563, -109.682 39.81909, -109.6815 39.80609, -109.681 39.78782, -109.6805 39.76613, -109.68 39.74338, -109.6795 39.72205, -109.679 39.70444, -109.6785 39.69235, -109.678 39.68684, -109.6775 39.68808, -109.677 39.69533, -109.6765 39.70703, -109.676 39.72104, -109.6755 39.7349, -109.675 39.74617, -109.6745 39.75278, -109.674 39.75328, -109.6735 39.74706, -109.673 39.73441, -109.6725 39.71651, -109.672 39.69525, -109.6715 39.67298, -109.671 39.65218, -109.6705 39.63515, -109.67 39.62367, -109.6695 39.61879, -109.669 39.62066, -109.6685 39.62852, -109.668 39.64081, -109.6675 39.65537, -109.667 39.66974, -109.6665 39.68148, -109.666 39.68854, -109.6655 39.68948, -109.665 39.68369, -109.6645 39.67151, -109.664 39.6541, -109.6635 39.63338, -109.663 39.6117, -109.6625 39.59155, -109.662 39.5752, -109.6615 39.56444, -109.661 39.5603, -109.6605 39.56291, -109.66 39.57149, -109.6595 39.58447, -109.659 39.59968, -109.6585 39.61466, -109.658 39.62699, -109.6575 39.63459, -109.657 39.63607, -109.6565 39.63082, -109.656 39.61919, -109.6555 39.60238, -109.655 39.5823, -109.6545 39.5613, -109.654 39.54188, -109.6535 39.52632, -109.653 39.51638, -109.6525 39.51306, -109.652 39.51649, -109.6515 39.52588, -109.651 39.53964, -109.6505 39.55559, -109.65 39.57127, -109.6495 39.58426, -109.649 39.5925, -109.6485 39.59458, -109.648 39.58995, -109.6475 39.57896, -109.647 39.56282, -109.6465 39.54346, -109.646 39.52323, -109.6455 39.50462, -109.645 39.48991, -109.6445 39.48085, -109.644 39.47844, -109.6435 39.48276, -109.643 39.49303, -109.6425 39.50763, -109.642 39.52439, -109.6415 39.54083, -109.641 39.55453, -109.6405 39.56346, -109.64 39.56623, -109.6395 39.56228, -109.639 39.55198, -109.6385 39.53657, -109.638 39.51797, -109.6375 39.49856, -109.637 39.48082, -109.6365 39.46702, -109.636 39.45889, -109.6355 39.45742, -109.635 39.46269, -109.6345 39.47388, -109.634 39.48937, -109.6335 39.50697, -109.633 39.52421, -109.6325 39.53868, -109.632 39.54834, -109.6315 39.55181, -109.631 39.54858, -109.6305 39.53901, -109.63 39.52436, -109.6295 39.50656, -109.629 39.488, -109.6285 39.47116, -109.628 39.45829, -109.6275 39.45113, -109.627 39.45063, -109.6265 39.45686, -109.626 39.46899, -109.6255 39.48539, -109.625 39.50385, -109.6245 39.52191, -109.624 39.53715, -109.6235 39.54756, -109.623 39.55176, -109.6225 39.54925, -109.622 39.54042, -109.6215 39.52654, -109.621 39.50956, -109.6205 39.49186, -109.62 39.47591, -109.6195 39.46398, -109.619 39.45778, -109.6185 39.45825, -109.618 39.46545, -109.6175 39.47852, -109.617 39.49582, -109.6165 39.51514, -109.616 39.534, -109.6155 39.55001, -109.615 39.56115, -109.6145 39.56607, -109.614 39.56427, -109.6135 39.55617, -109.613 39.54305, -109.6125 39.52686, -109.612 39.50999, -109.6115 39.49493, -109.611 39.48392, -109.6105 39.47866, -109.61 39.48007, -109.6095 39.48821, -109.609 39.50219, -109.6085 39.52036, -109.608 39.54051, -109.6075 39.56015, -109.607 39.57689, -109.6065 39.58873, -109.606 39.59433, -109.6055 39.5932, -109.605 39.58579, -109.6045 39.57338, -109.604 39.55795, -109.6035 39.54188, -109.603 39.52766, -109.6025 39.51752, -109.602 39.51315, -109.6015 39.51547, -109.601 39.52449, -109.6005 39.53933, -109.6 39.55832, -109.5995 39.57924, -109.599 39.59961, -109.5985 39.61703, -109.598 39.6295, -109.5975 39.63572, -109.597 39.63521, -109.5965 39.62843, -109.596 39.61668, -109.5955 39.60194, -109.595 39.5866, -109.5945 39.57315, -109.594 39.56381, -109.5935 39.56027, -109.593 39.56342, -109.5925 39.57325, -109.592 39.58888, -109.5915 39.60862, -109.591 39.63023, -109.5905 39.65124, -109.59 39.66926, -109.5895 39.6823, -109.589 39.68906, -109.5885 39.68908, -109.588 39.68285, -109.5875 39.67166, -109.587 39.65753, -109.5865 39.64284, -109.586 39.63008, -109.5855 39.62146, -109.585 39.61865, -109.5845 39.62254, -109.584 39.6331, -109.5835 39.64942, -109.583 39.6698, -109.5825 39.69202, -109.582 39.71358, -109.5815 39.73209, -109.581 39.7456, -109.5805 39.7528, -109.58 39.75326, -109.5795 39.74746, -109.579 39.73675, -109.5785 39.72312, -109.578 39.70898, -109.5775 39.6968, -109.577 39.68879, -109.5765 39.68661, -109.576 39.69113, -109.5755 39.7023, -109.575 39.7192, -109.5745 39.74013, -109.574 39.76283, -109.5735 39.78482, -109.573 39.80373, -109.5725 39.81758, -109.572 39.8251, -109.5715 39.82588, -109.571 39.82042, -109.5705 39.81006, -109.57 39.79681, -109.5695 39.7831, -109.569 39.77138, -109.5685 39.76386, -109.568 39.76219, -109.5675 39.76721, -109.567 39.77888, -109.5665 39.79623, -109.566 39.81757, -109.5655 39.84063, -109.565 39.86293, -109.5645 39.8821, -109.564 39.89617, -109.5635 39.90389, -109.563 39.90486, -109.5625 39.89959, -109.562 39.88945, -109.5615 39.87647, -109.561 39.86305, -109.5605 39.85166, -109.56 39.8445, -109.5595 39.8432, -109.559 39.8486, -109.5585 39.86062, -109.558 39.8783, -109.5575 39.89991, -109.557 39.9232, -109.5565 39.94567, -109.556 39.96495, -109.5555 39.9791, -109.555 39.98688, -109.5545 39.9879, -109.554 39.9827, -109.5535 39.97265, -109.553 39.95978, -109.5525 39.94651, -109.552 39.93532, -109.5515 39.92838, -109.551 39.92731, -109.5505 39.93294, -109.55 39.94518, -109.5495 39.96304, -109.549 39.98479, -109.5485 40.00815, -109.548 40.03065, -109.5475 40.04991, -109.547 40.064, -109.5465 40.0717, -109.546 40.07262, -109.5455 40.06734, -109.545 40.05723, -109.5445 40.04434, -109.544 40.03108, -109.5435 40.01993, -109.543 40.01307, -109.5425 40.0121, -109.542 40.01781, -109.5415 40.03012, -109.541 40.04802, -109.5405 40.06975, -109.54 40.09305, -109.5395 40.11543, -109.539 40.13453, -109.5385 40.14841, -109.538 40.15588, -109.5375 40.15657, -109.537 40.15106, -109.5365 40.14075, -109.536 40.12769, -109.5355 40.11431, -109.535 40.10307, -109.5345 40.09614, -109.534 40.09511, -109.5335 40.10077, -109.533 40.113, -109.5325 40.13079, -109.532 40.15237, -109.5315 40.17547, -109.531 40.19759, -109.5305 40.21637, -109.53 40.22991, -109.5295 40.23701, -109.529 40.23733, -109.5285 40.23145, -109.528 40.2208, -109.5275 40.20743, -109.527 40.19378, -109.5265 40.18231, -109.526 40.17517, -109.5255 40.17395, -109.525 40.17942, -109.5245 40.19144, -109.524 40.20899, -109.5235 40.23028, -109.523 40.25303, -109.5225 40.27475, -109.522 40.29309, -109.5215 40.30615, -109.521 40.31274, -109.5205 40.31255, -109.52 40.30618, -109.5195 40.29505, -109.519 40.28125, -109.5185 40.2672, -109.518 40.25536, -109.5175 40.24789, -109.517 40.24635, -109.5165 40.2515, -109.516 40.26318, -109.5155 40.28036, -109.515 40.30123, -109.5145 40.32351, -109.514 40.34471, -109.5135 40.36247, -109.513 40.37493, -109.5125 40.38089, -109.512 40.38007, -109.5115 40.37308, -109.511 40.36136, -109.5105 40.347, -109.51 40.33244, -109.5095 40.32012, -109.509 40.3122, -109.5085 40.31023, -109.508 40.31494, -109.5075 40.32616, -109.507 40.34285, -109.5065 40.36319, -109.506 40.38488, -109.5055 40.40545, -109.505 40.42253, -109.5045 40.43427, -109.504 40.4395, -109.5035 40.43794, -109.503 40.43022, -109.5025 40.41781, -109.502 40.40279, -109.5015 40.38761, -109.501 40.37471, -109.5005 40.36623, -109.5 40.36372, -109.4995 40.3679, -109.499 40.37857, -109.4985 40.39467, -109.498 40.41438, -109.4975 40.4354, -109.497 40.45523, -109.4965 40.47154, -109.496 40.48247, -109.4955 40.48687, -109.495 40.48448, -109.4945 40.47595, -109.494 40.46276, -109.4935 40.44699, -109.493 40.4311, -109.4925 40.41754, -109.492 40.40843, -109.4915 40.4053, -109.491 40.40886, -109.4905 40.4189, -109.49 40.43434, -109.4895 40.45334, -109.489 40.4736, -109.4885 40.49262, -109.488 40.50809, -109.4875 40.51813, -109.487 40.52164, -109.4865 40.51836, -109.486 40.50895, -109.4855 40.4949, -109.485 40.47833, -109.4845 40.46167, -109.484 40.44738, -109.4835 40.43757, -109.483 40.43377, -109.4825 40.43665, -109.482 40.446, -109.4815 40.46071, -109.481 40.47895, -109.4805 40.4984, -109.48 40.51657, -109.4795 40.53113, -109.479 40.54024, -109.4785 40.5428, -109.478 40.53858, -109.4775 40.52824, -109.477 40.5133, -109.4765 40.49588, -109.476 40.47841, -109.4755 40.46335, -109.475 40.45282, -109.4745 40.44829, -109.474 40.45046, -109.4735 40.45909, -109.473 40.47304, -109.4725 40.49049, -109.472 40.50909, -109.4715 40.52637, -109.471 40.54, -109.4705 40.54816, -109.47 40.54975, -109.4695 40.54456, -109.469 40.53328, -109.4685 40.51742, -109.468 40.49913, -109.4675 40.48084, -109.467 40.465, -109.4665 40.45371, -109.466 40.44846, -109.4655 40.44991, -109.465 40.45779, -109.4645 40.47098, -109.464 40.48762, -109.4635 40.50538, -109.463 40.52176, -109.4625 40.53447, -109.462 40.54167, -109.4615 40.54228, -109.461 40.53612, -109.4605 40.5239, -109.46 40.50714, -109.4595 40.48798, -109.459 40.46887, -109.4585 40.45226, -109.458 40.44023, -109.4575 40.43427, -109.457 40.435, -109.4565 40.44216, -109.456 40.4546, -109.4555 40.47045, -109.455 40.48738, -109.4545 40.50289, -109.454 40.51468, -109.4535 40.52094, -109.453 40.52061, -109.4525 40.51351, -109.452 40.50037, -109.4515 40.48273, -109.451 40.46273, -109.4505 40.44284, -109.45 40.42549, -109.4495 40.41276, -109.449 40.40611, -109.4485 40.40617, -109.448 40.41265, -109.4475 40.42438, -109.447 40.43948, -109.4465 40.45562, -109.446 40.47029, -109.4455 40.48122, -109.445 40.48659, -109.4445 40.48536, -109.444 40.47737, -109.4435 40.46336, -109.443 40.4449, -109.4425 40.42412, -109.442 40.4035, -109.4415 40.38546, -109.441 40.37209, -109.4405 40.36482, -109.44 40.36426, -109.4395 40.37011, -109.439 40.38119, -109.4385 40.39561, -109.438 40.41102, -109.4375 40.42493, -109.437 40.43505, -109.4365 40.4396, -109.436 40.43754, -109.4355 40.42873, -109.435 40.41394, -109.4345 40.39472, -109.434 40.37324, -109.4335 40.35196, -109.433 40.33332, -109.4325 40.31938, -109.432 40.31157, -109.4315 40.31048, -109.431 40.31579, -109.4305 40.3263, -109.43 40.34012, -109.4295 40.35488, -109.429 40.36811, -109.4285 40.37752, -109.428 40.38134, -109.4275 40.37854, -109.427 40.369, -109.4265 40.35351, -109.426 40.33363, -109.4255 40.31154, -109.425 40.28971, -109.4245 40.27056, -109.424 40.25616, -109.4235 40.2479, -109.423 40.24637, -109.4225 40.25124, -109.422 40.26129, -109.4215 40.27461, -109.421 40.28884, -109.4205 40.30149, -109.42 40.31029, -109.4195 40.31348, -109.419 40.31005, -109.4185 40.2999, -109.418 40.28381, -109.4175 40.26339, -109.417 40.24081, -109.4165 40.21853, -109.416 40.19899, -109.4155 40.18423, -109.415 40.17565, -109.4145 40.1738, -109.414 40.17834, -109.4135 40.18804, -109.413 40.20098, -109.4125 40.21479, -109.412 40.22699, -109.4115 40.2353, -109.411 40.23798, -109.4105 40.23405, -109.41 40.2234, -109.4095 40.20685, -109.409 40.186, -109.4085 40.16305, -109.408 40.14047, -109.4075 40.12066, -109.407 40.10567, -109.4065 40.09689, -109.406 40.09486, -109.4055 40.0992, -109.405 40.10868, -109.4045 40.12137, -109.404 40.13489, -109.4035 40.14676, -109.403 40.15472, -109.4025 40.15703, -109.402 40.15272, -109.4015 40.14171, -109.401 40.12483, -109.4005 40.1037, -109.4 40.08052, -109.3995 40.05776, -109.399 40.03782, -109.3985 40.02275, -109.398 40.0139, -109.3975 40.01182, -109.397 40.0161, -109.3965 40.0255, -109.396 40.03808, -109.3955 40.05145, -109.395 40.06314, -109.3945 40.07088, -109.394 40.07296, -109.3935 40.06841, -109.393 40.05718, -109.3925 40.04012, -109.392 40.01885, -109.3915 39.99558, -109.391 39.97278, -109.3905 39.95286, -109.39 39.93784, -109.3895 39.92908, -109.389 39.92708, -109.3885 39.93145, -109.388 39.94092, -109.3875 39.95352, -109.387 39.96688, -109.3865 39.97853, -109.386 39.9862, -109.3855 39.98819, -109.385 39.98355, -109.3845 39.97225, -109.384 39.95514, -109.3835 39.93388, -109.383 39.91066, -109.3825 39.88797, -109.382 39.86821, -109.3815 39.85339, -109.381 39.84485, -109.3805 39.8431, -109.38 39.84769, -109.3795 39.85736, -109.379 39.87014, -109.3785 39.88364, -109.378 39.89538, -109.3775 39.90312, -109.377 39.90517, -109.3765 39.90058, -109.376 39.88935, -109.3755 39.87235, -109.375 39.85123, -109.3745 39.82821, -109.374 39.80577, -109.3735 39.78631, -109.373 39.77184, -109.3725 39.76367, -109.372 39.76228, -109.3715 39.76725, -109.371 39.77726, -109.3705 39.79035, -109.37 39.80413, -109.3695 39.81611, -109.369 39.82406, -109.3685 39.82629, -109.368 39.8219, -109.3675 39.81088, -109.367 39.79411, -109.3665 39.77327, -109.366 39.75059, -109.3655 39.72854, -109.365 39.70952, -109.3645 39.69552, -109.364 39.68785, -109.3635 39.68698, -109.363 39.69245, -109.3625 39.70294, -109.362 39.71647, -109.3615 39.73065, -109.361 39.743, -109.3605 39.75128, -109.36 39.75384, -109.3595 39.74977, -109.359 39.73908, -109.3585 39.72268, -109.358 39.70225, -109.3575 39.68003, -109.357 39.6585, -109.3565 39.64004, -109.356 39.62664, -109.3555 39.6196, -109.355 39.61936, -109.3545 39.62545, -109.354 39.63653, -109.3535 39.65063, -109.353 39.66533, -109.3525 39.67816, -109.352 39.68691, -109.3515 39.6899, -109.351 39.68626, -109.3505 39.67603, -109.35 39.66011, -109.3495 39.64021, -109.349 39.61856, -109.3485 39.59765, -109.348 39.57987, -109.3475 39.56718, -109.347 39.56088, -109.3465 39.56137, -109.346 39.56819, -109.3455 39.57998, -109.345 39.59474, -109.3445 39.61007, -109.344 39.62349, -109.3435 39.63279, -109.343 39.63632, -109.3425 39.63322, -109.342 39.62353, -109.3415 39.60819, -109.341 39.58891, -109.3405 39.56794, -109.34 39.54775, -109.3395 39.53074, -109.339 39.51886, -109.3385 39.51337, -109.338 39.5147, -109.3375 39.52233, -109.337 39.53491, -109.3365 39.55042, -109.336 39.56646, -109.3355 39.58055, -109.335 39.59049, -109.3345 39.59464, -109.334 39.59215, -109.3335 39.5831, -109.333 39.56842, -109.3325 39.54984, -109.332 39.52961, -109.3315 39.51022, -109.331 39.49405, -109.3305 39.48305, -109.33 39.47846, -109.3295 39.48068, -109.329 39.4892, -109.3285 39.50263, -109.328 39.51896, -109.3275 39.53578, -109.327 39.5506, -109.3265 39.56124, -109.326 39.56607, -109.3255 39.56426, -109.325 39.55589, -109.3245 39.54192, -109.324 39.5241, -109.3235 39.50468, -109.323 39.48614, -109.3225 39.47087, -109.322 39.46079, -109.3215 39.45714, -109.321 39.46031, -109.3205 39.46976, -109.32 39.48409, -109.3195 39.50128, -109.319 39.51891, -109.3185 39.5345, -109.318 39.54588, -109.3175 39.55143, -109.317 39.55033, -109.3165 39.54268, -109.316 39.52947, -109.3155 39.51243, -109.315 39.49385, -109.3145 39.47619, -109.314 39.46184, -109.3135 39.45271, -109.313 39.45004, -109.3125 39.45418, -109.312 39.46457, -109.3115 39.47983, -109.311 39.49789, -109.3105 39.51635, -109.31 39.53274, -109.3095 39.54487, -109.309 39.55114, -109.3085 39.55077, -109.308 39.54386, -109.3075 39.5314, -109.307 39.51517, -109.3065 39.49742, -109.306 39.48065, -109.3055 39.46723, -109.305 39.45906, -109.3045 39.45736, -109.304 39.46246, -109.3035 39.4738, -109.303 39.48997, -109.3025 39.50891, -109.302 39.52819, -109.3015 39.54536, -109.301 39.55823, -109.3005 39.56523, -109.3 39.56557, -109.2995 39.55937, -109.299 39.54766, -109.2985 39.53221, -109.298 39.51529, -109.2975 39.49939, -109.297 39.48687, -109.2965 39.47963, -109.296 39.47888, -109.2955 39.48492, -109.295 39.49719, -109.2945 39.51424, -109.294 39.53402, -109.2935 39.5541, -109.293 39.57201, -109.2925 39.58559, -109.292 39.59327, -109.2915 39.59428, -109.291 39.58877, -109.2905 39.57777, -109.29 39.56306, -109.2895 39.54692, -109.289 39.53185, -109.2885 39.52019, -109.288 39.51384, -109.2875 39.51399, -109.287 39.52093, -109.2865 39.53406, -109.286 39.55195, -109.2855 39.57252, -109.285 39.59333, -109.2845 39.61193, -109.284 39.62616, -109.2835 39.63447, -109.283 39.6361, -109.2825 39.63121, -109.282 39.62085, -109.2815 39.60681, -109.281 39.5914, -109.2805 39.57709, -109.28 39.56622, -109.2795 39.5607, -109.279 39.56167, -109.2785 39.56943, -109.278 39.58336, -109.2775 39.60201, -109.277 39.62329, -109.2765 39.64476, -109.276 39.66398, -109.2755 39.67878, -109.275 39.68763, -109.2745 39.6898, -109.274 39.68545, -109.2735 39.67565, -109.273 39.66221, -109.2725 39.64743, -109.272 39.63379, -109.2715 39.62364, -109.271 39.61884, -109.2705 39.62055, -109.27 39.62905, -109.2695 39.64368, -109.269 39.663, -109.2685 39.68489, -109.268 39.70693, -109.2675 39.72666, -109.267 39.74193, -109.2665 39.75123, -109.266 39.75383, -109.2655 39.74992, -109.265 39.74059, -109.2645 39.72764, -109.264 39.71339, -109.2635 39.70032, -109.263 39.69077, -109.2625 39.6866, -109.262 39.68894, -109.2615 39.69806, -109.261 39.71329, -109.2605 39.73315, -109.26 39.75555, -109.2595 39.77804, -109.259 39.79817, -109.2585 39.81381, -109.258 39.82343, -109.2575 39.82635, -109.257 39.82277, -109.2565 39.81378, -109.256 39.8012, -109.2555 39.78736, -109.255 39.77475, -109.2545 39.76568, -109.254 39.76202, -109.2535 39.76487, -109.253 39.77448, -109.2525 39.79018, -109.252 39.81047, -109.2515 39.83325, -109.251 39.85606, -109.2505 39.87646, -109.25 39.89233, -109.2495 39.90216, -109.249 39.90527, -109.2485 39.90188, -109.248 39.8931, -109.2475 39.88077, -109.247 39.86722, -109.2465 39.85492, -109.246 39.84621, -109.2455 39.84291, -109.245 39.84614, -109.2445 39.85611, -109.244 39.87214, -109.2435 39.89273, -109.243 39.91575, -109.2425 39.93875, -109.242 39.95928, -109.2415 39.97524, -109.241 39.98514, -109.2405 39.9883, -109.24 39.98496, -109.2395 39.97626, -109.239 39.96404, -109.2385 39.95063, -109.238 39.93851, -109.2375 39.93001, -109.237 39.92695, -109.2365 39.93041, -109.236 39.9406, -109.2355 39.95683, -109.235 39.97757, -109.2345 40.00068, -109.234 40.02373, -109.2335 40.04425, -109.233 40.06016, -109.2325 40.06998, -109.232 40.07305, -109.2315 40.06963, -109.231 40.06086, -109.2305 40.0486, -109.23 40.03519, -109.2295 40.02312, -109.229 40.01468, -109.2285 40.0117, -109.228 40.01525, -109.2275 40.02553, -109.227 40.0418, -109.2265 40.06254, -109.226 40.08561, -109.2255 40.10855, -109.225 40.12893, -109.2245 40.14465, -109.224 40.15424, -109.2235 40.15707, -109.223 40.15342, -109.2225 40.14444, -109.222 40.13201, -109.2215 40.11845, -109.221 40.10627, -109.2205 40.09776, -109.22 40.09473, -109.2195 40.09823, -109.219 40.10844, -109.2185 40.12462, -109.218 40.14522, -109.2175 40.1681, -109.217 40.1908, -109.2165 40.21088, -109.216 40.22626, -109.2155 40.23548, -109.215 40.23794, -109.2145 40.23392, -109.214 40.22459, -109.2135 40.21184, -109.213 40.19801, -109.2125 40.18558, -109.212 40.17686, -109.2115 40.17363, -109.211 40.17694, -109.2105 40.18695, -109.21 40.20289, -109.2095 40.22322, -109.209 40.24577, -109.2085 40.26809, -109.208 40.28774, -109.2075 40.30265, -109.207 40.31138, -109.2065 40.31333, -109.206 40.3088, -109.2055 40.29899, -109.205 40.28579, -109.2045 40.27155, -109.204 40.25875, -109.2035 40.24969, -109.203 40.24614, -109.2025 40.24913, -109.202 40.2588, -109.2015 40.27439, -109.201 40.29431, -109.2005 40.31641, -109.2 40.33822, -109.1995 40.35731, -109.199 40.37162, -109.1985 40.37973, -109.198 40.38105, -109.1975 40.3759, -109.197 40.36549, -109.1965 40.35172, -109.196 40.33695, -109.1955 40.32366, -109.195 40.31414, -109.1945 40.31015, -109.194 40.3127, -109.1935 40.32193, -109.193 40.33704, -109.1925 40.35644, -109.192 40.37798, -109.1915 40.39917, -109.191 40.41759, -109.1905 40.4312, -109.19 40.43857, -109.1895 40.43915, -109.189 40.43327, -109.1885 40.42216, -109.188 40.40771, -109.1875 40.39231, -109.187 40.37843, -109.1865 40.36834, -109.186 40.36381, -109.1855 40.36584, -109.185 40.37452, -109.1845 40.38905, -109.184 40.40784, -109.1835 40.42871, -109.183 40.44919, -109.1825 40.46685, -109.182 40.47966, -109.1815 40.48621, -109.181 40.48596, -109.1805 40.47926, -109.18 40.46735, -109.1795 40.45215, -109.179 40.43603, -109.1785 40.42147, -109.178 40.41074, -109.1775 40.40559, -109.177 40.407, -109.1765 40.41505, -109.176 40.42893, -109.1755 40.44703, -109.175 40.46716, -109.1745 40.48685, -109.174 40.50367, -109.1735 40.51561, -109.173 40.52127, -109.1725 40.52012, -109.172 40.51253, -109.1715 40.49976, -109.171 40.48373, -109.1705 40.46683, -109.17 40.45153, -109.1695 40.4401, -109.169 40.43427, -109.1685 40.435, -109.168 40.44237, -109.1675 40.45554, -109.167 40.47289, -109.1665 40.49222, -109.166 40.51107, -109.1655 40.52701, -109.165 40.53802, -109.1645 40.54273, -109.164 40.54064, -109.1635 40.53212, -109.163 40.51844, -109.1625 40.50155, -109.162 40.48383, -109.1615 40.46775, -109.161 40.45557, -109.1605 40.44902, -109.16 40.44904, -109.1595 40.45569, -109.159 40.46812, -109.1585 40.48469, -109.158 40.50319, -109.1575 40.52116, -109.157 40.53618, -109.1565 40.54624, -109.156 40.54999, -109.1555 40.54692, -109.155 40.53745, -109.1545 40.52285, -109.154 40.50507, -109.1535 40.48651, -109.153 40.46964, -109.1525 40.45671, -109.152 40.44942, -109.1515 40.44872, -109.151 40.45463, -109.1505 40.46631, -109.15 40.48208, -109.1495 40.49975, -109.149 40.51684, -109.1485 40.53094, -109.148 40.54005, -109.1475 40.54283, -109.147 40.5388, -109.1465 40.52837, -109.146 40.51285, -109.1455 40.49419, -109.145 40.4748, -109.1445 40.45714, -109.144 40.44346, -109.1435 40.43545, -109.143 40.43404, -109.1425 40.43924, -109.142 40.45017, -109.1415 40.46517, -109.141 40.48202, -109.1405 40.49825, -109.14 40.51145, -109.1395 40.51963, -109.139 40.52146, -109.1385 40.51648, -109.138 40.50513, -109.1375 40.48872, -109.137 40.46921, -109.1365 40.44902, -109.136 40.4306, -109.1355 40.41621, -109.135 40.40752, -109.1345 40.40543, -109.134 40.40994, -109.1335 40.42017, -109.133 40.43444, -109.1325 40.45052, -109.132 40.46592, -109.1315 40.47827, -109.131 40.48556, -109.1305 40.4865, -109.13 40.48062, -109.1295 40.4684, -109.129 40.45114, -109.1285 40.43084, -109.128 40.4099, -109.1275 40.39079, -109.127 40.37574, -109.1265 40.36642, -109.126 40.36371, -109.1255 40.36761, -109.125 40.3772, -109.1245 40.39079, -109.124 40.40616, -109.1235 40.42081, -109.123 40.43236, -109.1225 40.43884, -109.122 40.43894, -109.1215 40.43224, -109.121 40.41922, -109.1205 40.4012, -109.12 40.38018, -109.1195 40.35857, -109.119 40.33884, -109.1185 40.32321, -109.118 40.31334, -109.1175 40.3101, -109.117 40.31346, -109.1165 40.32249, -109.116 40.3355, -109.1155 40.35023, -109.115 40.36421, -109.1145 40.37506, -109.114 40.38081, -109.1135 40.38018, -109.113 40.37274, -109.1125 40.35901, -109.112 40.34031, -109.1115 40.31867, -109.111 40.29649, -109.1105 40.27624, -109.11 40.26013, -109.1095 40.24981, -109.109 40.24613, -109.1085 40.24905, -109.108 40.25763, -109.1075 40.27015, -109.107 40.28436, -109.1065 40.29778, -109.106 40.30803, -109.1055 40.31315, -109.105 40.31189, -109.1045 40.30383, -109.104 40.28949, -109.1035 40.27024, -109.103 40.24808, -109.1025 40.22544, -109.102 40.20478, -109.1015 40.18831, -109.101 40.17766, -109.1005 40.17366, -109.1 40.17626, -109.0995 40.1845, -109.099 40.19665, -109.0985 40.21045, -109.098 40.22342, -109.0975 40.23319, -109.097 40.23782, -109.0965 40.23604, -109.096 40.22749, -109.0955 40.21268, -109.095 40.19299, -109.0945 40.17045, -109.094 40.14747, -109.0935 40.12653, -109.093 40.10982, -109.0925 40.09896, -109.092 40.09478, -109.0915 40.09718, -109.091 40.10521, -109.0905 40.11712, -109.09 40.13065, -109.0895 40.14331, -109.089 40.15273, -109.0885 40.15698, -109.088 40.15483, -109.0875 40.14591, -109.087 40.13076, -109.0865 40.11077, -109.086 40.08798, -109.0855 40.06481, -109.085 40.04373, -109.0845 40.02692, -109.084 40.01599, -109.0835 40.01175, -109.083 40.01411, -109.0825 40.02206, -109.082 40.03387, -109.0815 40.04726, -109.081 40.05974, -109.0805 40.06896, -109.08 40.07298, -109.0795 40.0706, -109.079 40.06145, -109.0785 40.0461, -109.078 40.02596, -109.0775 40.00306, -109.077 39.97984, -109.0765 39.95875, -109.076 39.94199, -109.0755 39.93114, -109.075 39.92699, -109.0745 39.92943, -109.074 39.93746, -109.0735 39.9493, -109.073 39.9627, -109.0725 39.97515, -109.072 39.9843, -109.0715 39.98824, -109.071 39.98577, -109.0705 39.97654, -109.07 39.96114, -109.0695 39.94098, -109.069 39.91812, -109.0685 39.89499, -109.068 39.87405, -109.0675 39.85748, -109.067 39.84684, -109.0665 39.84293, -109.066 39.8456, -109.0655 39.85384, -109.065 39.86587, -109.0645 39.87941, -109.064 39.89198, -109.0635 39.90121, -109.063 39.90521, -109.0625 39.90278, -109.062 39.89362, -109.0615 39.8783, -109.061 39.85827, -109.0605 39.8356, -109.06 39.8127, -109.0595 39.79205, -109.059 39.77581, -109.0585 39.76554, -109.058 39.762, -109.0575 39.76504, -109.057 39.77364, -109.0565 39.78599, -109.056 39.79982, -109.0555 39.81263, -109.055 39.82208, -109.0545 39.82627, -109.054 39.82404, -109.0535 39.81507, -109.053 39.79999, -109.0525 39.78023, -109.052 39.75787, -109.0515 39.73534, -109.051 39.71512, -109.0505 39.69934, -109.05 39.68956, -109.0495 39.68653, -109.049 39.69008, -109.0485 39.69916, -109.048 39.71197, -109.0475 39.72622, -109.047 39.73941, -109.0465 39.7492, -109.046 39.75372, -109.0455 39.7518, -109.045 39.74317, -109.0445 39.72844, -109.044 39.70907, -109.0435 39.68716, -109.043 39.66513, -109.0425 39.64545, -109.042 39.63027, -109.0415 39.62111, -109.041 39.61871, -109.0405 39.62289, -109.04 39.63257, -109.0395 39.64595, -109.039 39.66074, -109.0385 39.67442, -109.038 39.68468, -109.0375 39.68964, -109.037 39.68816, -109.0365 39.67997, -109.036 39.66571, -109.0355 39.64685, -109.035 39.62549, -109.0345 39.60408, -109.034 39.58507, -109.0335 39.57058, -109.033 39.56215, -109.0325 39.56049, -109.032 39.5654, -109.0315 39.57579, -109.031 39.58986, -109.0305 39.60528, -109.03 39.61956, -109.0295 39.63038, -109.029 39.63589, -109.0285 39.63494, -109.028 39.62729, -109.0275 39.6136, -109.027 39.59535, -109.0265 39.57465, -109.026 39.55395, -109.0255 39.53568, -109.025 39.52199, -109.0245 39.51438, -109.024 39.51355, -109.0235 39.51928, -109.023 39.53048, -109.0225 39.5453, -109.022 39.56145, -109.0215 39.57642, -109.021 39.58789, -109.0205 39.59401, -109.02 39.59368, -109.0195 39.58665, -109.019 39.57361, -109.0185 39.55605, -109.018 39.53608, -109.0175 39.51616, -109.017 39.49873, -109.0165 39.4859, -109.016 39.47918, -109.0155 39.47925, -109.015 39.48587, -109.0145 39.49793, -109.014 39.51359, -109.0135 39.53052, -109.013 39.54623, -109.0125 39.55841, -109.012 39.56523, -109.0115 39.56557, -109.011 39.55922, -109.0105 39.54689, -109.01 39.53007, -109.0095 39.51089, -109.009 39.4918, -109.0085 39.47525, -109.008 39.46334, -109.0075 39.45756, -109.007 39.45858, -109.0065 39.46614, -109.006 39.47911, -109.0055 39.49564, -109.005 39.5134, -109.0045 39.5299, -109.004 39.54283, -109.0035 39.55036, -109.003 39.55141, -109.0025 39.54579, -109.002 39.53419, -109.0015 39.51814, -109.001 39.49979, -109.0005 39.48157, -109 39.46592, -108.9995 39.45496, -108.999 39.45015, -108.9985 39.45214, -108.998 39.46065, -108.9975 39.47455, -108.997 39.49198, -108.9965 39.51058, -108.996 39.52789, -108.9955 39.54158, -108.995 39.54985, -108.9945 39.55162, -108.994 39.54673, -108.9935 39.53588, -108.993 39.52062, -108.9925 39.50309, -108.992 39.48574, -108.9915 39.47101, -108.991 39.461, -108.9905 39.45716, -108.99 39.46011, -108.9895 39.46958, -108.989 39.48441, -108.9885 39.50272, -108.988 39.52217, -108.9875 39.54026, -108.987 39.55471, -108.9865 39.5637, -108.986 39.56619, -108.9855 39.56201, -108.985 39.5519, -108.9845 39.5374, -108.984 39.52068, -108.9835 39.50419, -108.983 39.49036, -108.9825 39.48128, -108.982 39.47838, -108.9815 39.48228, -108.981 39.49268, -108.9805 39.50841, -108.98 39.52757, -108.9795 39.54782, -108.979 39.56668, -108.9785 39.58184, -108.978 39.59153, -108.9775 39.59469, -108.977 39.59119, -108.9765 39.58178, -108.976 39.56801, -108.9755 39.55206, -108.975 39.53638, -108.9745 39.52341, -108.974 39.5152, -108.9735 39.5132, -108.973 39.518, -108.9725 39.52928, -108.972 39.54585, -108.9715 39.56582, -108.971 39.58683, -108.9705 39.60639, -108.97 39.62221, -108.9695 39.63253, -108.969 39.63631, -108.9685 39.63343, -108.968 39.62465, -108.9675 39.61155, -108.967 39.59631, -108.9665 39.58137, -108.966 39.56918, -108.9655 39.56179, -108.965 39.56062, -108.9645 39.56624, -108.964 39.57833, -108.9635 39.59568, -108.963 39.61637, -108.9625 39.63806, -108.962 39.65824, -108.9615 39.67465, -108.961 39.68552, -108.9605 39.68984, -108.96 39.68749, -108.9595 39.67927, -108.959 39.66675, -108.9585 39.65213, -108.958 39.63786, -108.9575 39.62637, -108.957 39.6197, -108.9565 39.61927, -108.956 39.62563, -108.9555 39.63843, -108.955 39.65645, -108.9545 39.67778, -108.954 39.70005, -108.9535 39.72076, -108.953 39.73766, -108.9525 39.74898, -108.952 39.75374, -108.9515 39.75182, -108.951 39.74405, -108.9505 39.73202, -108.95 39.71792, -108.9495 39.70421, -108.949 39.69331, -108.9485 39.68726, -108.948 39.68746, -108.9475 39.69444, -108.947 39.70785, -108.9465 39.72644, -108.946 39.74829, -108.9455 39.77102, -108.945 39.79215, -108.9445 39.80942, -108.944 39.82108, -108.9435 39.82616, -108.943 39.82456, -108.9425 39.81713, -108.942 39.80546, -108.9415 39.79176, -108.941 39.77849, -108.9405 39.76806, -108.94 39.76251, -108.9395 39.76322, -108.939 39.77071, -108.9385 39.78459, -108.938 39.80363, -108.9375 39.82587, -108.937 39.84894, -108.9365 39.87037, -108.936 39.88787, -108.9355 39.89974, -108.935 39.90501, -108.9345 39.90361, -108.934 39.89638, -108.9335 39.88495, -108.933 39.87152, -108.9325 39.85855, -108.932 39.84847, -108.9315 39.84329, -108.931 39.84437, -108.9305 39.85223, -108.93 39.86646, -108.9295 39.8858, -108.929 39.9083, -108.9285 39.93158, -108.928 39.95315, -108.9275 39.97076, -108.927 39.9827, -108.9265 39.98803, -108.926 39.98668, -108.9255 39.97952, -108.925 39.96818, -108.9245 39.95488, -108.924 39.94209, -108.9235 39.9322, -108.923 39.92725, -108.9225 39.92857, -108.922 39.93665, -108.9215 39.95109, -108.921 39.97059, -108.9205 39.99321, -108.92 40.01655, -108.9195 40.03813, -108.919 40.0557, -108.9185 40.06757, -108.918 40.07281, -108.9175 40.07137, -108.917 40.06413, -108.9165 40.05275, -108.916 40.03944, -108.9155 40.02667, -108.915 40.01685, -108.9145 40.01198, -108.914 40.01338, -108.9135 40.02155, -108.913 40.03605, -108.9125 40.05557, -108.912 40.07816, -108.9115 40.10141, -108.911 40.12286, -108.9105 40.14025, -108.91 40.1519, -108.9095 40.1569, -108.909 40.15523, -108.9085 40.14778, -108.908 40.13621, -108.9075 40.12274, -108.907 40.10986, -108.9065 40.09995, -108.906 40.09502, -108.9055 40.09638, -108.905 40.10449, -108.9045 40.1189, -108.904 40.1383, -108.9035 40.16071, -108.903 40.18374, -108.9025 40.2049, -108.902 40.22197, -108.9015 40.23327, -108.901 40.23789, -108.9005 40.23585, -108.9 40.22804, -108.8995 40.21614, -108.899 40.20238, -108.8985 40.18924, -108.898 40.17912, -108.8975 40.17399, -108.897 40.17515, -108.8965 40.18306, -108.896 40.19725, -108.8955 40.21639, -108.895 40.2385, -108.8945 40.26116, -108.894 40.28191, -108.8935 40.29852, -108.893 40.30932, -108.8925 40.31344, -108.892 40.31089, -108.8915 40.30259, -108.891 40.29023, -108.8905 40.27605, -108.89 40.26252, -108.8895 40.25205, -108.889 40.24659, -108.8885 40.24744, -108.888 40.25502, -108.8875 40.26886, -108.887 40.28762, -108.8865 40.30928, -108.886 40.33146, -108.8855 40.35166, -108.885 40.36769, -108.8845 40.37788, -108.884 40.38136, -108.8835 40.37819, -108.883 40.36927, -108.8825 40.35633, -108.882 40.34161, -108.8815 40.32758, -108.881 40.31664, -108.8805 40.31074, -108.88 40.31115, -108.8795 40.3183, -108.879 40.33167, -108.8785 40.34992, -108.878 40.37104, -108.8775 40.39261, -108.877 40.41216, -108.8765 40.42749, -108.876 40.43695, -108.8755 40.4397, -108.875 40.43579, -108.8745 40.42616, -108.874 40.41254, -108.8735 40.39717, -108.873 40.38254, -108.8725 40.37102, -108.872 40.36458, -108.8715 40.36446, -108.871 40.37106, -108.8705 40.38387, -108.87 40.40152, -108.8695 40.42199, -108.869 40.44286, -108.8685 40.46166, -108.868 40.47621, -108.8675 40.48485, -108.867 40.48677, -108.8665 40.48204, -108.866 40.4716, -108.8655 40.45721, -108.865 40.44111, -108.8645 40.42579, -108.864 40.41362, -108.8635 40.40655, -108.863 40.40581, -108.8625 40.4118, -108.862 40.42396, -108.8615 40.44093, -108.861 40.46068, -108.8605 40.48077, -108.86 40.49876, -108.8595 40.51244, -108.859 40.5202, -108.8585 40.52122, -108.858 40.51559, -108.8575 40.50428, -108.857 40.48905, -108.8565 40.47216, -108.856 40.45609, -108.8555 40.44321, -108.855 40.43544, -108.8545 40.43403, -108.854 40.43934, -108.8535 40.4508, -108.853 40.46704, -108.8525 40.486, -108.852 40.50527, -108.8515 40.52238, -108.851 40.53514, -108.8505 40.54196, -108.85 40.54204, -108.8495 40.53547, -108.849 40.52325, -108.8485 40.50714, -108.848 40.48941, -108.8475 40.47255, -108.847 40.45891, -108.8465 40.45042, -108.846 40.4483, -108.8455 40.45289, -108.845 40.46362, -108.8445 40.47908, -108.844 40.49723, -108.8435 40.51565, -108.843 40.53185, -108.8425 40.54367, -108.842 40.54953, -108.8415 40.54863, -108.841 40.5411, -108.8405 40.52795, -108.84 40.51094, -108.8395 40.49236, -108.839 40.47468, -108.8385 40.46028, -108.838 40.45105, -108.8375 40.44821, -108.837 40.45207, -108.8365 40.46205, -108.836 40.47674, -108.8355 40.49407, -108.835 40.51161, -108.8345 40.52691, -108.834 40.53779, -108.8335 40.54268, -108.833 40.54081, -108.8325 40.53232, -108.832 40.51824, -108.8315 40.50034, -108.831 40.4809, -108.8305 40.46243, -108.83 40.44727, -108.8295 40.43731, -108.829 40.43375, -108.8285 40.4369, -108.828 40.44615, -108.8275 40.46008, -108.827 40.4766, -108.8265 40.4933, -108.826 40.50771, -108.8255 40.51766, -108.825 40.52161, -108.8245 40.5188, -108.824 40.50937, -108.8235 40.49439, -108.823 40.47562, -108.8225 40.45537, -108.822 40.43613, -108.8215 40.42024, -108.821 40.40959, -108.8205 40.40536, -108.82 40.40783, -108.8195 40.41638, -108.819 40.42959, -108.8185 40.44535, -108.818 40.46124, -108.8175 40.4748, -108.817 40.48388, -108.8165 40.48693, -108.816 40.48322, -108.8155 40.47291, -108.815 40.45707, -108.8145 40.4375, -108.814 40.41649, -108.8135 40.39653, -108.813 40.37998, -108.8125 40.36869, -108.812 40.36384, -108.8115 40.36569, -108.811 40.37362, -108.8105 40.38616, -108.81 40.40122, -108.8095 40.41637, -108.809 40.42915, -108.8085 40.43742, -108.808 40.43965, -108.8075 40.43511, -108.807 40.42399, -108.8065 40.40737, -108.806 40.38706, -108.8055 40.36536, -108.805 40.34477, -108.8045 40.32763, -108.804 40.31579, -108.8035 40.31039, -108.803 40.31171, -108.8025 40.31909, -108.802 40.33105, -108.8015 40.3455, -108.801 40.35999, -108.8005 40.37208, -108.8 40.37963, -108.7995 40.38111, -108.799 40.37584, -108.7985 40.364, -108.798 40.34669, -108.7975 40.32574, -108.797 40.30346, -108.7965 40.28233, -108.796 40.2647, -108.7955 40.2524, -108.795 40.24657, -108.7945 40.24745, -108.794 40.25438, -108.7935 40.26586, -108.793 40.2798, -108.7925 40.29374, -108.792 40.30524, -108.7915 40.31217, -108.791 40.31303, -108.7905 40.30712, -108.79 40.29468, -108.7895 40.27679, -108.789 40.25531, -108.7885 40.23255, -108.788 40.21101, -108.7875 40.19299, -108.787 40.18035, -108.7865 40.1742, -108.786 40.17476, -108.7855 40.18135, -108.785 40.19248, -108.7845 40.20602, -108.784 40.21953, -108.7835 40.23056, -108.783 40.237, -108.7825 40.23734, -108.782 40.23093, -108.7815 40.21801, -108.781 40.19967, -108.7805 40.17779, -108.78 40.15468, -108.7795 40.13284, -108.779 40.11457, -108.7785 40.10172, -108.778 40.09537, -108.7775 40.09574, -108.777 40.10214, -108.7765 40.11303, -108.776 40.12631, -108.7755 40.13952, -108.775 40.15021, -108.7745 40.15628, -108.774 40.15626, -108.7735 40.14947, -108.773 40.13619, -108.7725 40.11755, -108.772 40.0954, -108.7715 40.07208, -108.771 40.05008, -108.7705 40.0317, -108.77 40.01877, -108.7695 40.01237, -108.769 40.01269, -108.7685 40.01901, -108.768 40.02982, -108.7675 40.04297, -108.767 40.05601, -108.7665 40.06651, -108.766 40.07236, -108.7655 40.07209, -108.765 40.06508, -108.7645 40.0516, -108.764 40.03278, -108.7635 40.01051, -108.763 39.98712, -108.7625 39.9651, -108.762 39.94675, -108.7615 39.93389, -108.761 39.92757, -108.7605 39.92798, -108.76 39.93439, -108.7595 39.94525, -108.759 39.95841, -108.7585 39.97144, -108.758 39.98187, -108.7575 39.98764, -108.757 39.98729, -108.7565 39.98019, -108.756 39.96664, -108.7555 39.9478, -108.755 39.92555, -108.7545 39.90223, -108.754 39.88034, -108.7535 39.86217, -108.753 39.84952, -108.7525 39.84344, -108.752 39.84408, -108.7515 39.85071, -108.751 39.86176, -108.7505 39.87509, -108.75 39.88823, -108.7495 39.89876, -108.749 39.90459, -108.7485 39.90429, -108.748 39.89725, -108.7475 39.88378, -108.747 39.86505, -108.7465 39.84296, -108.746 39.81987, -108.7455 39.79825, -108.745 39.7804, -108.7445 39.7681, -108.744 39.76238, -108.7435 39.7634, -108.743 39.77039, -108.7425 39.78178, -108.742 39.79541, -108.7415 39.80881, -108.741 39.81956, -108.7405 39.82559, -108.74 39.82548, -108.7395 39.81864, -108.739 39.80538, -108.7385 39.78691, -108.738 39.76513, -108.7375 39.74238, -108.737 39.72117, -108.7365 39.70377, -108.736 39.69196, -108.7355 39.68676, -108.735 39.68828, -108.7345 39.69576, -108.734 39.70762, -108.7335 39.72167, -108.733 39.73547, -108.7325 39.74658, -108.732 39.75294, -108.7315 39.75315, -108.731 39.74663, -108.7305 39.73372, -108.73 39.71562, -108.7295 39.69427, -108.729 39.67201, -108.7285 39.65133, -108.728 39.63451, -108.7275 39.62331, -108.727 39.61873, -108.7265 39.62089, -108.726 39.62898, -108.7255 39.64142, -108.725 39.65603, -108.7245 39.67033, -108.724 39.68191, -108.7235 39.68872, -108.723 39.68936, -108.7225 39.68328, -108.722 39.67083, -108.7215 39.65324, -108.721 39.63242, -108.7205 39.61076, -108.72 39.59072, -108.7195 39.57459, -108.719 39.56412, -108.7185 39.56028, -108.718 39.56317, -108.7175 39.57198, -108.717 39.58511, -108.7165 39.60037, -108.716 39.61528, -108.7155 39.62744, -108.715 39.6348, -108.7145 39.63598, -108.714 39.63043, -108.7135 39.61854, -108.713 39.60154, -108.7125 39.58137, -108.712 39.56039, -108.7115 39.5411, -108.711 39.52575, -108.7105 39.51608, -108.71 39.51307, -108.7095 39.51679, -108.709 39.52642, -108.7085 39.54032, -108.708 39.55631, -108.7075 39.57192, -108.707 39.58474, -108.7065 39.59273, -108.706 39.59452, -108.7055 39.5896, -108.705 39.57834, -108.7045 39.56201, -108.704 39.54256, -108.7035 39.52235, -108.703 39.50387, -108.7025 39.48938, -108.702 39.4806, -108.7015 39.47849, -108.701 39.4831, -108.7005 39.4936, -108.7 39.50835, -108.6995 39.52514, -108.699 39.54151, -108.6985 39.55504, -108.698 39.56372, -108.6975 39.56619, -108.697 39.56195, -108.6965 39.55139, -108.696 39.53579, -108.6955 39.51711, -108.695 39.49772, -108.6945 39.48011, -108.694 39.46653, -108.6935 39.45868, -108.693 39.45752, -108.6925 39.46307, -108.692 39.47449, -108.6915 39.49012, -108.691 39.50776, -108.6905 39.52493, -108.69 39.53922, -108.6895 39.54863, -108.689 39.55181, -108.6885 39.54828, -108.688 39.53845, -108.6875 39.52362, -108.687 39.50574, -108.6865 39.4872, -108.686 39.47049, -108.6855 39.45784, -108.685 39.45096, -108.6845 39.45076, -108.684 39.45728, -108.6835 39.46964, -108.683 39.48618, -108.6825 39.50468, -108.682 39.52266, -108.6815 39.53773, -108.681 39.54788, -108.6805 39.55179, -108.68 39.54898, -108.6795 39.5399, -108.679 39.52584, -108.6785 39.50877, -108.678 39.49109, -108.6775 39.47528, -108.677 39.46357, -108.6765 39.45765, -108.676 39.45843, -108.6755 39.46591, -108.675 39.47921, -108.6745 39.49665, -108.674 39.516, -108.6735 39.53479, -108.673 39.55062, -108.6725 39.56151, -108.672 39.56613, -108.6715 39.56404, -108.671 39.55568, -108.6705 39.54237, -108.67 39.52611, -108.6695 39.50927, -108.669 39.49434, -108.6685 39.48355, -108.668 39.47857, -108.6675 39.4803, -108.667 39.48872, -108.6665 39.50292, -108.666 39.52123, -108.6655 39.54141, -108.665 39.56097, -108.6645 39.57754, -108.664 39.58912, -108.6635 39.59442, -108.663 39.593, -108.6625 39.58534, -108.662 39.57275, -108.6615 39.55723, -108.661 39.5412, -108.6605 39.52711, -108.66 39.51719, -108.6595 39.51311, -108.659 39.51573, -108.6585 39.52504, -108.658 39.5401, -108.6575 39.55923, -108.657 39.58017, -108.6565 39.60046, -108.656 39.6177, -108.6555 39.62992, -108.655 39.63584, -108.6545 39.63504, -108.654 39.628, -108.6535 39.61607, -108.653 39.60125, -108.6525 39.58594, -108.652 39.57263, -108.6515 39.56352, -108.651 39.56026, -108.6505 39.56371, -108.65 39.57383, -108.6495 39.58968, -108.649 39.60955, -108.6485 39.63119, -108.648 39.65212, -108.6475 39.66996, -108.647 39.68274, -108.6465 39.6892, -108.646 39.68893, -108.6455 39.68244, -108.645 39.67108, -108.6445 39.65687, -108.644 39.64222, -108.6435 39.62959, -108.643 39.6212, -108.6425 39.61868, -108.642 39.62287, -108.6415 39.63371, -108.641 39.65025, -108.6405 39.67077, -108.64 39.69301, -108.6395 39.71448, -108.639 39.73281, -108.6385 39.74606, -108.638 39.75296, -108.6375 39.75313, -108.637 39.74708, -108.6365 39.73619, -108.636 39.72249, -108.6355 39.70838, -108.635 39.69634, -108.6345 39.68856, -108.634 39.68667, -108.6335 39.69148, -108.633 39.70294, -108.6325 39.72006, -108.632 39.74112, -108.6315 39.76384, -108.631 39.78574, -108.6305 39.80446, -108.63 39.81805, -108.6295 39.82528, -108.629 39.82576, -108.6285 39.82005, -108.628 39.80951, -108.6275 39.7962, -108.627 39.78252, -108.6265 39.77094, -108.626 39.76365, -108.6255 39.76227, -108.625 39.76759, -108.6245 39.77954, -108.624 39.79711, -108.6235 39.81858, -108.623 39.84166, -108.6225 39.86387, -108.622 39.88284, -108.6215 39.89665, -108.621 39.90407, -108.6205 39.90475, -108.62 39.89923, -108.6195 39.88892, -108.619 39.87586, -108.6185 39.86248, -108.618 39.85123, -108.6175 39.84431, -108.617 39.84329, -108.6165 39.84899, -108.616 39.86129, -108.6155 39.87919, -108.615 39.90093, -108.6145 39.92423, -108.614 39.94661, -108.6135 39.9657, -108.613 39.97959, -108.6125 39.98707, -108.612 39.9878, -108.6115 39.98234, -108.611 39.97212, -108.6105 39.95918, -108.61 39.94595, -108.6095 39.9349, -108.609 39.9282, -108.6085 39.92742, -108.608 39.93335, -108.6075 39.94586, -108.607 39.96394, -108.6065 39.98581, -108.606 40.00919, -108.6055 40.03159, -108.605 40.05066, -108.6045 40.06448, -108.604 40.07188, -108.6035 40.07251, -108.603 40.06698, -108.6025 40.0567, -108.602 40.04374, -108.6015 40.03053, -108.601 40.01952, -108.6005 40.01289, -108.6 40.01221, -108.5995 40.01822, -108.599 40.03081, -108.5985 40.04892, -108.598 40.07077, -108.5975 40.09409, -108.597 40.11637, -108.5965 40.13527, -108.596 40.14889, -108.5955 40.15605, -108.595 40.15645, -108.5945 40.15069, -108.594 40.14021, -108.5935 40.12709, -108.593 40.11375, -108.5925 40.10265, -108.592 40.09596, -108.5915 40.09522, -108.591 40.10118, -108.5905 40.11369, -108.59 40.13169, -108.5895 40.15339, -108.589 40.17649, -108.5885 40.19851, -108.588 40.21709, -108.5875 40.23037, -108.587 40.23716, -108.5865 40.23719, -108.586 40.23106, -108.5855 40.22025, -108.585 40.20681, -108.5845 40.19321, -108.584 40.18188, -108.5835 40.17498, -108.583 40.17405, -108.5825 40.17982, -108.582 40.19212, -108.5815 40.20987, -108.581 40.23128, -108.5805 40.25403, -108.58 40.27565, -108.5795 40.29379, -108.579 40.30658, -108.5785 40.31287, -108.578 40.31239, -108.5775 40.30577, -108.577 40.29448, -108.5765 40.28061, -108.576 40.26661, -108.5755 40.25492, -108.575 40.24769, -108.5745 40.24644, -108.574 40.25189, -108.5735 40.26384, -108.573 40.28122, -108.5725 40.30221, -108.572 40.32449, -108.5715 40.34558, -108.571 40.36315, -108.5705 40.37533, -108.57 40.381, -108.5695 40.37988, -108.569 40.37264, -108.5685 40.36076, -108.568 40.34634, -108.5675 40.33183, -108.567 40.31966, -108.5665 40.31198, -108.566 40.31029, -108.5655 40.3153, -108.565 40.3268, -108.5645 40.34369, -108.564 40.36414, -108.5635 40.38584, -108.563 40.40629, -108.5625 40.42318, -108.562 40.43464, -108.5615 40.43957, -108.561 40.43772, -108.5605 40.42976, -108.56 40.41718, -108.5595 40.4021, -108.559 40.38697, -108.5585 40.37422, -108.558 40.36599, -108.5575 40.36377, -108.557 40.36824, -108.5565 40.37918, -108.556 40.39548, -108.5555 40.4153, -108.555 40.43632, -108.5545 40.45604, -108.554 40.47215, -108.5535 40.48281, -108.553 40.48691, -108.5525 40.48423, -108.552 40.47545, -108.5515 40.4621, -108.551 40.44627, -108.5505 40.43043, -108.55 40.41703, -108.5495 40.40816, -108.549 40.40532, -108.5485 40.40918, -108.548 40.41948, -108.5475 40.43512, -108.547 40.45423, -108.5465 40.47449, -108.546 40.4934, -108.5455 40.50866, -108.545 40.51843, -108.5445 40.52164, -108.544 40.51806, -108.5435 40.50841, -108.543 40.4942, -108.5425 40.47757, -108.542 40.46097, -108.5415 40.44683, -108.541 40.43727, -108.5405 40.43375, -108.54 40.43693, -108.5395 40.44655, -108.539 40.46146, -108.5385 40.47981, -108.538 40.49925, -108.5375 40.5173, -108.537 40.53166, -108.5365 40.5405, -108.536 40.54276, -108.5355 40.53824, -108.535 40.52766, -108.5345 40.51256, -108.534 40.49508, -108.5335 40.47767, -108.533 40.46277, -108.5325 40.45248, -108.532 40.44825, -108.5315 40.45071, -108.531 40.4596, -108.5305 40.47376, -108.53 40.49131, -108.5295 40.50991, -108.529 40.52707, -108.5285 40.54049, -108.528 40.54838, -108.5275 40.54966, -108.527 40.54418, -108.5265 40.53266, -108.526 40.51665, -108.5255 40.4983, -108.525 40.48006, -108.5245 40.46439, -108.524 40.45334, -108.5235 40.44838, -108.523 40.45013, -108.5225 40.45828, -108.522 40.47167, -108.5215 40.48841, -108.521 40.50615, -108.5205 40.52242, -108.52 40.53491, -108.5195 40.54184, -108.519 40.54215, -108.5185 40.5357, -108.518 40.52324, -108.5175 40.50632, -108.517 40.48711, -108.5165 40.46806, -108.516 40.45161, -108.5155 40.43983, -108.515 40.43416, -108.5145 40.43519, -108.514 40.44261, -108.5135 40.45525, -108.513 40.4712, -108.5125 40.48812, -108.512 40.50351, -108.5115 40.51508, -108.511 40.52107, -108.5105 40.52044, -108.51 40.51305, -108.5095 40.49967, -108.509 40.48187, -108.5085 40.46183, -108.508 40.442, -108.5075 40.42481, -108.507 40.41233, -108.5065 40.40597, -108.506 40.40633, -108.5055 40.41307, -108.505 40.42499, -108.5045 40.4402, -108.504 40.45632, -108.5035 40.47087, -108.503 40.48158, -108.5025 40.48668, -108.502 40.48515, -108.5015 40.47687, -108.501 40.46262, -108.5005 40.444, -108.5 40.42318, -108.4995 40.40263, -108.499 40.38476, -108.4985 40.37163, -108.498 40.36465, -108.4975 40.36439, -108.497 40.37051, -108.4965 40.38178, -108.496 40.39629, -108.4955 40.41169, -108.495 40.42548, -108.4945 40.43538, -108.494 40.43965, -108.4935 40.43729, -108.493 40.42819, -108.4925 40.41316, -108.492 40.39379, -108.4915 40.37227, -108.491 40.35106, -108.4905 40.33259, -108.49 40.3189, -108.4895 40.31138, -108.489 40.31058, -108.4885 40.31615, -108.488 40.32686, -108.4875 40.34077, -108.487 40.35552, -108.4865 40.36863, -108.486 40.37782, -108.4855 40.38136, -108.485 40.37826, -108.4845 40.36843, -108.484 40.3527, -108.4835 40.33268, -108.483 40.31055, -108.4825 40.28879, -108.482 40.26981, -108.4815 40.25565, -108.481 40.24769, -108.4805 40.24646, -108.48 40.25159, -108.4795 40.26183, -108.479 40.27524, -108.4785 40.28945, -108.478 40.30198, -108.4775 40.31056, -108.477 40.31347, -108.4765 40.30974, -108.476 40.2993, -108.4755 40.28298, -108.475 40.26241, -108.4745 40.23979, -108.474 40.21759, -108.4735 40.19822, -108.473 40.18371, -108.4725 40.17542, -108.472 40.17387, -108.4715 40.17868, -108.471 40.18856, -108.4705 40.20159, -108.47 40.21538, -108.4695 40.22745, -108.469 40.23555, -108.4685 40.23795, -108.468 40.23371, -108.4675 40.22278, -108.467 40.206, -108.4665 40.18501, -108.466 40.16203, -108.4655 40.13951, -108.465 40.11988, -108.4645 40.10514, -108.464 40.09666, -108.4635 40.09492, -108.463 40.09952, -108.4625 40.10919, -108.462 40.12197, -108.4615 40.13547, -108.461 40.14721, -108.4605 40.15495, -108.46 40.15698, -108.4595 40.15237, -108.459 40.14108, -108.4585 40.12397, -108.458 40.1027, -108.4575 40.07948, -108.457 40.05679, -108.4565 40.03704, -108.456 40.02221, -108.4555 40.01367, -108.455 40.01188, -108.4545 40.01642, -108.454 40.02601, -108.4535 40.03867, -108.453 40.05202, -108.4525 40.06358, -108.452 40.0711, -108.4515 40.0729, -108.451 40.06805, -108.4505 40.05654, -108.45 40.03925, -108.4495 40.01784, -108.449 39.99454, -108.4485 39.97181, -108.448 39.95207, -108.4475 39.93731, -108.447 39.92884, -108.4465 39.92715, -108.446 39.93178, -108.4455 39.94143, -108.445 39.95412, -108.4445 39.96746, -108.444 39.97897, -108.4435 39.98642, -108.443 39.98812, -108.4425 39.98319, -108.442 39.97161, -108.4415 39.95427, -108.441 39.93287, -108.4405 39.90962, -108.44 39.88701, -108.4395 39.86743, -108.439 39.85287, -108.4385 39.84463, -108.438 39.84317, -108.4375 39.84803, -108.437 39.85788, -108.4365 39.87074, -108.436 39.88422, -108.4355 39.89583, -108.435 39.90334, -108.4345 39.90511, -108.434 39.90022, -108.4335 39.88871, -108.433 39.87148, -108.4325 39.85023, -108.432 39.82718, -108.4315 39.80483, -108.431 39.78555, -108.4305 39.77133, -108.43 39.76346, -108.4295 39.76238, -108.429 39.7676, -108.4285 39.7778, -108.428 39.79097, -108.4275 39.80472, -108.427 39.81656, -108.4265 39.82429, -108.426 39.82624, -108.4255 39.82155, -108.425 39.81025, -108.4245 39.79326, -108.424 39.77229, -108.4235 39.74958, -108.423 39.72761, -108.4225 39.70878, -108.422 39.69504, -108.4215 39.68767, -108.421 39.6871, -108.4205 39.69282, -108.42 39.70349, -108.4195 39.7171, -108.419 39.73125, -108.4185 39.74346, -108.418 39.75153, -108.4175 39.7538, -108.417 39.74943, -108.4165 39.73846, -108.416 39.72184, -108.4155 39.70129, -108.415 39.67904, -108.4145 39.6576, -108.414 39.63933, -108.4135 39.62619, -108.413 39.61945, -108.4125 39.6195, -108.412 39.62584, -108.4115 39.63711, -108.411 39.65129, -108.4105 39.66596, -108.41 39.67865, -108.4095 39.68717, -108.409 39.68988, -108.4085 39.68595, -108.408 39.67543, -108.4075 39.65929, -108.407 39.63926, -108.4065 39.6176, -108.406 39.59678, -108.4055 39.57919, -108.405 39.56676, -108.4045 39.56075, -108.404 39.56155, -108.4035 39.56862, -108.403 39.58059, -108.4025 39.59543, -108.402 39.61072, -108.4015 39.624, -108.401 39.63307, -108.4005 39.63632, -108.4 39.63292, -108.3995 39.62296, -108.399 39.6074, -108.3985 39.588, -108.398 39.56701, -108.3975 39.54691, -108.397 39.53009, -108.3965 39.51847, -108.396 39.51329, -108.3955 39.51491, -108.395 39.52279, -108.3945 39.53555, -108.394 39.55114, -108.3935 39.56714, -108.393 39.58109, -108.3925 39.5908, -108.392 39.59467, -108.3915 39.59189, -108.391 39.58255, -108.3905 39.56766, -108.39 39.54895, -108.3895 39.52871, -108.389 39.50942, -108.3885 39.49344, -108.388 39.4827, -108.3875 39.47841, -108.387 39.48094, -108.3865 39.4897, -108.386 39.50331, -108.3855 39.51972, -108.385 39.53649, -108.3845 39.55117, -108.384 39.56158, -108.3835 39.56613, -108.383 39.56402, -108.3825 39.55538, -108.382 39.5412, -108.3815 39.52325, -108.381 39.50382, -108.3805 39.48538, -108.38 39.4703, -108.3795 39.46048, -108.379 39.45714, -108.3785 39.46061, -108.378 39.4703, -108.3775 39.48481, -108.377 39.50207, -108.3765 39.51966, -108.376 39.53511, -108.3755 39.54626, -108.375 39.55152, -108.3745 39.55013, -108.374 39.5422, -108.3735 39.52878, -108.373 39.51162, -108.3725 39.49302, -108.372 39.47547, -108.3715 39.46131, -108.371 39.45245, -108.3705 39.45008, -108.37 39.45452, -108.3695 39.46516, -108.369 39.48059, -108.3685 39.49872, -108.368 39.51714, -108.3675 39.53338, -108.367 39.54528, -108.3665 39.55127, -108.366 39.5506, -108.3655 39.54341, -108.365 39.53075, -108.3645 39.51439, -108.364 39.49664, -108.3635 39.47997, -108.363 39.46674, -108.3625 39.45884, -108.362 39.45744, -108.3615 39.46284, -108.361 39.47443, -108.3605 39.49077, -108.36 39.50978, -108.3595 39.52902, -108.359 39.54603, -108.3585 39.55867, -108.358 39.56539, -108.3575 39.56542, -108.357 39.55896, -108.3565 39.54704, -108.356 39.53147, -108.3555 39.51454, -108.355 39.49874, -108.3545 39.48642, -108.354 39.47946, -108.3535 39.479, -108.353 39.48534, -108.3525 39.49786, -108.352 39.51508, -108.3515 39.53493, -108.351 39.55496, -108.3505 39.57272, -108.35 39.58606, -108.3495 39.59346, -108.349 39.59417, -108.3485 39.58839, -108.348 39.57718, -108.3475 39.56235, -108.347 39.54621, -108.3465 39.53124, -108.346 39.51978, -108.3455 39.51371, -108.345 39.51415, -108.3445 39.52139, -108.344 39.53477, -108.3435 39.55282, -108.343 39.57345, -108.3425 39.59422, -108.342 39.61267, -108.3415 39.62666, -108.341 39.63468, -108.3405 39.63601, -108.34 39.63085, -108.3395 39.62029, -108.339 39.60614, -108.3385 39.59072, -108.338 39.57651, -108.3375 39.56585, -108.337 39.5606, -108.3365 39.56187, -108.336 39.56993, -108.3355 39.5841, -108.335 39.60292, -108.3345 39.62426, -108.334 39.64568, -108.3335 39.66474, -108.333 39.67931, -108.3325 39.68787, -108.332 39.68974, -108.3315 39.68512, -108.331 39.67512, -108.3305 39.66156, -108.33 39.64678, -108.3295 39.63325, -108.329 39.6233, -108.3285 39.61878, -108.328 39.62079, -108.3275 39.62958, -108.327 39.64445, -108.3265 39.66393, -108.326 39.68589, -108.3255 39.70787, -108.325 39.72744, -108.3245 39.74248, -108.324 39.75149, -108.3235 39.75379, -108.323 39.74961, -108.3225 39.74007, -108.322 39.72702, -108.3215 39.71276, -108.321 39.69981, -108.3205 39.69046, -108.32 39.68656, -108.3195 39.68921, -108.319 39.69861, -108.3185 39.71409, -108.318 39.73411, -108.3175 39.75657, -108.317 39.779, -108.3165 39.79897, -108.316 39.81437, -108.3155 39.82371, -108.315 39.82632, -108.3145 39.82247, -108.314 39.81328, -108.3135 39.8006, -108.313 39.78676, -108.3125 39.77426, -108.312 39.76539, -108.3115 39.762, -108.311 39.76515, -108.3105 39.77506, -108.31 39.791, -108.3095 39.81145, -108.309 39.83428, -108.3085 39.85704, -108.308 39.87728, -108.3075 39.8929, -108.307 39.90244, -108.3065 39.90525, -108.306 39.90159, -108.3055 39.89261, -108.305 39.88018, -108.3045 39.86662, -108.304 39.85444, -108.3035 39.84593, -108.303 39.84291, -108.3025 39.84644, -108.302 39.8567, -108.3015 39.87298, -108.301 39.89372, -108.3005 39.91679, -108.3 39.93973, -108.2995 39.9601, -108.299 39.97582, -108.2985 39.98542, -108.298 39.98828, -108.2975 39.98468, -108.297 39.97578, -108.2965 39.96345, -108.296 39.95005, -108.2955 39.93805, -108.295 39.92975, -108.2945 39.92696, -108.294 39.93072, -108.2935 39.94121, -108.293 39.95767, -108.2925 39.97856, -108.292 40.00173, -108.2915 40.02471, -108.291 40.04507, -108.2905 40.06074, -108.29 40.07026, -108.2895 40.07303, -108.289 40.06934, -108.2885 40.06037, -108.288 40.04801, -108.2875 40.03461, -108.287 40.02265, -108.2865 40.01442, -108.286 40.01172, -108.2855 40.01557, -108.285 40.02613, -108.2845 40.04264, -108.284 40.06354, -108.2835 40.08665, -108.283 40.10953, -108.2825 40.12974, -108.282 40.14521, -108.2815 40.15451, -108.281 40.15704, -108.2805 40.15312, -108.28 40.14395, -108.2795 40.13141, -108.279 40.11787, -108.2785 40.1058, -108.278 40.0975, -108.2775 40.09474, -108.277 40.09854, -108.2765 40.10904, -108.276 40.12545, -108.2755 40.14621, -108.275 40.16913, -108.2745 40.19176, -108.274 40.21167, -108.2735 40.2268, -108.273 40.23574, -108.2725 40.2379, -108.272 40.23361, -108.2715 40.22408, -108.271 40.21123, -108.2705 40.19741, -108.27 40.1851, -108.2695 40.17659, -108.269 40.17364, -108.2685 40.17725, -108.268 40.18754, -108.2675 40.20372, -108.267 40.22419, -108.2665 40.24679, -108.266 40.26904, -108.2655 40.28852, -108.265 40.30318, -108.2645 40.31161, -108.264 40.31326, -108.2635 40.30847, -108.263 40.29846, -108.2625 40.28516, -108.262 40.27093, -108.2615 40.25825, -108.261 40.2494, -108.2605 40.24613, -108.26 40.24942, -108.2595 40.25938, -108.259 40.27519, -108.2585 40.29526, -108.258 40.3174, -108.2575 40.33914, -108.257 40.35806, -108.2565 40.37212, -108.256 40.37994, -108.2555 40.38095, -108.255 40.37554, -108.2545 40.36493, -108.254 40.35107, -108.2535 40.33631, -108.253 40.32314, -108.2525 40.31383, -108.252 40.31012, -108.2515 40.31297, -108.251 40.32248, -108.2505 40.33782, -108.25 40.35737, -108.2495 40.37894, -108.249 40.40006, -108.2485 40.41831, -108.248 40.43167, -108.2475 40.43875, -108.247 40.43902, -108.2465 40.43288, -108.246 40.42157, -108.2455 40.40703, -108.245 40.39164, -108.2445 40.37788, -108.244 40.36801, -108.2435 40.36376, -108.243 40.36608, -108.2425 40.37505, -108.242 40.38981, -108.2415 40.40874, -108.241 40.42965, -108.2405 40.45005, -108.24 40.46754, -108.2395 40.48009, -108.239 40.48634, -108.2385 40.48579, -108.238 40.47883, -108.2375 40.46673, -108.237 40.45143, -108.2365 40.43533, -108.236 40.4209, -108.2355 40.41038, -108.235 40.40551, -108.2345 40.40722, -108.234 40.41555, -108.2335 40.42966, -108.233 40.4479, -108.2325 40.46806, -108.232 40.48767, -108.2315 40.50432, -108.231 40.516, -108.2305 40.52136, -108.23 40.51991, -108.2295 40.51206, -108.229 40.4991, -108.2285 40.48298, -108.228 40.4661, -108.2275 40.45093, -108.227 40.43971, -108.2265 40.43416, -108.226 40.43519, -108.2255 40.44284, -108.225 40.45624, -108.2245 40.47373, -108.224 40.49309, -108.2235 40.51185, -108.223 40.52761, -108.2225 40.53837, -108.222 40.54279, -108.2215 40.54039, -108.221 40.53161, -108.2205 40.51774, -108.22 40.50076, -108.2195 40.48306, -108.219 40.46711, -108.2185 40.45515, -108.218 40.44888, -108.2175 40.4492, -108.217 40.45613, -108.2165 40.46878, -108.216 40.48548, -108.2155 40.50402, -108.215 40.5219, -108.2145 40.53675, -108.214 40.54655, -108.2135 40.55, -108.213 40.54663, -108.2125 40.5369, -108.212 40.52211, -108.2115 40.50425, -108.211 40.48571, -108.2105 40.46897, -108.21 40.45625, -108.2095 40.44925, -108.209 40.44884, -108.2085 40.45504, -108.208 40.46693, -108.2075 40.48285, -108.207 40.50054, -108.2065 40.51755, -108.206 40.53147, -108.2055 40.54032, -108.205 40.5428, -108.2045 40.53846, -108.204 40.52778, -108.2035 40.51207, -108.203 40.49333, -108.2025 40.47396, -108.202 40.45643, -108.2015 40.44297, -108.201 40.43525, -108.2005 40.43413, -108.2 40.43961, -108.1995 40.45076, -108.199 40.4659, -108.1985 40.48278, -108.198 40.49892, -108.1975 40.51193, -108.197 40.51985, -108.1965 40.52138, -108.196 40.51611, -108.1955 40.5045, -108.195 40.4879, -108.1945 40.46831, -108.194 40.44814, -108.1935 40.42986, -108.193 40.41569, -108.1925 40.40728, -108.192 40.40549, -108.1915 40.41029, -108.191 40.42074, -108.1905 40.43514, -108.19 40.45124, -108.1895 40.46655, -108.189 40.47871, -108.1885 40.48574, -108.188 40.48638, -108.1875 40.48021, -108.187 40.46772, -108.1865 40.45029, -108.186 40.42991, -108.1855 40.40899, -108.185 40.39002, -108.1845 40.37519, -108.184 40.36615, -108.1835 40.36375, -108.183 40.36792, -108.1825 40.37773, -108.182 40.39146, -108.1815 40.40684, -108.181 40.42141, -108.1805 40.43277, -108.18 40.43898, -108.1795 40.43879, -108.179 40.43179, -108.1785 40.41851, -108.178 40.40031, -108.1775 40.37921, -108.177 40.35763, -108.1765 40.33804, -108.176 40.32264, -108.1755 40.31305, -108.175 40.31011, -108.1745 40.31375, -108.174 40.323, -108.1735 40.33613, -108.173 40.35089, -108.1725 40.36478, -108.172 40.37544, -108.1715 40.38092, -108.171 40.37999, -108.1705 40.37226, -108.17 40.35827, -108.1695 40.3394, -108.169 40.31768, -108.1685 40.29553, -108.168 40.27542, -108.1675 40.25954, -108.167 40.2495, -108.1665 40.24613, -108.166 40.24933, -108.1655 40.25812, -108.165 40.27076, -108.1645 40.28499, -108.164 40.29832, -108.1635 40.30837, -108.163 40.31324, -108.1625 40.31167, -108.162 40.30332, -108.1615 40.28873, -108.161 40.2693, -108.1605 40.24707, -108.16 40.22446, -108.1595 40.20395, -108.159 40.18771, -108.1585 40.17734, -108.158 40.17364, -108.1575 40.17652, -108.157 40.18497, -108.1565 40.19724, -108.156 40.21106, -108.1555 40.22394, -108.155 40.23352, -108.1545 40.23788, -108.154 40.23581, -108.1535 40.22695, -108.153 40.21189, -108.1525 40.19203, -108.152 40.16942, -108.1515 40.14648, -108.151 40.12569, -108.1505 40.10921, -108.15 40.09863, -108.1495 40.09475, -108.149 40.09743, -108.1485 40.10567, -108.148 40.1177, -108.1475 40.13124, -108.147 40.14381, -108.1465 40.15304, -108.146 40.15703, -108.1455 40.15458, -108.145 40.14536, -108.1445 40.12996, -108.144 40.1098, -108.1435 40.08694, -108.143 40.06381, -108.1425 40.04288, -108.142 40.0263, -108.1415 40.01566, -108.141 40.01172, -108.1405 40.01435, -108.14 40.02252, -108.1395 40.03445, -108.139 40.04785, -108.1385 40.06024, -108.138 40.06926, -108.1375 40.07302, -108.137 40.07034, -108.1365 40.06089, -108.136 40.0453, -108.1355 40.02498, -108.135 40.00202, -108.1345 39.97884, -108.134 39.9579, -108.1335 39.94137, -108.133 39.93081, -108.1325 39.92696, -108.132 39.92968, -108.1315 39.93792, -108.131 39.94988, -108.1305 39.96329, -108.13 39.97564, -108.1295 39.9846, -108.129 39.98828, -108.1285 39.9855, -108.128 39.97598, -108.1275 39.96033, -108.127 39.94, -108.1265 39.91708, -108.126 39.89399, -108.1255 39.87321, -108.125 39.85687, -108.1245 39.84652, -108.124 39.84291, -108.1235 39.84586, -108.123 39.85431, -108.1225 39.86646, -108.122 39.88001, -108.1215 39.89247, -108.121 39.90151, -108.1205 39.90524, -108.12 39.90252, -108.1195 39.89306, -108.119 39.8775, -108.1185 39.85731, -108.118 39.83457, -108.1175 39.81172, -108.117 39.79122, -108.1165 39.77522, -108.116 39.76523, -108.1155 39.762, -108.115 39.76532, -108.1145 39.77412, -108.114 39.78659, -108.1135 39.80043, -108.113 39.81314, -108.1125 39.82239, -108.112 39.82632, -108.1115 39.82378, -108.111 39.81452, -108.1105 39.7992, -108.11 39.77927, -108.1095 39.75685, -108.109 39.73438, -108.1085 39.71431, -108.108 39.69877, -108.1075 39.68928, -108.107 39.68655, -108.1065 39.69038, -108.106 39.69967, -108.1055 39.71259, -108.105 39.72684, -108.1045 39.73993, -108.104 39.74952, -108.1035 39.75378, -108.103 39.75156, -108.1025 39.74263, -108.102 39.72766, -108.1015 39.70813, -108.101 39.68616, -108.1005 39.66419, -108.1 39.64467, -108.0995 39.62972, -108.099 39.62086, -108.0985 39.61876, -108.098 39.62321, -108.0975 39.6331, -108.097 39.6466, -108.0965 39.66138, -108.096 39.67497, -108.0955 39.68502, -108.095 39.68972, -108.0945 39.68794, -108.094 39.67945, -108.0935 39.66495, -108.093 39.64594, -108.0925 39.62453, -108.092 39.60317, -108.0915 39.58431, -108.091 39.57007, -108.0905 39.56193, -108.09 39.56057, -108.0895 39.56575, -108.089 39.57636, -108.0885 39.59053, -108.088 39.60595, -108.0875 39.62013, -108.087 39.63075, -108.0865 39.63599, -108.086 39.63474, -108.0855 39.6268, -108.085 39.61287, -108.0845 39.59447, -108.084 39.57371, -108.0835 39.55307, -108.083 39.53496, -108.0825 39.52152, -108.082 39.5142, -108.0815 39.51367, -108.081 39.51967, -108.0805 39.53107, -108.08 39.54601, -108.0795 39.56215, -108.079 39.57702, -108.0785 39.58828, -108.078 39.59414, -108.0775 39.59351, -108.077 39.58619, -108.0765 39.57291, -108.076 39.5552, -108.0755 39.53518, -108.075 39.51531, -108.0745 39.49804, -108.074 39.48546, -108.0735 39.47904, -108.073 39.47941, -108.0725 39.4863, -108.072 39.49857, -108.0715 39.51433, -108.071 39.53126, -108.0705 39.54687, -108.07 39.55884, -108.0695 39.56538, -108.069 39.56543, -108.0685 39.5588, -108.068 39.54622, -108.0675 39.52925, -108.067 39.51002, -108.0665 39.49099, -108.066 39.47461, -108.0655 39.46295, -108.065 39.45746, -108.0645 39.45878, -108.064 39.46661, -108.0635 39.47978, -108.063 39.49642, -108.0625 39.51418, -108.062 39.53056, -108.0615 39.54329, -108.061 39.55055, -108.0605 39.5513, -108.06 39.54539, -108.0595 39.53356, -108.059 39.51736, -108.0585 39.49895, -108.058 39.4808, -108.0575 39.46533, -108.057 39.45461, -108.0565 39.45009, -108.056 39.45238, -108.0555 39.46117, -108.055 39.47527, -108.0545 39.4928, -108.054 39.5114, -108.0535 39.52859, -108.053 39.54207, -108.0525 39.55007, -108.052 39.55155, -108.0515 39.54636, -108.051 39.53528, -108.0505 39.51987, -108.05 39.50229, -108.0495 39.48501, -108.049 39.47046, -108.0485 39.46069, -108.048 39.45714, -108.0475 39.4604, -108.047 39.47014, -108.0465 39.48517, -108.046 39.50358, -108.0455 39.52302, -108.045 39.541, -108.0445 39.55523, -108.044 39.56395, -108.0435 39.56614, -108.043 39.56168, -108.0425 39.55133, -108.042 39.53669, -108.0415 39.51993, -108.041 39.5035, -108.0405 39.48984, -108.04 39.48101, -108.0395 39.4784, -108.039 39.48261, -108.0385 39.49328, -108.038 39.5092, -108.0375 39.52846, -108.037 39.54871, -108.0365 39.56745, -108.036 39.5824, -108.0355 39.59181, -108.035 39.59468, -108.0345 39.59089, -108.034 39.58124, -108.0335 39.56733, -108.033 39.55134, -108.0325 39.53573, -108.032 39.52293, -108.0315 39.51497, -108.031 39.51327, -108.0305 39.51837, -108.03 39.52991, -108.0295 39.54668, -108.029 39.56675, -108.0285 39.58774, -108.028 39.60718, -108.0275 39.6228, -108.027 39.63284, -108.0265 39.63632, -108.026 39.63315, -108.0255 39.62414, -108.025 39.6109, -108.0245 39.59562, -108.024 39.58076, -108.0235 39.56874, -108.023 39.5616, -108.0225 39.56072, -108.022 39.56665, -108.0215 39.579, -108.021 39.59654, -108.0205 39.61733, -108.02 39.639, -108.0195 39.65907, -108.019 39.67526, -108.0185 39.68586, -108.018 39.68987, -108.0175 39.68724, -108.017 39.67879, -108.0165 39.66613, -108.016 39.65147, -108.0155 39.63728, -108.015 39.62596, -108.0145 39.61954, -108.014 39.61941, -108.0135 39.62607, -108.013 39.63913, -108.0125 39.65735, -108.012 39.67877, -108.0115 39.70102, -108.011 39.72161, -108.0105 39.73829, -108.01 39.74934, -108.0095 39.75379, -108.009 39.75159, -108.0085 39.74359, -108.008 39.73142, -108.0075 39.71728, -108.007 39.70365, -108.0065 39.69292, -108.006 39.68713, -108.0055 39.68762, -108.005 39.69491, -108.0045 39.70858, -108.004 39.72736, -108.0035 39.7493, -108.003 39.77201, -108.0025 39.79302, -108.002 39.81007, -108.0015 39.82145, -108.001 39.82622, -108.0005 39.82435, -108 39.81669, -107.9995 39.80488, -107.999 39.79114, -107.9985 39.77795, -107.998 39.7677, -107.9975 39.76241, -107.997 39.76341, -107.9965 39.77119, -107.996 39.78534, -107.9955 39.80456, -107.995 39.8269, -107.9945 39.84995, -107.994 39.87124, -107.9935 39.88853, -107.993 39.90012, -107.9925 39.90509, -107.992 39.9034, -107.9915 39.89595, -107.991 39.88438, -107.9905 39.87091, -107.99 39.85803, -107.9895 39.84812, -107.989 39.8432, -107.9885 39.84457, -107.988 39.85273, -107.9875 39.86722, -107.987 39.88675, -107.9865 39.90933, -107.986 39.93259, -107.9855 39.95403, -107.985 39.97142, -107.9845 39.98308, -107.984 39.9881, -107.9835 39.98647, -107.983 39.97909, -107.9825 39.96761, -107.982 39.95428, -107.9815 39.94157, -107.981 39.93187, -107.9805 39.92717, -107.98 39.92878, -107.9795 39.93716, -107.979 39.95186, -107.9785 39.97155, -107.978 39.99425, -107.9775 40.01756, -107.977 40.03901, -107.9765 40.05636, -107.976 40.06795, -107.9755 40.07288, -107.975 40.07116, -107.9745 40.0637, -107.974 40.05218, -107.9735 40.03884, -107.973 40.02615, -107.9725 40.01651, -107.972 40.0119, -107.9715 40.0136, -107.971 40.02207, -107.9705 40.03682, -107.97 40.05653, -107.9695 40.0792, -107.969 40.10242, -107.9685 40.12373, -107.968 40.1409, -107.9675 40.15227, -107.967 40.15697, -107.9665 40.15502, -107.966 40.14734, -107.9655 40.13563, -107.965 40.12214, -107.9645 40.10934, -107.964 40.09962, -107.9635 40.09494, -107.963 40.09659, -107.9625 40.105, -107.962 40.11966, -107.9615 40.13925, -107.961 40.16174, -107.9605 40.18474, -107.96 40.20576, -107.9595 40.22261, -107.959 40.23362, -107.9585 40.23794, -107.958 40.23562, -107.9575 40.22758, -107.957 40.21555, -107.9565 40.20176, -107.956 40.18871, -107.9555 40.17877, -107.955 40.1739, -107.9545 40.17536, -107.954 40.18357, -107.9535 40.19801, -107.953 40.21733, -107.9525 40.23951, -107.952 40.26214, -107.9515 40.28275, -107.951 40.29913, -107.9505 40.30965, -107.95 40.31347, -107.9495 40.31063, -107.949 40.30211, -107.9485 40.28962, -107.948 40.27541, -107.9475 40.26198, -107.947 40.25169, -107.9465 40.24649, -107.946 40.24763, -107.9455 40.25551, -107.945 40.2696, -107.9445 40.28853, -107.944 40.31027, -107.9435 40.33241, -107.943 40.35248, -107.9425 40.36827, -107.942 40.37818, -107.9415 40.38136, -107.941 40.3779, -107.9405 40.36877, -107.94 40.3557, -107.9395 40.34095, -107.939 40.32702, -107.9385 40.31626, -107.938 40.31062, -107.9375 40.31133, -107.937 40.31876, -107.9365 40.33239, -107.936 40.35081, -107.9355 40.372, -107.935 40.39354, -107.9345 40.41294, -107.934 40.42804, -107.9335 40.43722, -107.933 40.43967, -107.9325 40.43547, -107.932 40.42563, -107.9315 40.41187, -107.931 40.39648, -107.9305 40.38194, -107.93 40.37062, -107.9295 40.36443, -107.929 40.36461, -107.9285 40.3715, -107.928 40.38456, -107.9275 40.40238, -107.927 40.42292, -107.9265 40.44376, -107.926 40.46242, -107.9255 40.47672, -107.925 40.48508, -107.9245 40.4867, -107.924 40.48168, -107.9235 40.47103, -107.923 40.45651, -107.9225 40.44039, -107.922 40.42517, -107.9215 40.41319, -107.921 40.40638, -107.9205 40.40594, -107.92 40.41221, -107.9195 40.42463, -107.919 40.44177, -107.9185 40.46158, -107.918 40.48164, -107.9175 40.49947, -107.917 40.51292, -107.9165 40.52039, -107.916 40.5211, -107.9155 40.51519, -107.915 40.50368, -107.9145 40.48832, -107.914 40.47141, -107.9135 40.45543, -107.913 40.44274, -107.9125 40.43524, -107.912 40.43413, -107.9115 40.43972, -107.911 40.45143, -107.9105 40.46784, -107.91 40.48687, -107.9095 40.50609, -107.909 40.52305, -107.9085 40.53558, -107.908 40.54211, -107.9075 40.54188, -107.907 40.53504, -107.9065 40.5226, -107.906 40.50637, -107.9055 40.48862, -107.905 40.47186, -107.9045 40.45841, -107.904 40.45019, -107.9035 40.44836, -107.903 40.45324, -107.9025 40.46422, -107.902 40.47985, -107.9015 40.49807, -107.901 40.51643, -107.9005 40.53248, -107.9 40.54407, -107.8995 40.54964, -107.899 40.54844, -107.8985 40.54063, -107.898 40.52726, -107.8975 40.51013, -107.897 40.49153, -107.8965 40.47396, -107.896 40.45975, -107.8955 40.45079, -107.895 40.44824, -107.8945 40.45239, -107.894 40.46262, -107.8935 40.47747, -107.893 40.49486, -107.8925 40.51236, -107.892 40.5275, -107.8915 40.53814, -107.891 40.54274, -107.8905 40.54057, -107.89 40.53181, -107.8895 40.51751, -107.889 40.49949, -107.8885 40.48004, -107.888 40.46167, -107.8875 40.4467, -107.887 40.43701, -107.8865 40.43375, -107.886 40.43719, -107.8855 40.44668, -107.885 40.46077, -107.8845 40.47736, -107.884 40.49401, -107.8835 40.50826, -107.883 40.51797, -107.8825 40.52163, -107.882 40.51851, -107.8815 40.50882, -107.881 40.49362, -107.8805 40.47473, -107.88 40.45448, -107.8795 40.43534, -107.879 40.41965, -107.8785 40.40926, -107.878 40.40532, -107.8775 40.40808, -107.877 40.41689, -107.8765 40.43025, -107.876 40.44607, -107.8755 40.46191, -107.875 40.47531, -107.8745 40.48415, -107.874 40.48691, -107.8735 40.4829, -107.873 40.47232, -107.8725 40.45627, -107.872 40.43658, -107.8715 40.41556, -107.871 40.39571, -107.8705 40.37935, -107.87 40.36834, -107.8695 40.36378, -107.869 40.36592, -107.8685 40.37409, -107.868 40.38679, -107.8675 40.40191, -107.867 40.41701, -107.8665 40.42963, -107.866 40.43766, -107.8655 40.43959, -107.865 40.43475, -107.8645 40.42336, -107.864 40.40653, -107.8635 40.3861, -107.863 40.36441, -107.8625 40.34392, -107.862 40.32698, -107.8615 40.31541, -107.861 40.31031, -107.8605 40.31192, -107.86 40.31953, -107.8595 40.33166, -107.859 40.34616, -107.8585 40.3606, -107.858 40.37252, -107.8575 40.37983, -107.857 40.38102, -107.8565 40.37545, -107.856 40.36334, -107.8555 40.34583, -107.855 40.32476, -107.8545 40.30248, -107.854 40.28146, -107.8535 40.26403, -107.853 40.252, -107.8525 40.24647, -107.852 40.24764, -107.8515 40.2548, -107.851 40.26645, -107.8505 40.28044, -107.85 40.29432, -107.8495 40.30565, -107.849 40.31234, -107.8485 40.31291, -107.848 40.3067, -107.8475 40.29399, -107.847 40.2759, -107.8465 40.25431, -107.846 40.23155, -107.8455 40.21012, -107.845 40.1923, -107.8445 40.17994, -107.844 40.17408, -107.8435 40.17493, -107.843 40.18177, -107.8425 40.19305, -107.842 40.20664, -107.8415 40.22009, -107.841 40.23096, -107.8405 40.23715, -107.84 40.23721, -107.8395 40.23049, -107.839 40.21729, -107.8385 40.19876, -107.838 40.17677, -107.8375 40.15367, -107.837 40.13194, -107.8365 40.11388, -107.836 40.10129, -107.8355 40.09525, -107.835 40.09591, -107.8345 40.10254, -107.834 40.11359, -107.8335 40.12692, -107.833 40.14006, -107.8325 40.15059, -107.832 40.15642, -107.8315 40.1561, -107.831 40.14902, -107.8305 40.13547, -107.83 40.11663, -107.8295 40.09437, -107.829 40.07106, -107.8285 40.04917, -107.828 40.031, -107.8275 40.01834, -107.827 40.01224, -107.8265 40.01285, -107.826 40.01941, -107.8255 40.03037, -107.825 40.04357, -107.8245 40.05655, -107.824 40.06688, -107.8235 40.07248, -107.823 40.07193, -107.8225 40.06462, -107.822 40.05086, -107.8215 40.03185, -107.821 40.00947, -107.8205 39.98609, -107.82 39.96419, -107.8195 39.94605, -107.819 39.93346, -107.8185 39.92745, -107.818 39.92815, -107.8175 39.93479, -107.817 39.9458, -107.8165 39.95901, -107.816 39.97197, -107.8155 39.98224, -107.815 39.98777, -107.8145 39.98712, -107.814 39.97972, -107.8135 39.96591, -107.813 39.94687, -107.8125 39.92452, -107.812 39.90121, -107.8115 39.87944, -107.811 39.86148, -107.8105 39.84911, -107.81 39.84332, -107.8095 39.84426, -107.809 39.85112, -107.8085 39.86232, -107.808 39.87569, -107.8075 39.88877, -107.807 39.89913, -107.8065 39.90471, -107.806 39.90412, -107.8055 39.89678, -107.805 39.88305, -107.8045 39.86413, -107.804 39.84194, -107.8035 39.81886, -107.803 39.79736, -107.8025 39.77972, -107.802 39.7677, -107.8015 39.76229, -107.801 39.7636, -107.8005 39.77082, -107.8 39.78235, -107.7995 39.79602, -107.799 39.80936, -107.7985 39.81994, -107.798 39.82573, -107.7975 39.82532, -107.797 39.81818, -107.7965 39.80466, -107.796 39.786, -107.7955 39.76412, -107.795 39.74139, -107.7945 39.7203, -107.794 39.70312, -107.7935 39.69159, -107.793 39.68668, -107.7925 39.6885, -107.792 39.69621, -107.7915 39.70821, -107.791 39.72231, -107.7905 39.73604, -107.79 39.74697, -107.7895 39.75309, -107.789 39.753, -107.7885 39.74618, -107.788 39.73301, -107.7875 39.71473, -107.787 39.69328, -107.7865 39.67104, -107.786 39.65048, -107.7855 39.63388, -107.785 39.62296, -107.7845 39.61869, -107.784 39.62113, -107.7835 39.62946, -107.783 39.64204, -107.7825 39.65669, -107.782 39.67092, -107.7815 39.68233, -107.781 39.68889, -107.7805 39.68924, -107.78 39.68286, -107.7795 39.67015, -107.779 39.65236, -107.7785 39.63146, -107.778 39.60981, -107.7775 39.58991, -107.777 39.574, -107.7765 39.5638, -107.776 39.56026, -107.7755 39.56344, -107.775 39.57249, -107.7745 39.58576, -107.774 39.60106, -107.7735 39.6159, -107.773 39.62788, -107.7725 39.63499, -107.772 39.63587, -107.7715 39.63003, -107.771 39.61788, -107.7705 39.60069, -107.77 39.58043, -107.7695 39.55948, -107.769 39.54032, -107.7685 39.52519, -107.768 39.51581, -107.7675 39.5131, -107.767 39.5171, -107.7665 39.52696, -107.766 39.541, -107.7655 39.55703, -107.765 39.57257, -107.7645 39.58521, -107.764 39.59294, -107.7635 39.59444, -107.763 39.58922, -107.7625 39.57771, -107.762 39.5612, -107.7615 39.54166, -107.761 39.52147, -107.7605 39.50313, -107.76 39.48886, -107.7595 39.48036, -107.759 39.47855, -107.7585 39.48345, -107.758 39.49418, -107.7575 39.50907, -107.757 39.5259, -107.7565 39.54219, -107.756 39.55554, -107.7555 39.56397, -107.755 39.56615, -107.7545 39.56161, -107.754 39.55079, -107.7535 39.53501, -107.753 39.51624, -107.7525 39.49688, -107.752 39.4794, -107.7515 39.46605, -107.751 39.45848, -107.7505 39.45762, -107.75 39.46346, -107.7495 39.47511, -107.749 39.49088, -107.7485 39.50855, -107.748 39.52564, -107.7475 39.53975, -107.747 39.54891, -107.7465 39.5518, -107.746 39.54797, -107.7455 39.53789, -107.745 39.52287, -107.7445 39.50491, -107.744 39.4864, -107.7435 39.46983, -107.743 39.4574, -107.7425 39.45081, -107.742 39.45092, -107.7415 39.45772, -107.741 39.4703, -107.7405 39.48698, -107.74 39.50551, -107.7395 39.52341, -107.739 39.5383, -107.7385 39.54819, -107.738 39.55181, -107.7375 39.54871, -107.737 39.53937, -107.7365 39.52513, -107.736 39.50798, -107.7355 39.49033, -107.735 39.47466, -107.7345 39.46318, -107.734 39.45754, -107.7335 39.45863, -107.733 39.46639, -107.7325 39.47991, -107.732 39.49748, -107.7315 39.51687, -107.731 39.53557, -107.7305 39.55122, -107.73 39.56185, -107.7295 39.56618, -107.729 39.56379, -107.7285 39.55518, -107.728 39.5417, -107.7275 39.52535, -107.727 39.50855, -107.7265 39.49376, -107.726 39.4832, -107.7255 39.4785, -107.725 39.48053, -107.7245 39.48923, -107.724 39.50366, -107.7235 39.5221, -107.723 39.54231, -107.7225 39.56179, -107.722 39.57817, -107.7215 39.58949, -107.721 39.5945, -107.7205 39.59279, -107.72 39.58487, -107.7195 39.5721, -107.719 39.55651, -107.7185 39.54051, -107.718 39.52657, -107.7175 39.51688, -107.717 39.51308, -107.7165 39.51601, -107.716 39.52559, -107.7155 39.54088, -107.715 39.56014, -107.7145 39.58111, -107.714 39.60131, -107.7135 39.61836, -107.713 39.63032, -107.7125 39.63595, -107.712 39.63485, -107.7115 39.62756, -107.711 39.61545, -107.7105 39.60056, -107.71 39.58529, -107.7095 39.57212, -107.709 39.56325, -107.7085 39.56027, -107.708 39.56403, -107.7075 39.57443, -107.707 39.5905, -107.7065 39.61049, -107.706 39.63216, -107.7055 39.653, -107.705 39.67064, -107.7045 39.68317, -107.704 39.68933, -107.7035 39.68877, -107.703 39.68203, -107.7025 39.67049, -107.702 39.65621, -107.7015 39.6416, -107.701 39.62912, -107.7005 39.62096, -107.7 39.61872, -107.6995 39.62321, -107.699 39.63433, -107.6985 39.65109, -107.698 39.67174, -107.6975 39.69399, -107.697 39.71538, -107.6965 39.73352, -107.696 39.7465, -107.6955 39.75311, -107.695 39.75298, -107.6945 39.74669, -107.694 39.73563, -107.6935 39.72185, -107.693 39.70778, -107.6925 39.69589, -107.692 39.68834, -107.6915 39.68673, -107.691 39.69186, -107.6905 39.70359, -107.69 39.72093, -107.6895 39.74211, -107.689 39.76485, -107.6885 39.78666, -107.688 39.80518, -107.6875 39.81851, -107.687 39.82544, -107.6865 39.82563, -107.686 39.81967, -107.6855 39.80896, -107.685 39.79558, -107.6845 39.78194, -107.684 39.77051, -107.6835 39.76346, -107.683 39.76236, -107.6825 39.76798, -107.682 39.78021, -107.6815 39.798, -107.681 39.81959, -107.6805 39.84268, -107.68 39.86479, -107.6795 39.88357, -107.679 39.89712, -107.6785 39.90424, -107.678 39.90463, -107.6775 39.89886, -107.677 39.88838, -107.6765 39.87526, -107.676 39.86192, -107.6755 39.85082, -107.675 39.84413, -107.6745 39.8434, -107.674 39.8494, -107.6735 39.86198, -107.673 39.88009, -107.6725 39.90195, -107.672 39.92526, -107.6715 39.94754, -107.671 39.96644, -107.6705 39.98006, -107.67 39.98725, -107.6695 39.98768, -107.669 39.98198, -107.6685 39.97158, -107.668 39.95858, -107.6675 39.9454, -107.667 39.9345, -107.6665 39.92803, -107.666 39.92754, -107.6655 39.93377, -107.665 39.94656, -107.6645 39.96484, -107.664 39.98683, -107.6635 40.01022, -107.663 40.03252, -107.6625 40.05139, -107.662 40.06496, -107.6615 40.07205, -107.661 40.07239, -107.6605 40.06661, -107.66 40.05616, -107.6595 40.04314, -107.659 40.02997, -107.6585 40.01912, -107.658 40.01273, -107.6575 40.01233, -107.657 40.01865, -107.6565 40.0315, -107.656 40.04982, -107.6555 40.07179, -107.655 40.09512, -107.6545 40.11729, -107.654 40.13599, -107.6535 40.14935, -107.653 40.15621, -107.6525 40.15632, -107.652 40.15032, -107.6515 40.13967, -107.651 40.12648, -107.6505 40.11319, -107.65 40.10225, -107.6495 40.09579, -107.649 40.09534, -107.6485 40.1016, -107.648 40.11438, -107.6475 40.13259, -107.647 40.1544, -107.6465 40.17751, -107.646 40.19942, -107.6455 40.21781, -107.645 40.23081, -107.6445 40.23731, -107.644 40.23704, -107.6435 40.23067, -107.643 40.21969, -107.6425 40.2062, -107.642 40.19264, -107.6415 40.18147, -107.641 40.17481, -107.6405 40.17416, -107.64 40.18023, -107.6395 40.1928, -107.639 40.21076, -107.6385 40.23228, -107.638 40.25504, -107.6375 40.27655, -107.637 40.29448, -107.6365 40.30701, -107.636 40.31299, -107.6355 40.31222, -107.635 40.30535, -107.6345 40.2939, -107.634 40.27997, -107.6335 40.26602, -107.633 40.25449, -107.6325 40.2475, -107.632 40.24654, -107.6315 40.25229, -107.631 40.26451, -107.6305 40.28209, -107.63 40.30319, -107.6295 40.32547, -107.629 40.34645, -107.6285 40.36382, -107.628 40.37573, -107.6275 40.38109, -107.627 40.37968, -107.6265 40.3722, -107.626 40.36016, -107.6255 40.34568, -107.625 40.33122, -107.6245 40.31921, -107.624 40.31177, -107.6235 40.31037, -107.623 40.31568, -107.6225 40.32745, -107.622 40.34454, -107.6215 40.3651, -107.621 40.38679, -107.6205 40.40713, -107.62 40.42381, -107.6195 40.43501, -107.619 40.43963, -107.6185 40.43749, -107.618 40.42928, -107.6175 40.41655, -107.617 40.40141, -107.6165 40.38633, -107.616 40.37375, -107.6155 40.36575, -107.615 40.36382, -107.6145 40.36859, -107.614 40.3798, -107.6135 40.3963, -107.613 40.41623, -107.6125 40.43724, -107.612 40.45685, -107.6115 40.47275, -107.611 40.48313, -107.6105 40.48693, -107.61 40.48396, -107.6095 40.47494, -107.609 40.46143, -107.6085 40.44555, -107.608 40.42977, -107.6075 40.41652, -107.607 40.4079, -107.6065 40.40535, -107.606 40.4095, -107.6055 40.42008, -107.605 40.43591, -107.6045 40.45512, -107.604 40.47537, -107.6035 40.49417, -107.603 40.50922, -107.6025 40.51872, -107.602 40.52162, -107.6015 40.51775, -107.601 40.50786, -107.6005 40.4935, -107.6 40.47681, -107.5995 40.46027, -107.599 40.4463, -107.5985 40.43698, -107.598 40.43375, -107.5975 40.43723, -107.597 40.44711, -107.5965 40.46222, -107.596 40.48066, -107.5955 40.5001, -107.595 40.51804, -107.5945 40.53218, -107.594 40.54075, -107.5935 40.5427, -107.593 40.53789, -107.5925 40.52707, -107.592 40.51182, -107.5915 40.49429, -107.591 40.47694, -107.5905 40.46221, -107.59 40.45215, -107.5895 40.44821, -107.589 40.45098, -107.5885 40.46013, -107.588 40.47448, -107.5875 40.49213, -107.587 40.51072, -107.5865 40.52776, -107.586 40.54097, -107.5855 40.54858, -107.585 40.54956, -107.5845 40.54378, -107.584 40.53203, -107.5835 40.51586, -107.583 40.49747, -107.5825 40.4793, -107.582 40.46378, -107.5815 40.45298, -107.581 40.44832, -107.5805 40.45036, -107.58 40.45877, -107.5795 40.47235, -107.579 40.48919, -107.5785 40.50693, -107.578 40.52307, -107.5775 40.53535, -107.577 40.542, -107.5765 40.54201, -107.576 40.53527, -107.5755 40.52257, -107.575 40.5055, -107.5745 40.48624, -107.574 40.46726, -107.5735 40.45098, -107.573 40.43944, -107.5725 40.43406, -107.572 40.43539, -107.5715 40.44308, -107.571 40.4559, -107.5705 40.47195, -107.57 40.48885, -107.5695 40.50412, -107.569 40.51548, -107.5685 40.52119, -107.568 40.52025, -107.5675 40.51257, -107.567 40.49896, -107.5665 40.48101, -107.566 40.46093, -107.5655 40.44116, -107.565 40.42415, -107.5645 40.41191, -107.564 40.40585, -107.5635 40.4065, -107.563 40.4135, -107.5625 40.42562, -107.562 40.44091, -107.5615 40.45702, -107.561 40.47145, -107.5605 40.48194, -107.56 40.48675, -107.5595 40.48492, -107.559 40.47635, -107.5585 40.46187, -107.558 40.44311, -107.5575 40.42225, -107.557 40.40176, -107.5565 40.38406, -107.556 40.37118, -107.5555 40.3645, -107.555 40.36453, -107.5545 40.37091, -107.554 40.38237, -107.5535 40.39698, -107.553 40.41235, -107.5525 40.42601, -107.552 40.4357, -107.5515 40.43969, -107.551 40.43703, -107.5505 40.42764, -107.55 40.41238, -107.5495 40.39286, -107.549 40.3713, -107.5485 40.35017, -107.548 40.33187, -107.5475 40.31843, -107.547 40.3112, -107.5465 40.3107, -107.546 40.31653, -107.5455 40.32743, -107.545 40.34143, -107.5445 40.35616, -107.544 40.36914, -107.5435 40.37811, -107.543 40.38136, -107.5425 40.37796, -107.542 40.36785, -107.5415 40.35189, -107.541 40.33172, -107.5405 40.30956, -107.54 40.28787, -107.5395 40.26907, -107.539 40.25516, -107.5385 40.24749, -107.538 40.24656, -107.5375 40.25195, -107.537 40.26237, -107.5365 40.27587, -107.536 40.29006, -107.5355 40.30246, -107.535 40.31082, -107.5345 40.31345, -107.534 40.30942, -107.5335 40.29869, -107.533 40.28214, -107.5325 40.26143, -107.532 40.23878, -107.5315 40.21665, -107.531 40.19746, -107.5305 40.1832, -107.53 40.17521, -107.5295 40.17396, -107.529 40.17902, -107.5285 40.18909, -107.528 40.20221, -107.5275 40.21598, -107.527 40.22791, -107.5265 40.23579, -107.526 40.23791, -107.5255 40.23337, -107.525 40.22215, -107.5245 40.20514, -107.524 40.18402, -107.5235 40.161, -107.523 40.13856, -107.5225 40.11911, -107.522 40.10463, -107.5215 40.09644, -107.521 40.095, -107.5205 40.09986, -107.52 40.10971, -107.5195 40.12257, -107.519 40.13605, -107.5185 40.14766, -107.518 40.15517, -107.5175 40.15692, -107.517 40.15201, -107.5165 40.14043, -107.516 40.1231, -107.5155 40.10169, -107.515 40.07845, -107.5145 40.05584, -107.514 40.03626, -107.5135 40.02169, -107.513 40.01344, -107.5125 40.01195, -107.512 40.01675, -107.5115 40.02653, -107.511 40.03927, -107.5105 40.05259, -107.51 40.06401, -107.5095 40.07131, -107.509 40.07283, -107.5085 40.06768, -107.508 40.05589, -107.5075 40.03837, -107.507 40.01683, -107.5065 39.9935, -107.506 39.97086, -107.5055 39.9513, -107.505 39.93679, -107.5045 39.92862, -107.504 39.92723, -107.5035 39.93211, -107.503 39.94194, -107.5025 39.95471, -107.502 39.96802, -107.5015 39.9794, -107.501 39.98662, -107.5005 39.98805, -107.5 39.98281, -107.4995 39.97095, -107.499 39.95339, -107.4985 39.93186, -107.498 39.90859, -107.4975 39.88606, -107.497 39.86667, -107.4965 39.85236, -107.496 39.84442, -107.4955 39.84326, -107.495 39.84837, -107.4945 39.85841, -107.494 39.87135, -107.4935 39.88479, -107.493 39.89626, -107.4925 39.90355, -107.492 39.90503, -107.4915 39.89985, -107.491 39.88806, -107.4905 39.87061, -107.49 39.84922, -107.4895 39.82616, -107.489 39.80389, -107.4885 39.7848, -107.488 39.77084, -107.4875 39.76327, -107.487 39.76248, -107.4865 39.76796, -107.486 39.77834, -107.4855 39.79159, -107.485 39.8053, -107.4845 39.81701, -107.484 39.82451, -107.4835 39.82618, -107.483 39.82118, -107.4825 39.8096, -107.482 39.7924, -107.4815 39.7713, -107.481 39.74857, -107.4805 39.7267, -107.48 39.70805, -107.4795 39.69457, -107.479 39.6875, -107.4785 39.68722, -107.478 39.6932, -107.4775 39.70405, -107.477 39.71774, -107.4765 39.73186, -107.476 39.74393, -107.4755 39.75176, -107.475 39.75375, -107.4745 39.74908, -107.474 39.73784, -107.4735 39.721, -107.473 39.70032, -107.4725 39.67806, -107.472 39.6567, -107.4715 39.63862, -107.471 39.62575, -107.4705 39.61931, -107.47 39.61966, -107.4695 39.62625, -107.469 39.6377, -107.4685 39.65195, -107.468 39.66658, -107.4675 39.67913, -107.467 39.68742, -107.4665 39.68985, -107.466 39.68562, -107.4655 39.67482, -107.465 39.65847, -107.4645 39.63832, -107.464 39.61664, -107.4635 39.59592, -107.463 39.57851, -107.4625 39.56635, -107.462 39.56065, -107.4615 39.56174, -107.461 39.56906, -107.4605 39.5812, -107.46 39.59611, -107.4595 39.61137, -107.459 39.62451, -107.4585 39.63335, -107.458 39.63632, -107.4575 39.63262, -107.457 39.62238, -107.4565 39.60661, -107.456 39.58708, -107.4555 39.56608, -107.455 39.54608, -107.4545 39.52945, -107.454 39.5181, -107.4535 39.51322, -107.453 39.51514, -107.4525 39.52327, -107.452 39.5362, -107.4515 39.55186, -107.451 39.56783, -107.4505 39.58163, -107.45 39.59111, -107.4495 39.59469, -107.449 39.59161, -107.4485 39.582, -107.448 39.56689, -107.4475 39.54807, -107.447 39.52782, -107.4465 39.50863, -107.446 39.49284, -107.4455 39.48237, -107.445 39.47838, -107.4445 39.4812, -107.444 39.49022, -107.4435 39.504, -107.443 39.52047, -107.4425 39.53721, -107.442 39.55174, -107.4415 39.56192, -107.441 39.56618, -107.4405 39.56377, -107.44 39.55485, -107.4395 39.54047, -107.439 39.5224, -107.4385 39.50296, -107.438 39.48462, -107.4375 39.46974, -107.437 39.46019, -107.4365 39.45715, -107.436 39.46091, -107.4355 39.47086, -107.435 39.48554, -107.4345 39.50287, -107.434 39.52041, -107.4335 39.53571, -107.433 39.54663, -107.4325 39.5516, -107.432 39.54991, -107.4315 39.54171, -107.431 39.52808, -107.4305 39.51081, -107.43 39.4922, -107.4295 39.47475, -107.429 39.46079, -107.4285 39.4522, -107.428 39.45013, -107.4275 39.45486, -107.427 39.46576, -107.4265 39.48135, -107.426 39.49955, -107.4255 39.51793, -107.425 39.53401, -107.4245 39.54568, -107.424 39.55138, -107.4235 39.55041, -107.423 39.54296, -107.4225 39.53008, -107.422 39.51361, -107.4215 39.49586, -107.421 39.47929, -107.4205 39.46627, -107.42 39.45863, -107.4195 39.45754, -107.419 39.46323, -107.4185 39.47507, -107.418 39.49158, -107.4175 39.51065, -107.417 39.52984, -107.4165 39.5467, -107.416 39.55911, -107.4155 39.56553, -107.415 39.56527, -107.4145 39.55853, -107.414 39.54641, -107.4135 39.53073, -107.413 39.5138, -107.4125 39.49811, -107.412 39.48599, -107.4115 39.47929, -107.411 39.47914, -107.4105 39.48578, -107.41 39.49854, -107.4095 39.51592, -107.409 39.53583, -107.4085 39.55581, -107.408 39.57342, -107.4075 39.58653, -107.407 39.59363, -107.4065 39.59405, -107.406 39.588, -107.4055 39.57658, -107.405 39.56164, -107.4045 39.5455, -107.404 39.53064, -107.4035 39.51939, -107.403 39.51358, -107.4025 39.51433, -107.402 39.52186, -107.4015 39.53548, -107.401 39.5537, -107.4005 39.57439, -107.4 39.59511, -107.3995 39.6134, -107.399 39.62716, -107.3985 39.63489, -107.398 39.63592, -107.3975 39.63049, -107.397 39.61972, -107.3965 39.60546, -107.396 39.59004, -107.3955 39.57595, -107.395 39.5655, -107.3945 39.56051, -107.394 39.56209, -107.3935 39.57044, -107.393 39.58486, -107.3925 39.60383, -107.392 39.62523, -107.3915 39.6466, -107.391 39.6655, -107.3905 39.67982, -107.39 39.6881, -107.3895 39.68966, -107.389 39.68478, -107.3885 39.67457, -107.388 39.66092, -107.3875 39.64613, -107.387 39.63272, -107.3865 39.62297, -107.386 39.61872, -107.3855 39.62104, -107.385 39.63011, -107.3845 39.64524, -107.384 39.66487, -107.3835 39.68688, -107.383 39.70881, -107.3825 39.72822, -107.382 39.74302, -107.3815 39.75174, -107.381 39.75374, -107.3805 39.74929, -107.38 39.73955, -107.3795 39.72639, -107.379 39.71214, -107.3785 39.6993, -107.378 39.69016, -107.3775 39.68654, -107.377 39.68948, -107.3765 39.69918, -107.376 39.71489, -107.3755 39.73508, -107.375 39.75758, -107.3745 39.77996, -107.374 39.79977, -107.3735 39.81492, -107.373 39.82397, -107.3725 39.82629, -107.372 39.82217, -107.3715 39.81277, -107.371 39.79999, -107.3705 39.78616, -107.37 39.77377, -107.3695 39.76512, -107.369 39.762, -107.3685 39.76545, -107.368 39.77564, -107.3675 39.79182, -107.367 39.81243, -107.3665 39.83531, -107.366 39.85801, -107.3655 39.87808, -107.365 39.89346, -107.3645 39.90271, -107.364 39.90522, -107.3635 39.90129, -107.363 39.89212, -107.3625 39.87958, -107.362 39.86604, -107.3615 39.85397, -107.361 39.84567, -107.3605 39.84292, -107.36 39.84675, -107.3595 39.85731, -107.359 39.87382, -107.3585 39.89471, -107.358 39.91783, -107.3575 39.94071, -107.357 39.96091, -107.3565 39.97638, -107.356 39.98569, -107.3555 39.98825, -107.355 39.98439, -107.3545 39.97529, -107.354 39.96286, -107.3535 39.94946, -107.353 39.93758, -107.3525 39.9295, -107.352 39.92698, -107.3515 39.93105, -107.351 39.94182, -107.3505 39.95852, -107.35 39.97956, -107.3495 40.00277, -107.349 40.02569, -107.3485 40.04588, -107.348 40.0613, -107.3475 40.07053, -107.347 40.073, -107.3465 40.06904, -107.346 40.05988, -107.3455 40.04742, -107.345 40.03403, -107.3445 40.02219, -107.344 40.01417, -107.3435 40.01174, -107.343 40.0159, -107.3425 40.02675, -107.342 40.04349, -107.3415 40.06453, -107.341 40.08769, -107.3405 40.1105, -107.34 40.13054, -107.3395 40.14576, -107.339 40.15477, -107.3385 40.157, -107.338 40.15282, -107.3375 40.14345, -107.337 40.13081, -107.3365 40.11728, -107.336 40.10534, -107.3355 40.09725, -107.335 40.09477, -107.3345 40.09887, -107.334 40.10965, -107.3335 40.1263, -107.333 40.14719, -107.3325 40.17016, -107.332 40.19272, -107.3315 40.21246, -107.331 40.22734, -107.3305 40.23598, -107.33 40.23784, -107.3295 40.23329, -107.329 40.22357, -107.3285 40.21062, -107.328 40.19681, -107.3275 40.18463, -107.327 40.17633, -107.3265 40.17365, -107.326 40.17757, -107.3255 40.18814, -107.325 40.20455, -107.3245 40.22517, -107.324 40.2478, -107.3235 40.26998, -107.323 40.28928, -107.3225 40.30369, -107.322 40.31183, -107.3215 40.31318, -107.321 40.30812, -107.3205 40.29793, -107.32 40.28453, -107.3195 40.27032, -107.319 40.25776, -107.3185 40.24913, -107.318 40.24613, -107.3175 40.24972, -107.317 40.25996, -107.3165 40.27601, -107.316 40.29622, -107.3155 40.3184, -107.315 40.34006, -107.3145 40.3588, -107.314 40.37261, -107.3135 40.38013, -107.313 40.38084, -107.3125 40.37517, -107.312 40.36437, -107.3115 40.35041, -107.311 40.33567, -107.3105 40.32263, -107.31 40.31354, -107.3095 40.3101, -107.309 40.31326, -107.3085 40.32305, -107.308 40.33862, -107.3075 40.35831, -107.307 40.37991, -107.3065 40.40095, -107.306 40.41902, -107.3055 40.43212, -107.305 40.4389, -107.3045 40.43888, -107.304 40.43248, -107.3035 40.42098, -107.303 40.40635, -107.3025 40.39098, -107.302 40.37735, -107.3015 40.3677, -107.301 40.36372, -107.3005 40.36634, -107.3 40.37559, -107.2995 40.39058, -107.299 40.40965, -107.2985 40.43058, -107.298 40.4509, -107.2975 40.46821, -107.297 40.48051, -107.2965 40.48646, -107.296 40.48561, -107.2955 40.47839, -107.295 40.4661, -107.2945 40.45072, -107.294 40.43463, -107.2935 40.42033, -107.293 40.41004, -107.2925 40.40544, -107.292 40.40745, -107.2915 40.41607, -107.291 40.4304, -107.2905 40.44877, -107.29 40.46896, -107.2895 40.48849, -107.289 40.50496, -107.2885 40.51638, -107.288 40.52144, -107.2875 40.51969, -107.287 40.51158, -107.2865 40.49843, -107.286 40.48223, -107.2855 40.46537, -107.285 40.45033, -107.2845 40.43934, -107.284 40.43406, -107.2835 40.43539, -107.283 40.44332, -107.2825 40.45694, -107.282 40.47456, -107.2815 40.49395, -107.281 40.51263, -107.2805 40.52821, -107.28 40.5387, -107.2795 40.54282, -107.279 40.54013, -107.2785 40.53109, -107.278 40.51704, -107.2775 40.49997, -107.277 40.4823, -107.2765 40.46648, -107.276 40.45475, -107.2755 40.44875, -107.275 40.44937, -107.2745 40.45658, -107.274 40.46945, -107.2735 40.48629, -107.273 40.50485, -107.2725 40.52265, -107.272 40.5373, -107.2715 40.54684, -107.271 40.54999, -107.2705 40.54633, -107.27 40.53634, -107.2695 40.52137, -107.269 40.50342, -107.2685 40.48491, -107.268 40.4683, -107.2675 40.45581, -107.267 40.44908, -107.2665 40.44898, -107.266 40.45546, -107.2655 40.46757, -107.265 40.48361, -107.2645 40.50133, -107.264 40.51825, -107.2635 40.53198, -107.263 40.54057, -107.2625 40.54275, -107.262 40.53811, -107.2615 40.52717, -107.261 40.51128, -107.2605 40.49246, -107.26 40.47312, -107.2595 40.45573, -107.259 40.4425, -107.2585 40.43505, -107.258 40.43424, -107.2575 40.43999, -107.257 40.45137, -107.2565 40.46663, -107.256 40.48353, -107.2555 40.49958, -107.255 40.5124, -107.2545 40.52006, -107.254 40.52129, -107.2535 40.51572, -107.253 40.50385, -107.2525 40.48708, -107.252 40.46741, -107.2515 40.44727, -107.251 40.42913, -107.2505 40.41519, -107.25 40.40706, -107.2495 40.40557, -107.249 40.41064, -107.2485 40.42131, -107.248 40.43583, -107.2475 40.45195, -107.247 40.46718, -107.2465 40.47914, -107.246 40.48591, -107.2455 40.48625, -107.245 40.47978, -107.2445 40.46704, -107.244 40.44943, -107.2435 40.42897, -107.243 40.40809, -107.2425 40.38926, -107.242 40.37466, -107.2415 40.3659, -107.241 40.3638, -107.2405 40.36825, -107.24 40.37828, -107.2395 40.39212, -107.239 40.40752, -107.2385 40.42199, -107.238 40.43317, -107.2375 40.43912, -107.237 40.43862, -107.2365 40.43133, -107.236 40.41779, -107.2355 40.39942, -107.235 40.37825, -107.2345 40.3567, -107.234 40.33725, -107.2335 40.32208, -107.233 40.31278, -107.2325 40.31014, -107.232 40.31405, -107.2315 40.32351, -107.231 40.33677, -107.2305 40.35154, -107.23 40.36534, -107.2295 40.3758, -107.229 40.38102, -107.2285 40.37979, -107.228 40.37176, -107.2275 40.35752, -107.227 40.33848, -107.2265 40.31669, -107.226 40.29457, -107.2255 40.27461, -107.225 40.25896, -107.2245 40.24921, -107.224 40.24613, -107.2235 40.24961, -107.223 40.25861, -107.2225 40.27138, -107.222 40.28562, -107.2215 40.29885, -107.221 40.30871, -107.2205 40.31331, -107.22 40.31144, -107.2195 40.3028, -107.219 40.28796, -107.2185 40.26836, -107.218 40.24606, -107.2175 40.22349, -107.217 40.20312, -107.2165 40.18711, -107.216 40.17703, -107.2155 40.17363, -107.215 40.17679, -107.2145 40.18545, -107.214 40.19784, -107.2135 40.21167, -107.213 40.22445, -107.2125 40.23384, -107.212 40.23793, -107.2115 40.23556, -107.211 40.22641, -107.2105 40.2111, -107.21 40.19107, -107.2095 40.16839, -107.209 40.14549, -107.2085 40.12485, -107.208 40.1086, -107.2075 40.09832, -107.207 40.09473, -107.2065 40.09769, -107.206 40.10614, -107.2055 40.11829, -107.205 40.13184, -107.2045 40.14431, -107.204 40.15334, -107.2035 40.15706, -107.203 40.15431, -107.2025 40.1448, -107.202 40.12916, -107.2015 40.10883, -107.201 40.0859, -107.2005 40.06282, -107.2 40.04203, -107.1995 40.02569, -107.199 40.01534, -107.1985 40.0117, -107.198 40.01461, -107.1975 40.02298, -107.197 40.03503, -107.1965 40.04844, -107.196 40.06072, -107.1955 40.06955, -107.195 40.07304, -107.1945 40.07006, -107.194 40.06032, -107.1935 40.04448, -107.193 40.024, -107.1925 40.00097, -107.192 39.97784, -107.1915 39.95706, -107.191 39.94077, -107.1905 39.93049, -107.19 39.92695, -107.1895 39.92994, -107.189 39.93838, -107.1885 39.95047, -107.188 39.96388, -107.1875 39.97613, -107.187 39.98489, -107.1865 39.98829, -107.186 39.98522, -107.1855 39.97541, -107.185 39.95951, -107.1845 39.93902, -107.184 39.91604, -107.1835 39.89301, -107.183 39.87237, -107.1825 39.85627, -107.182 39.84622, -107.1815 39.84291, -107.181 39.84613, -107.1805 39.85479, -107.18 39.86705, -107.1795 39.88061, -107.179 39.89296, -107.1785 39.9018, -107.178 39.90526, -107.1775 39.90224, -107.177 39.89249, -107.1765 39.87669, -107.176 39.85633, -107.1755 39.83354, -107.175 39.81074, -107.1745 39.7904, -107.174 39.77464, -107.1735 39.76495, -107.173 39.76201, -107.1725 39.7656, -107.172 39.77461, -107.1715 39.7872, -107.171 39.80103, -107.1705 39.81364, -107.17 39.82269, -107.1695 39.82635, -107.169 39.82351, -107.1685 39.81396, -107.168 39.79839, -107.1675 39.77831, -107.167 39.75584, -107.1665 39.73342, -107.166 39.71351, -107.1655 39.69821, -107.165 39.68902, -107.1645 39.68659, -107.164 39.69069, -107.1635 39.70018, -107.163 39.71321, -107.1625 39.72747, -107.162 39.74044, -107.1615 39.74984, -107.161 39.75382, -107.1605 39.7513, -107.16 39.74209, -107.1595 39.72688, -107.159 39.70719, -107.1585 39.68517, -107.158 39.66325, -107.1575 39.6439, -107.157 39.62919, -107.1565 39.62062, -107.156 39.61882, -107.1555 39.62354, -107.155 39.63364, -107.1545 39.64725, -107.154 39.66203, -107.1535 39.6755, -107.153 39.68536, -107.1525 39.68978, -107.152 39.6877, -107.1515 39.67893, -107.151 39.66419, -107.1505 39.64502, -107.15 39.62356, -107.1495 39.60226, -107.149 39.58357, -107.1485 39.56957, -107.148 39.56172, -107.1475 39.56067, -107.147 39.56612, -107.1465 39.57693, -107.146 39.59121, -107.1455 39.60663, -107.145 39.6207, -107.1445 39.63111, -107.144 39.63607, -107.1435 39.63453, -107.143 39.6263, -107.1425 39.61214, -107.142 39.59358, -107.1415 39.57278, -107.141 39.55219, -107.1405 39.53426, -107.14 39.52105, -107.1395 39.51403, -107.139 39.5138, -107.1385 39.52008, -107.138 39.53168, -107.1375 39.54672, -107.137 39.56286, -107.1365 39.57761, -107.136 39.58867, -107.1355 39.59425, -107.135 39.59332, -107.1345 39.58572, -107.134 39.57221, -107.1335 39.55434, -107.133 39.53427, -107.1325 39.51447, -107.132 39.49737, -107.1315 39.48504, -107.131 39.47891, -107.1305 39.47958, -107.13 39.48674, -107.1295 39.49921, -107.129 39.51508, -107.1285 39.532, -107.128 39.54749, -107.1275 39.55926, -107.127 39.56553, -107.1265 39.56527, -107.126 39.55835, -107.1255 39.54555, -107.125 39.52842, -107.1245 39.50915, -107.124 39.49019, -107.1235 39.47398, -107.123 39.46256, -107.1225 39.45738, -107.122 39.459, -107.1215 39.46709, -107.121 39.48046, -107.1205 39.4972, -107.12 39.51495, -107.1195 39.53122, -107.119 39.54374, -107.1185 39.55073, -107.118 39.55118, -107.1175 39.54498, -107.117 39.53292, -107.1165 39.51657, -107.116 39.49812, -107.1155 39.48004, -107.115 39.46474, -107.1145 39.45427, -107.114 39.45005, -107.1135 39.45264, -107.113 39.46169, -107.1125 39.47599, -107.112 39.49362, -107.1115 39.51221, -107.111 39.52928, -107.1105 39.54255, -107.11 39.55028, -107.1095 39.55145, -107.109 39.54599, -107.1085 39.53467, -107.108 39.51912, -107.1075 39.5015, -107.107 39.48429, -107.1065 39.46991, -107.106 39.46039, -107.1055 39.45714, -107.105 39.4607, -107.1045 39.47071, -107.104 39.48593, -107.1035 39.50444, -107.103 39.52386, -107.1025 39.54172, -107.102 39.55575, -107.1015 39.56419, -107.101 39.56609, -107.1005 39.56133, -107.1 39.55076, -107.0995 39.53598, -107.099 39.51917, -107.0985 39.50282, -107.098 39.48934, -107.0975 39.48075, -107.097 39.47845, -107.0965 39.48295, -107.096 39.49388, -107.0955 39.51, -107.095 39.52936, -107.0945 39.54959, -107.094 39.56821, -107.0935 39.58295, -107.093 39.59208, -107.0925 39.59465, -107.092 39.59058, -107.0915 39.5807, -107.091 39.56665, -107.0905 39.55062, -107.09 39.53509, -107.0895 39.52246, -107.089 39.51476, -107.0885 39.51335, -107.088 39.51875, -107.0875 39.53056, -107.087 39.54752, -107.0865 39.56768, -107.086 39.58866, -107.0855 39.60797, -107.085 39.62337, -107.0845 39.63314, -107.084 39.63632, -107.0835 39.63287, -107.083 39.62363, -107.0825 39.61025, -107.082 39.59493, -107.0815 39.58015, -107.081 39.56831, -107.0805 39.56142, -107.08 39.56084, -107.0795 39.56707, -107.079 39.57968, -107.0785 39.59741, -107.078 39.61829, -107.0775 39.63994, -107.077 39.65988, -107.0765 39.67586, -107.076 39.68618, -107.0755 39.6899, -107.075 39.68698, -107.0745 39.6783, -107.074 39.66551, -107.0735 39.65081, -107.073 39.63669, -107.0725 39.62556, -107.072 39.6194, -107.0715 39.61956, -107.071 39.62652, -107.0705 39.63984, -107.07 39.65825, -107.0695 39.67976, -107.069 39.70199, -107.0685 39.72245, -107.068 39.73891, -107.0675 39.74968, -107.067 39.75383, -107.0665 39.75135, -107.066 39.74313, -107.0655 39.73082, -107.065 39.71665, -107.0645 39.70309, -107.064 39.69255, -107.0635 39.68701, -107.063 39.6878, -107.0625 39.69539, -107.062 39.70931, -107.0615 39.72828, -107.061 39.75031, -107.0605 39.773, -107.06 39.79387, -107.0595 39.8107, -107.059 39.82181, -107.0585 39.82628, -107.058 39.82412, -107.0575 39.81623, -107.057 39.80429, -107.0565 39.79052, -107.056 39.77741, -107.0555 39.76735, -107.055 39.76231, -107.0545 39.76361, -107.054 39.77169, -107.0535 39.7861, -107.053 39.80551, -107.0525 39.82792, -107.052 39.85095, -107.0515 39.87211, -107.051 39.88918, -107.0505 39.90049, -107.05 39.90515, -107.0495 39.90319, -107.049 39.89551, -107.0485 39.8838, -107.048 39.87031, -107.0475 39.85751, -107.047 39.84778, -107.0465 39.84312, -107.046 39.84479, -107.0455 39.85324, -107.045 39.86799, -107.0445 39.8877, -107.044 39.91037, -107.0435 39.9336, -107.043 39.9549, -107.0425 39.97207, -107.042 39.98345, -107.0415 39.98817, -107.041 39.98626, -107.0405 39.97865, -107.04 39.96704, -107.0395 39.95369, -107.039 39.94106, -107.0385 39.93154, -107.038 39.9271, -107.0375 39.92901, -107.037 39.93769, -107.0365 39.95264, -107.036 39.97251, -107.0355 39.99529, -107.035 40.01857, -107.0345 40.03988, -107.034 40.05701, -107.0335 40.06831, -107.033 40.07294, -107.0325 40.07094, -107.032 40.06326, -107.0315 40.05161, -107.031 40.03824, -107.0305 40.02564, -107.03 40.01619, -107.0295 40.01183, -107.029 40.01384, -107.0285 40.0226, -107.028 40.0376, -107.0275 40.05749, -107.027 40.08023, -107.0265 40.10343, -107.026 40.12459, -107.0255 40.14154, -107.025 40.15262, -107.0245 40.15702, -107.024 40.15479, -107.0235 40.14689, -107.023 40.13505, -107.0225 40.12154, -107.022 40.10882, -107.0215 40.09929, -107.021 40.09487, -107.0205 40.09682, -107.02 40.10552, -107.0195 40.12044, -107.019 40.1402, -107.0185 40.16277, -107.018 40.18573, -107.0175 40.20661, -107.017 40.22323, -107.0165 40.23396, -107.016 40.23798, -107.0155 40.23537, -107.015 40.22712, -107.0145 40.21496, -107.014 40.20115, -107.0135 40.18819, -107.013 40.17843, -107.0125 40.17382, -107.012 40.17558, -107.0115 40.18408, -107.011 40.19878, -107.0105 40.21827, -107.01 40.24052, -107.0095 40.26312, -107.009 40.28358, -107.0085 40.29973, -107.008 40.30997, -107.0075 40.31348, -107.007 40.31037, -107.0065 40.30163, -107.006 40.28901, -107.0055 40.27478, -107.005 40.26144, -107.0045 40.25134, -107.004 40.2464, -107.0035 40.24784, -107.003 40.25601, -107.0025 40.27035, -107.002 40.28946, -107.0015 40.31127, -107.001 40.33337, -107.0005 40.35328, -107 40.36885, -106.9995 40.37846, -106.999 40.38134, -106.9985 40.37761, -106.998 40.36826, -106.9975 40.35506, -106.997 40.3403, -106.9965 40.32645, -106.996 40.31589, -106.9955 40.31051, -106.995 40.31152, -106.9945 40.31925, -106.994 40.33312, -106.9935 40.35171, -106.993 40.37297, -106.9925 40.39446, -106.992 40.41372, -106.9915 40.42859, -106.991 40.43748, -106.9905 40.43962, -106.99 40.43515, -106.9895 40.42508, -106.989 40.41121, -106.9885 40.3958, -106.988 40.38136, -106.9875 40.37022, -106.987 40.3643, -106.9865 40.36477, -106.986 40.37196, -106.9855 40.38527, -106.985 40.40326, -106.9845 40.42386, -106.984 40.44465, -106.9835 40.46316, -106.983 40.47723, -106.9825 40.4853, -106.982 40.48661, -106.9815 40.48132, -106.981 40.47046, -106.9805 40.45581, -106.98 40.43968, -106.9795 40.42455, -106.979 40.41277, -106.9785 40.40622, -106.978 40.40607, -106.9775 40.41264, -106.977 40.4253, -106.9765 40.44261, -106.976 40.46248, -106.9755 40.48249, -106.975 40.50018, -106.9745 40.51338, -106.974 40.52056, -106.9735 40.52098, -106.973 40.51479, -106.9725 40.50306, -106.972 40.48758, -106.9715 40.47066, -106.971 40.45478, -106.9705 40.44229, -106.97 40.43505, -106.9695 40.43423, -106.969 40.44012, -106.9685 40.45208, -106.968 40.46864, -106.9675 40.48774, -106.967 40.50691, -106.9665 40.52372, -106.966 40.53601, -106.9655 40.54225, -106.965 40.54171, -106.9645 40.53459, -106.964 40.52195, -106.9635 40.5056, -106.963 40.48784, -106.9625 40.47117, -106.962 40.45793, -106.9615 40.44997, -106.961 40.44844, -106.9605 40.45361, -106.96 40.46483, -106.9595 40.48062, -106.959 40.4989, -106.9585 40.51721, -106.958 40.5331, -106.9575 40.54445, -106.957 40.54973, -106.9565 40.54822, -106.956 40.54014, -106.9555 40.52656, -106.955 40.50932, -106.9545 40.49071, -106.954 40.47324, -106.9535 40.45923, -106.953 40.45053, -106.9525 40.44828, -106.952 40.45272, -106.9515 40.46319, -106.951 40.47821, -106.9505 40.49566, -106.95 40.5131, -106.9495 40.52808, -106.949 40.53848, -106.9485 40.54279, -106.948 40.54032, -106.9475 40.53128, -106.947 40.51677, -106.9465 40.49864, -106.946 40.47919, -106.9455 40.46092, -106.945 40.44615, -106.9445 40.43673, -106.944 40.43376, -106.9435 40.43749, -106.943 40.44723, -106.9425 40.46147, -106.942 40.47812, -106.9415 40.49471, -106.941 40.5088, -106.9405 40.51827, -106.94 40.52164, -106.9395 40.51822, -106.939 40.50825, -106.9385 40.49284, -106.938 40.47384, -106.9375 40.45359, -106.937 40.43455, -106.9365 40.41906, -106.936 40.40895, -106.9355 40.40531, -106.935 40.40835, -106.9345 40.4174, -106.934 40.43092, -106.9335 40.44679, -106.933 40.46257, -106.9325 40.47582, -106.932 40.48441, -106.9315 40.48688, -106.931 40.48256, -106.9305 40.47171, -106.93 40.45545, -106.9295 40.43565, -106.929 40.41464, -106.9285 40.39489, -106.928 40.37874, -106.9275 40.36799, -106.927 40.36373, -106.9265 40.36616, -106.926 40.37457, -106.9255 40.38743, -106.925 40.4026, -106.9245 40.41764, -106.924 40.43009, -106.9235 40.43788, -106.923 40.43952, -106.9225 40.43437, -106.922 40.42271, -106.9215 40.40568, -106.921 40.38515, -106.9205 40.36345, -106.92 40.34308, -106.9195 40.32634, -106.919 40.31504, -106.9185 40.31024, -106.918 40.31214, -106.9175 40.31999, -106.917 40.33227, -106.9165 40.34682, -106.916 40.3612, -106.9155 40.37296, -106.915 40.38002, -106.9145 40.38092, -106.914 40.37504, -106.9135 40.36266, -106.913 40.34495, -106.9125 40.32378, -106.912 40.3015, -106.9115 40.28059, -106.911 40.26337, -106.9105 40.25161, -106.91 40.24638, -106.9095 40.24783, -106.909 40.25524, -106.9085 40.26703, -106.908 40.28107, -106.9075 40.29489, -106.907 40.30606, -106.9065 40.31251, -106.906 40.31278, -106.9055 40.30627, -106.905 40.29328, -106.9045 40.275, -106.904 40.25331, -106.9035 40.23056, -106.903 40.20923, -106.9025 40.19163, -106.902 40.17953, -106.9015 40.17398, -106.901 40.17512, -106.9005 40.18219, -106.9 40.19362, -106.8995 40.20726, -106.899 40.22065, -106.8985 40.23134, -106.898 40.23729, -106.8975 40.23705, -106.897 40.23004, -106.8965 40.21657, -106.896 40.19784, -106.8955 40.17575, -106.895 40.15266, -106.8945 40.13104, -106.894 40.11319, -106.8935 40.10088, -106.893 40.09514, -106.8925 40.09609, -106.892 40.10295, -106.8915 40.11415, -106.891 40.12752, -106.8905 40.1406, -106.89 40.15096, -106.8895 40.15654, -106.889 40.15593, -106.8885 40.14855, -106.888 40.13473, -106.8875 40.11569, -106.887 40.09334, -106.8865 40.07004, -106.886 40.04827, -106.8855 40.03031, -106.885 40.01793, -106.8845 40.01213, -106.884 40.01302, -106.8835 40.01982, -106.883 40.03093, -106.8825 40.04417, -106.882 40.05708, -106.8815 40.06724, -106.881 40.0726, -106.8805 40.07175, -106.88 40.06414, -106.8795 40.05012, -106.879 40.03091, -106.8785 40.00844, -106.878 39.98507, -106.8775 39.96329, -106.877 39.94536, -106.8765 39.93305, -106.876 39.92734, -106.8755 39.92833, -106.875 39.9352, -106.8745 39.94636, -106.874 39.95961, -106.8735 39.9725, -106.873 39.9826, -106.8725 39.98788, -106.872 39.98694, -106.8715 39.97924, -106.871 39.96516, -106.8705 39.94593, -106.87 39.92348, -106.8695 39.90019, -106.869 39.87855, -106.8685 39.8608, -106.868 39.84871, -106.8675 39.84323, -106.867 39.84444, -106.8665 39.85154, -106.866 39.86289, -106.8655 39.8763, -106.865 39.88931, -106.8645 39.89949, -106.864 39.90483, -106.8635 39.90394, -106.863 39.8963, -106.8625 39.8823, -106.862 39.86319, -106.8615 39.84092, -106.861 39.81785, -106.8605 39.79648, -106.86 39.77906, -106.8595 39.76731, -106.859 39.76221, -106.8585 39.7638, -106.858 39.77125, -106.8575 39.78293, -106.857 39.79664, -106.8565 39.80991, -106.856 39.82031, -106.8555 39.82585, -106.855 39.82515, -106.8545 39.81771, -106.854 39.80393, -106.8535 39.78508, -106.853 39.76311, -106.8525 39.7404, -106.852 39.71944, -106.8515 39.70248, -106.851 39.69122, -106.8505 39.68662, -106.85 39.68873, -106.8495 39.69667, -106.849 39.70881, -106.8485 39.72295, -106.848 39.7366, -106.8475 39.74736, -106.847 39.75322, -106.8465 39.75284, -106.846 39.74573, -106.8455 39.73229, -106.845 39.71383, -106.8445 39.69229, -106.844 39.67007, -106.8435 39.64965, -106.843 39.63327, -106.8425 39.62263, -106.842 39.61866, -106.8415 39.62139, -106.841 39.62994, -106.8405 39.64267, -106.84 39.65735, -106.8395 39.6715, -106.839 39.68273, -106.8385 39.68904, -106.838 39.6891, -106.8375 39.68242, -106.837 39.66945, -106.8365 39.65149, -106.836 39.6305, -106.8355 39.60888, -106.835 39.5891, -106.8345 39.57341, -106.834 39.5635, -106.8335 39.56027, -106.833 39.56373, -106.8325 39.57301, -106.832 39.58642, -106.8315 39.60174, -106.831 39.61651, -106.8305 39.62831, -106.83 39.63517, -106.8295 39.63576, -106.829 39.62962, -106.8285 39.61721, -106.828 39.59984, -106.8275 39.5795, -106.827 39.55857, -106.8265 39.53954, -106.826 39.52464, -106.8255 39.51554, -106.825 39.51314, -106.8245 39.51743, -106.824 39.52751, -106.8235 39.54169, -106.823 39.55775, -106.8225 39.57321, -106.822 39.58567, -106.8215 39.59315, -106.821 39.59436, -106.8205 39.58884, -106.82 39.57707, -106.8195 39.56038, -106.819 39.54076, -106.8185 39.5206, -106.818 39.50239, -106.8175 39.48835, -106.817 39.48013, -106.8165 39.47863, -106.816 39.48381, -106.8155 39.49477, -106.815 39.50979, -106.8145 39.52665, -106.814 39.54286, -106.8135 39.55604, -106.813 39.56421, -106.8125 39.56609, -106.812 39.56125, -106.8115 39.55018, -106.811 39.53422, -106.8105 39.51538, -106.81 39.49605, -106.8095 39.47871, -106.809 39.46558, -106.8085 39.4583, -106.808 39.45774, -106.8075 39.46387, -106.807 39.47574, -106.8065 39.49164, -106.806 39.50934, -106.8055 39.52635, -106.805 39.54028, -106.8045 39.54918, -106.804 39.55177, -106.8035 39.54765, -106.803 39.53731, -106.8025 39.52212, -106.802 39.50408, -106.8015 39.48561, -106.801 39.46917, -106.8005 39.45698, -106.8 39.45066, -106.7995 39.45108, -106.799 39.45817, -106.7985 39.47097, -106.798 39.48778, -106.7975 39.50634, -106.797 39.52415, -106.7965 39.53886, -106.796 39.5485, -106.7955 39.55181, -106.795 39.54842, -106.7945 39.53883, -106.794 39.52441, -106.7935 39.50719, -106.793 39.48958, -106.7925 39.47405, -106.792 39.4628, -106.7915 39.45745, -106.791 39.45883, -106.7905 39.46688, -106.79 39.48062, -106.7895 39.49832, -106.789 39.51773, -106.7885 39.53635, -106.788 39.55182, -106.7875 39.56219, -106.787 39.56622, -106.7865 39.56354, -106.786 39.55467, -106.7855 39.54102, -106.785 39.5246, -106.7845 39.50783, -106.784 39.49319, -106.7835 39.48286, -106.783 39.47845, -106.7825 39.48078, -106.782 39.48976, -106.7815 39.50441, -106.781 39.52298, -106.7805 39.54321, -106.78 39.5626, -106.7795 39.57879, -106.779 39.58986, -106.7785 39.59457, -106.778 39.59256, -106.7775 39.58439, -106.777 39.57145, -106.7765 39.55579, -106.776 39.53983, -106.7755 39.52603, -106.775 39.51658, -106.7745 39.51306, -106.774 39.51629, -106.7735 39.52616, -106.773 39.54166, -106.7725 39.56105, -106.772 39.58204, -106.7715 39.60215, -106.771 39.61901, -106.7705 39.63071, -106.77 39.63604, -106.7695 39.63465, -106.769 39.62711, -106.7685 39.61484, -106.768 39.59987, -106.7675 39.58465, -106.767 39.57162, -106.7665 39.56298, -106.766 39.56029, -106.7655 39.56435, -106.765 39.57503, -106.7645 39.59132, -106.764 39.61144, -106.7635 39.63312, -106.763 39.65386, -106.7625 39.67132, -106.762 39.68358, -106.7615 39.68945, -106.761 39.68859, -106.7605 39.6816, -106.76 39.6699, -106.7595 39.65555, -106.759 39.64098, -106.7585 39.62865, -106.758 39.62072, -106.7575 39.61877, -106.757 39.62357, -106.7565 39.63497, -106.756 39.65194, -106.7555 39.67271, -106.755 39.69498, -106.7545 39.71627, -106.754 39.73422, -106.7535 39.74694, -106.753 39.75324, -106.7525 39.75283, -106.752 39.74628, -106.7515 39.73505, -106.751 39.72121, -106.7505 39.70719, -106.75 39.69545, -106.7495 39.68814, -106.749 39.68682, -106.7485 39.69224, -106.748 39.70425, -106.7475 39.7218, -106.747 39.7431, -106.7465 39.76585, -106.746 39.78757, -106.7455 39.8059, -106.745 39.81896, -106.7445 39.82559, -106.744 39.82549, -106.7435 39.81928, -106.743 39.80841, -106.7425 39.79496, -106.742 39.78137, -106.7415 39.77009, -106.741 39.76327, -106.7405 39.76246, -106.74 39.76839, -106.7395 39.78089, -106.739 39.79889, -106.7385 39.8206, -106.738 39.8437, -106.7375 39.86572, -106.737 39.8843, -106.7365 39.89758, -106.736 39.9044, -106.7355 39.90449, -106.735 39.89848, -106.7345 39.88784, -106.734 39.87465, -106.7335 39.86136, -106.733 39.85042, -106.7325 39.84396, -106.732 39.84352, -106.7315 39.84983, -106.731 39.86268, -106.7305 39.881, -106.73 39.90297, -106.7295 39.92629, -106.729 39.94847, -106.7285 39.96717, -106.728 39.98053, -106.7275 39.98741, -106.727 39.98755, -106.7265 39.9816, -106.726 39.97105, -106.7255 39.95798, -106.725 39.94485, -106.7245 39.9341, -106.724 39.92787, -106.7235 39.92767, -106.723 39.9342, -106.7225 39.94726, -106.722 39.96576, -106.7215 39.98786, -106.721 40.01125, -106.7205 40.03345, -106.72 40.05212, -106.7195 40.06541, -106.719 40.07221, -106.7185 40.07226, -106.718 40.06623, -106.7175 40.05562, -106.717 40.04254, -106.7165 40.02942, -106.716 40.01873, -106.7155 40.01258, -106.715 40.01247, -106.7145 40.01909, -106.714 40.03221, -106.7135 40.05074, -106.713 40.07282, -106.7125 40.09614, -106.712 40.11821, -106.7115 40.13671, -106.711 40.1498, -106.7105 40.15636, -106.71 40.15617, -106.7095 40.14993, -106.709 40.13912, -106.7085 40.12587, -106.708 40.11264, -106.7075 40.10185, -106.707 40.09563, -106.7065 40.09547, -106.706 40.10203, -106.7055 40.11508, -106.705 40.13349, -106.7045 40.15542, -106.704 40.17853, -106.7035 40.20033, -106.703 40.21851, -106.7025 40.23125, -106.702 40.23744, -106.7015 40.23688, -106.701 40.23027, -106.7005 40.21912, -106.7 40.20558, -106.6995 40.19208, -106.699 40.18106, -106.6985 40.17464, -106.698 40.17429, -106.6975 40.18066, -106.697 40.19349, -106.6965 40.21165, -106.696 40.23328, -106.6955 40.25604, -106.695 40.27744, -106.6945 40.29517, -106.694 40.30741, -106.6935 40.3131, -106.693 40.31203, -106.6925 40.30493, -106.692 40.29332, -106.6915 40.27934, -106.691 40.26544, -106.6905 40.25407, -106.69 40.24732, -106.6895 40.24665, -106.689 40.2527, -106.6885 40.26519, -106.688 40.28297, -106.6875 40.30417, -106.687 40.32645, -106.6865 40.34732, -106.686 40.36447, -106.6855 40.37611, -106.685 40.38117, -106.6845 40.37947, -106.684 40.37175, -106.6835 40.35955, -106.683 40.34502, -106.6825 40.33062, -106.682 40.31877, -106.6815 40.31157, -106.681 40.31046, -106.6805 40.31607, -106.68 40.3281, -106.6795 40.34539, -106.679 40.36605, -106.6785 40.38774, -106.678 40.40797, -106.6775 40.42444, -106.677 40.43536, -106.6765 40.43968, -106.676 40.43724, -106.6755 40.4288, -106.675 40.41591, -106.6745 40.40072, -106.674 40.3857, -106.6735 40.37328, -106.673 40.36553, -106.6725 40.36389, -106.672 40.36896, -106.6715 40.38044, -106.671 40.39713, -106.6705 40.41716, -106.67 40.43816, -106.6695 40.45765, -106.669 40.47334, -106.6685 40.48345, -106.668 40.48694, -106.6675 40.48368, -106.667 40.47442, -106.6665 40.46075, -106.666 40.44483, -106.6655 40.42911, -106.665 40.41603, -106.6645 40.40765, -106.664 40.40539, -106.6635 40.40984, -106.663 40.42068, -106.6625 40.43671, -106.662 40.45602, -106.6615 40.47626, -106.661 40.49494, -106.6605 40.50977, -106.66 40.51899, -106.6595 40.52159, -106.659 40.51743, -106.6585 40.5073, -106.658 40.49279, -106.6575 40.47606, -106.657 40.45958, -106.6565 40.44577, -106.656 40.4367, -106.6555 40.43376, -106.655 40.43754, -106.6545 40.44768, -106.654 40.46298, -106.6535 40.48153, -106.653 40.50095, -106.6525 40.51876, -106.652 40.53269, -106.6515 40.54098, -106.651 40.54263, -106.6505 40.53753, -106.65 40.52648, -106.6495 40.51107, -106.649 40.4935, -106.6485 40.47621, -106.648 40.46165, -106.6475 40.45184, -106.647 40.44819, -106.6465 40.45126, -106.646 40.46067, -106.6455 40.47521, -106.645 40.49295, -106.6445 40.51152, -106.644 40.52844, -106.6435 40.54144, -106.643 40.54877, -106.6425 40.54945, -106.642 40.54338, -106.6415 40.53139, -106.641 40.51508, -106.6405 40.49664, -106.64 40.47853, -106.6395 40.46319, -106.639 40.45264, -106.6385 40.44826, -106.638 40.4506, -106.6375 40.45928, -106.637 40.47305, -106.6365 40.48998, -106.636 40.5077, -106.6355 40.52371, -106.635 40.53577, -106.6345 40.54214, -106.634 40.54185, -106.6335 40.53482, -106.633 40.52189, -106.6325 40.50467, -106.632 40.48537, -106.6315 40.46646, -106.631 40.45035, -106.6305 40.43906, -106.63 40.43397, -106.6295 40.4356, -106.629 40.44355, -106.6285 40.45656, -106.628 40.4727, -106.6275 40.48958, -106.627 40.50472, -106.6265 40.51586, -106.626 40.52129, -106.6255 40.52005, -106.625 40.51208, -106.6245 40.49824, -106.624 40.48015, -106.6235 40.46002, -106.623 40.44033, -106.6225 40.42349, -106.622 40.4115, -106.6215 40.40573, -106.621 40.40668, -106.6205 40.41394, -106.62 40.42624, -106.6195 40.44163, -106.619 40.45771, -106.6185 40.47201, -106.618 40.48228, -106.6175 40.48682, -106.617 40.48468, -106.6165 40.47582, -106.616 40.46112, -106.6155 40.44221, -106.615 40.42131, -106.6145 40.4009, -106.614 40.38337, -106.6135 40.37075, -106.613 40.36436, -106.6125 40.36469, -106.612 40.37132, -106.6115 40.38297, -106.611 40.39766, -106.6105 40.41301, -106.61 40.42654, -106.6095 40.43601, -106.609 40.43972, -106.6085 40.43675, -106.608 40.42708, -106.6075 40.41159, -106.607 40.39193, -106.6065 40.37034, -106.606 40.34928, -106.6055 40.33115, -106.605 40.31797, -106.6045 40.31103, -106.604 40.31083, -106.6035 40.31692, -106.603 40.328, -106.6025 40.34208, -106.602 40.35679, -106.6015 40.36963, -106.601 40.37838, -106.6005 40.38136, -106.6 40.37765, -106.5995 40.36726, -106.599 40.35107, -106.5985 40.33076, -106.598 40.30857, -106.5975 40.28696, -106.597 40.26833, -106.5965 40.25468, -106.596 40.24731, -106.5955 40.24667, -106.595 40.25232, -106.5945 40.26292, -106.594 40.2765, -106.5935 40.29067, -106.593 40.30293, -106.5925 40.31107, -106.592 40.31342, -106.5915 40.30908, -106.591 40.29807, -106.5905 40.2813, -106.59 40.26045, -106.5895 40.23777, -106.589 40.21572, -106.5885 40.19671, -106.588 40.18271, -106.5875 40.17501, -106.587 40.17406, -106.5865 40.17937, -106.586 40.18963, -106.5855 40.20282, -106.585 40.21656, -106.5845 40.22836, -106.584 40.23601, -106.5835 40.23785, -106.583 40.23301, -106.5825 40.22151, -106.582 40.20428, -106.5815 40.18302, -106.581 40.15997, -106.5805 40.13762, -106.58 40.11835, -106.5795 40.10412, -106.579 40.09623, -106.5785 40.09509, -106.578 40.1002, -106.5775 40.11024, -106.577 40.12318, -106.5765 40.13662, -106.576 40.14809, -106.5755 40.15538, -106.575 40.15685, -106.5745 40.15163, -106.574 40.13977, -106.5735 40.12222, -106.573 40.10068, -106.5725 40.07741, -106.572 40.05489, -106.5715 40.03549, -106.571 40.02119, -106.5705 40.01323, -106.57 40.01204, -106.5695 40.0171, -106.569 40.02705, -106.5685 40.03987, -106.568 40.05316, -106.5675 40.06444, -106.567 40.07151, -106.5665 40.07274, -106.566 40.06729, -106.5655 40.05522, -106.565 40.03749, -106.5645 40.01581, -106.564 39.99246, -106.5635 39.96991, -106.563 39.95053, -106.5625 39.93629, -106.562 39.92842, -106.5615 39.92732, -106.561 39.93245, -106.5605 39.94246, -106.56 39.95531, -106.5595 39.96859, -106.559 39.97982, -106.5585 39.98682, -106.558 39.98796, -106.5575 39.98242, -106.557 39.97028, -106.5565 39.95251, -106.556 39.93084, -106.5555 39.90755, -106.555 39.88512, -106.5545 39.86591, -106.554 39.85187, -106.5535 39.84423, -106.553 39.84336, -106.5525 39.84873, -106.552 39.85893, -106.5515 39.87195, -106.551 39.88536, -106.5505 39.89669, -106.55 39.90375, -106.5495 39.90495, -106.549 39.89946, -106.5485 39.88739, -106.548 39.86973, -106.5475 39.84822, -106.547 39.82513, -106.5465 39.80296, -106.546 39.78406, -106.5455 39.77036, -106.545 39.76309, -106.5445 39.7626, -106.544 39.76833, -106.5435 39.77888, -106.543 39.7922, -106.5425 39.80588, -106.542 39.81744, -106.5415 39.82471, -106.541 39.8261, -106.5405 39.82081, -106.54 39.80895, -106.5395 39.79153, -106.539 39.7703, -106.5385 39.74756, -106.538 39.72578, -106.5375 39.70733, -106.537 39.69411, -106.5365 39.68735, -106.536 39.68736, -106.5355 39.69359, -106.535 39.70461, -106.5345 39.71838, -106.534 39.73245, -106.5335 39.74438, -106.533 39.75198, -106.5325 39.75369, -106.532 39.74872, -106.5315 39.7372, -106.531 39.72015, -106.5305 39.69934, -106.53 39.67707, -106.5295 39.65581, -106.529 39.63793, -106.5285 39.62532, -106.528 39.61918, -106.5275 39.61983, -106.527 39.62667, -106.5265 39.63829, -106.526 39.65261, -106.5255 39.6672, -106.525 39.67961, -106.5245 39.68766, -106.524 39.68981, -106.5235 39.68527, -106.523 39.6742, -106.5225 39.65764, -106.522 39.63737, -106.5215 39.61568, -106.521 39.59506, -106.5205 39.57785, -106.52 39.56596, -106.5195 39.56055, -106.519 39.56194, -106.5185 39.56951, -106.518 39.58182, -106.5175 39.5968, -106.517 39.61202, -106.5165 39.62501, -106.516 39.63362, -106.5155 39.63629, -106.515 39.6323, -106.5145 39.62178, -106.514 39.60581, -106.5135 39.58616, -106.513 39.56515, -106.5125 39.54525, -106.512 39.52882, -106.5115 39.51774, -106.511 39.51316, -106.5105 39.51537, -106.51 39.52376, -106.5095 39.53686, -106.509 39.55258, -106.5085 39.5685, -106.508 39.58216, -106.5075 39.5914, -106.507 39.5947, -106.5065 39.59132, -106.506 39.58143, -106.5055 39.56612, -106.505 39.54718, -106.5045 39.52693, -106.504 39.50784, -106.5035 39.49225, -106.503 39.48205, -106.5025 39.47836, -106.502 39.48148, -106.5015 39.49074, -106.501 39.50469, -106.5005 39.52123, -106.5 39.53792, -106.4995 39.5523, -106.499 39.56224, -106.4985 39.56622, -106.498 39.56351, -106.4975 39.55432, -106.497 39.53973, -106.4965 39.52155, -106.496 39.5021, -106.4955 39.48387, -106.495 39.46919, -106.4945 39.45991, -106.494 39.45718, -106.4935 39.46123, -106.493 39.47142, -106.4925 39.48627, -106.492 39.50366, -106.4915 39.52115, -106.491 39.5363, -106.4905 39.54698, -106.49 39.55167, -106.4895 39.54968, -106.489 39.54121, -106.4885 39.52738, -106.488 39.50999, -106.4875 39.49139, -106.487 39.47404, -106.4865 39.46029, -106.486 39.45197, -106.4855 39.4502, -106.485 39.45523, -106.4845 39.46636, -106.484 39.48212, -106.4835 39.50039, -106.483 39.51871, -106.4825 39.53464, -106.482 39.54607, -106.4815 39.55149, -106.481 39.55022, -106.4805 39.54249, -106.48 39.52941, -106.4795 39.51284, -106.479 39.49508, -106.4785 39.47863, -106.478 39.4658, -106.4775 39.45844, -106.477 39.45765, -106.4765 39.46363, -106.476 39.47572, -106.4755 39.49239, -106.475 39.51151, -106.4745 39.53065, -106.474 39.54736, -106.4735 39.55953, -106.473 39.56566, -106.4725 39.5651, -106.472 39.5581, -106.4715 39.54577, -106.471 39.52998, -106.4705 39.51305, -106.47 39.49748, -106.4695 39.48557, -106.469 39.47914, -106.4685 39.47929, -106.468 39.48622, -106.4675 39.49922, -106.467 39.51677, -106.4665 39.53673, -106.466 39.55666, -106.4655 39.57411, -106.465 39.58698, -106.4645 39.5938, -106.464 39.59391, -106.4635 39.58759, -106.463 39.57598, -106.4625 39.56093, -106.462 39.54479, -106.4615 39.53005, -106.461 39.519, -106.4605 39.51347, -106.46 39.51452, -106.4595 39.52234, -106.459 39.53621, -106.4585 39.55458, -106.458 39.57533, -106.4575 39.59599, -106.457 39.61412, -106.4565 39.62764, -106.456 39.63508, -106.4555 39.63581, -106.455 39.63011, -106.4545 39.61915, -106.454 39.60479, -106.4535 39.58937, -106.453 39.57539, -106.4525 39.56515, -106.452 39.56044, -106.4515 39.56232, -106.451 39.57096, -106.4505 39.58562, -106.45 39.60474, -106.4495 39.62619, -106.449 39.64751, -106.4485 39.66624, -106.448 39.68033, -106.4475 39.68831, -106.447 39.68958, -106.4465 39.68442, -106.446 39.67403, -106.4455 39.66027, -106.445 39.64549, -106.4445 39.63219, -106.444 39.62266, -106.4435 39.61868, -106.443 39.6213, -106.4425 39.63067, -106.442 39.64603, -106.4415 39.66581, -106.441 39.68787, -106.4405 39.70974, -106.44 39.72899, -106.4395 39.74354, -106.439 39.75197, -106.4385 39.75367, -106.438 39.74896, -106.4375 39.73902, -106.437 39.72576, -106.4365 39.71152, -106.436 39.6988, -106.4355 39.68987, -106.435 39.68652, -106.4345 39.68977, -106.434 39.69976, -106.4335 39.71571, -106.433 39.73604, -106.4325 39.7586, -106.432 39.78091, -106.4315 39.80055, -106.431 39.81546, -106.4305 39.82422, -106.43 39.82623, -106.4295 39.82185, -106.429 39.81226, -106.4285 39.79938, -106.428 39.78556, -106.4275 39.77329, -106.427 39.76485, -106.4265 39.76201, -106.426 39.76576, -106.4255 39.77624, -106.425 39.79266, -106.4245 39.81342, -106.424 39.83634, -106.4235 39.85897, -106.423 39.87888, -106.4225 39.89401, -106.422 39.90297, -106.4215 39.90517, -106.421 39.90099, -106.4205 39.89161, -106.42 39.87898, -106.4195 39.86545, -106.419 39.85351, -106.4185 39.84542, -106.418 39.84295, -106.4175 39.84708, -106.417 39.85792, -106.4165 39.87467, -106.416 39.89571, -106.4155 39.91887, -106.415 39.94168, -106.4145 39.96171, -106.414 39.97694, -106.4135 39.98595, -106.413 39.98821, -106.4125 39.98408, -106.412 39.97479, -106.4115 39.96227, -106.411 39.94889, -106.4105 39.93713, -106.41 39.92926, -106.4095 39.92702, -106.409 39.93138, -106.4085 39.94244, -106.408 39.95937, -106.4075 39.98056, -106.407 40.00381, -106.4065 40.02666, -106.406 40.04668, -106.4055 40.06185, -106.405 40.07078, -106.4045 40.07295, -106.404 40.06873, -106.4035 40.05938, -106.403 40.04683, -106.4025 40.03345, -106.402 40.02174, -106.4015 40.01394, -106.401 40.01178, -106.4005 40.01624, -106.4 40.02738, -106.3995 40.04435, -106.399 40.06553, -106.3985 40.08873, -106.398 40.11147, -106.3975 40.13133, -106.397 40.1463, -106.3965 40.15501, -106.396 40.15694, -106.3955 40.1525, -106.395 40.14294, -106.3945 40.13021, -106.394 40.1167, -106.3935 40.10488, -106.393 40.09701, -106.3925 40.09481, -106.392 40.09921, -106.3915 40.11027, -106.391 40.12715, -106.3905 40.14819, -106.39 40.17119, -106.3895 40.19367, -106.389 40.21324, -106.3885 40.22786, -106.388 40.23621, -106.3875 40.23776, -106.387 40.23295, -106.3865 40.22305, -106.386 40.21001, -106.3855 40.19622, -106.385 40.18416, -106.3845 40.17608, -106.384 40.17368, -106.3835 40.1779, -106.383 40.18876, -106.3825 40.20539, -106.382 40.22615, -106.3815 40.24882, -106.381 40.27091, -106.3805 40.29004, -106.38 40.30419, -106.3795 40.31203, -106.379 40.31308, -106.3785 40.30777, -106.378 40.29738, -106.3775 40.2839, -106.377 40.26971, -106.3765 40.25728, -106.376 40.24887, -106.3755 40.24615, -106.375 40.25004, -106.3745 40.26056, -106.374 40.27683, -106.3735 40.29718, -106.373 40.31939, -106.3725 40.34097, -106.372 40.35953, -106.3715 40.37308, -106.371 40.3803, -106.3705 40.38072, -106.37 40.37478, -106.3695 40.3638, -106.369 40.34976, -106.3685 40.33504, -106.368 40.32213, -106.3675 40.31325, -106.367 40.3101, -106.3665 40.31355, -106.366 40.32363, -106.3655 40.33942, -106.365 40.35924, -106.3645 40.38087, -106.364 40.40183, -106.3635 40.41972, -106.363 40.43256, -106.3625 40.43905, -106.362 40.43872, -106.3615 40.43206, -106.361 40.42038, -106.3605 40.40566, -106.36 40.39032, -106.3595 40.37682, -106.359 40.36739, -106.3585 40.36369, -106.358 40.36662, -106.3575 40.37614, -106.357 40.39135, -106.3565 40.41056, -106.356 40.43152, -106.3555 40.45175, -106.355 40.46888, -106.3545 40.48091, -106.354 40.48657, -106.3535 40.48542, -106.353 40.47794, -106.3525 40.46547, -106.352 40.45, -106.3515 40.43394, -106.351 40.41977, -106.3505 40.4097, -106.35 40.40539, -106.3495 40.4077, -106.349 40.41659, -106.3485 40.43114, -106.348 40.44965, -106.3475 40.46986, -106.347 40.4893, -106.3465 40.50558, -106.346 40.51674, -106.3455 40.52151, -106.345 40.51946, -106.3445 40.51109, -106.344 40.49776, -106.3435 40.48148, -106.343 40.46465, -106.3425 40.44974, -106.342 40.43897, -106.3415 40.43398, -106.341 40.43561, -106.3405 40.44382, -106.34 40.45765, -106.3395 40.47541, -106.339 40.49482, -106.3385 40.51341, -106.338 40.52879, -106.3375 40.53903, -106.337 40.54285, -106.3365 40.53985, -106.336 40.53056, -106.3355 40.51633, -106.335 40.49918, -106.3345 40.48154, -106.334 40.46586, -106.3335 40.45435, -106.333 40.44863, -106.3325 40.44955, -106.332 40.45704, -106.3315 40.47013, -106.331 40.48709, -106.3305 40.50567, -106.33 40.52338, -106.3295 40.53785, -106.329 40.54713, -106.3285 40.54998, -106.328 40.54601, -106.3275 40.53577, -106.327 40.52062, -106.3265 40.50259, -106.326 40.48411, -106.3255 40.46764, -106.325 40.45538, -106.3245 40.44894, -106.324 40.44913, -106.3235 40.45589, -106.323 40.46822, -106.3225 40.48438, -106.322 40.50212, -106.3215 40.51894, -106.321 40.53248, -106.3205 40.54081, -106.32 40.54269, -106.3195 40.53776, -106.319 40.52656, -106.3185 40.51049, -106.318 40.4916, -106.3175 40.47229, -106.317 40.45504, -106.3165 40.44204, -106.316 40.43487, -106.3155 40.43436, -106.315 40.44039, -106.3145 40.45198, -106.314 40.46736, -106.3135 40.48428, -106.313 40.50023, -106.3125 40.51286, -106.312 40.52026, -106.3115 40.52119, -106.311 40.51532, -106.3105 40.5032, -106.31 40.48625, -106.3095 40.46651, -106.309 40.44641, -106.3085 40.42841, -106.308 40.41469, -106.3075 40.40685, -106.307 40.40566, -106.3065 40.41101, -106.306 40.42189, -106.3055 40.43653, -106.305 40.45266, -106.3045 40.46779, -106.304 40.47957, -106.3035 40.48607, -106.303 40.48611, -106.3025 40.47934, -106.302 40.46635, -106.3015 40.44856, -106.301 40.42803, -106.3005 40.4072, -106.3 40.38851, -106.2995 40.37414, -106.299 40.36567, -106.2985 40.36386, -106.298 40.36859, -106.2975 40.37882, -106.297 40.39279, -106.2965 40.40821, -106.296 40.42258, -106.2955 40.43355, -106.295 40.43924, -106.2945 40.43844, -106.294 40.43085, -106.2935 40.41707, -106.293 40.39852, -106.2925 40.37728, -106.292 40.35578, -106.2915 40.33648, -106.291 40.32153, -106.2905 40.31252, -106.29 40.31018, -106.2895 40.31436, -106.289 40.32404, -106.2885 40.33741, -106.288 40.35219, -106.2875 40.36589, -106.287 40.37616, -106.2865 40.38111, -106.286 40.37958, -106.2855 40.37126, -106.285 40.35677, -106.2845 40.33755, -106.284 40.31569, -106.2835 40.29363, -106.283 40.27381, -106.2825 40.25839, -106.282 40.24893, -106.2815 40.24615, -106.281 40.2499, -106.2805 40.25911, -106.28 40.272, -106.2795 40.28625, -106.279 40.29937, -106.2785 40.30904, -106.278 40.31337, -106.2775 40.3112, -106.277 40.30226, -106.2765 40.28718, -106.276 40.26741, -106.2755 40.24504, -106.275 40.22252, -106.2745 40.20231, -106.274 40.18653, -106.2735 40.17673, -106.273 40.17364, -106.2725 40.17706, -106.272 40.18594, -106.2715 40.19844, -106.271 40.21228, -106.2705 40.22496, -106.27 40.23414, -106.2695 40.23797, -106.269 40.23529, -106.2685 40.22585, -106.268 40.2103, -106.2675 40.1901, -106.267 40.16736, -106.2665 40.14451, -106.266 40.12402, -106.2655 40.10801, -106.265 40.09801, -106.2645 40.09473, -106.264 40.09796, -106.2635 40.10662, -106.263 40.11888, -106.2625 40.13244, -106.262 40.1448, -106.2615 40.15363, -106.261 40.15708, -106.2605 40.15403, -106.26 40.14423, -106.2595 40.12834, -106.259 40.10785, -106.2585 40.08486, -106.258 40.06183, -106.2575 40.0412, -106.257 40.0251, -106.2565 40.01503, -106.256 40.0117, -106.2555 40.01487, -106.255 40.02346, -106.2545 40.03561, -106.254 40.04903, -106.2535 40.06121, -106.253 40.06983, -106.2525 40.07305, -106.252 40.06977, -106.2515 40.05974, -106.251 40.04366, -106.2505 40.02301, -106.25 39.99993, -106.2495 39.97685, -106.249 39.95623, -106.2485 39.94018, -106.248 39.93019, -106.2475 39.92695, -106.247 39.93021, -106.2465 39.93886, -106.246 39.95105, -106.2455 39.96447, -106.245 39.97661, -106.2445 39.98516, -106.244 39.9883, -106.2435 39.98492, -106.243 39.97482, -106.2425 39.95869, -106.242 39.93804, -106.2415 39.915, -106.241 39.89202, -106.2405 39.87155, -106.24 39.85569, -106.2395 39.84593, -106.239 39.84292, -106.2385 39.84641, -106.238 39.85527, -106.2375 39.86764, -106.237 39.8812, -106.2365 39.89345, -106.236 39.90208, -106.2355 39.90527, -106.235 39.90195, -106.2345 39.89191, -106.234 39.87587, -106.2335 39.85536, -106.233 39.83251, -106.2325 39.80977, -106.232 39.78959, -106.2315 39.77407, -106.231 39.76467, -106.2305 39.76204, -106.23 39.7659, -106.2295 39.77511, -106.229 39.7878, -106.2285 39.80164, -106.228 39.81413, -106.2275 39.82297, -106.227 39.82636, -106.2265 39.82323, -106.226 39.81339, -106.2255 39.79758, -106.225 39.77735, -106.2245 39.75482, -106.224 39.73247, -106.2235 39.71272, -106.223 39.69767, -106.2225 39.68876, -106.222 39.68664, -106.2215 39.691, -106.221 39.7007, -106.2205 39.71384, -106.22 39.72809, -106.2195 39.74095, -106.219 39.75014, -106.2185 39.75385, -106.218 39.75104, -106.2175 39.74153, -106.217 39.72608, -106.2165 39.70625, -106.216 39.68417, -106.2155 39.66232, -106.215 39.64313, -106.2145 39.62867, -106.214 39.62039, -106.2135 39.6189, -106.213 39.62389, -106.2125 39.63419, -106.212 39.6479, -106.2115 39.66268, -106.211 39.67603, -106.2105 39.68568, -106.21 39.68983, -106.2095 39.68745, -106.209 39.67839, -106.2085 39.66342, -106.208 39.6441, -106.2075 39.62259, -106.207 39.60136, -106.2065 39.58283, -106.206 39.56908, -106.2055 39.56153, -106.205 39.56078, -106.2045 39.5665, -106.204 39.5775, -106.2035 39.59189, -106.203 39.6073, -106.2025 39.62125, -106.202 39.63146, -106.2015 39.63615, -106.201 39.6343, -106.2005 39.62579, -106.2 39.61139, -106.1995 39.59268, -106.199 39.57184, -106.1985 39.55132, -106.198 39.53356, -106.1975 39.5206, -106.197 39.51387, -106.1965 39.51395, -106.196 39.52049, -106.1955 39.53229, -106.195 39.54743, -106.1945 39.56356, -106.194 39.57819, -106.1935 39.58904, -106.193 39.59436, -106.1925 39.59313, -106.192 39.58524, -106.1915 39.57149, -106.191 39.55348, -106.1905 39.53337, -106.19 39.51364, -106.1895 39.49671, -106.189 39.48463, -106.1885 39.47879, -106.188 39.47977, -106.1875 39.4872, -106.187 39.49986, -106.1865 39.51583, -106.186 39.53274, -106.1855 39.54811, -106.185 39.55966, -106.1845 39.56566, -106.184 39.5651, -106.1835 39.5579, -106.183 39.54486, -106.1825 39.5276, -106.182 39.50828, -106.1815 39.4894, -106.181 39.47336, -106.1805 39.46219, -106.18 39.4573, -106.1795 39.45922, -106.179 39.46759, -106.1785 39.48115, -106.178 39.49799, -106.1775 39.51572, -106.177 39.53187, -106.1765 39.54417, -106.176 39.55089, -106.1755 39.55104, -106.175 39.54456, -106.1745 39.53227, -106.174 39.51578, -106.1735 39.4973, -106.173 39.47928, -106.1725 39.46415, -106.172 39.45394, -106.1715 39.45002, -106.171 39.45291, -106.1705 39.46223, -106.17 39.47672, -106.1695 39.49444, -106.169 39.51302, -106.1685 39.52996, -106.168 39.54302, -106.1675 39.55047, -106.167 39.55135, -106.1665 39.5456, -106.166 39.53406, -106.1655 39.51836, -106.165 39.50071, -106.1645 39.48358, -106.164 39.46937, -106.1635 39.46011, -106.163 39.45715, -106.1625 39.46101, -106.162 39.47128, -106.1615 39.4867, -106.161 39.5053, -106.1605 39.52471, -106.16 39.54244, -106.1595 39.55625, -106.159 39.56442, -106.1585 39.56601, -106.158 39.56098, -106.1575 39.55018, -106.157 39.53525, -106.1565 39.51842, -106.156 39.50215, -106.1555 39.48884, -106.155 39.48051, -106.1545 39.4785, -106.154 39.4833, -106.1535 39.4945, -106.153 39.51081, -106.1525 39.53026, -106.152 39.55047, -106.1515 39.56896, -106.151 39.58348, -106.1505 39.59234, -106.15 39.59461, -106.1495 39.59025, -106.149 39.58015, -106.1485 39.56596, -106.148 39.5499, -106.1475 39.53445, -106.147 39.522, -106.1465 39.51455, -106.146 39.51344, -106.1455 39.51914, -106.145 39.53121, -106.1445 39.54836, -106.144 39.56861, -106.1435 39.58957, -106.143 39.60875, -106.1425 39.62393, -106.142 39.63342, -106.1415 39.6363, -106.141 39.63257, -106.1405 39.62311, -106.14 39.60959, -106.1395 39.59424, -106.139 39.57954, -106.1385 39.56788, -106.138 39.56125, -106.1375 39.56097, -106.137 39.5675, -106.1365 39.58037, -106.136 39.59829, -106.1355 39.61926, -106.135 39.64088, -106.1345 39.66069, -106.134 39.67645, -106.1335 39.68649, -106.133 39.6899, -106.1325 39.68671, -106.132 39.6778, -106.1315 39.66488, -106.131 39.65015, -106.1305 39.63612, -106.13 39.62516, -106.1295 39.61926, -106.129 39.61972, -106.1285 39.62698, -106.128 39.64056, -106.1275 39.65915, -106.127 39.68075, -106.1265 39.70295, -106.126 39.72328, -106.1255 39.73952, -106.125 39.75, -106.1245 39.75386, -106.124 39.7511, -106.1235 39.74265, -106.123 39.73021, -106.1225 39.71601, -106.122 39.70254, -106.1215 39.69218, -106.121 39.68691, -106.1205 39.68799, -106.12 39.69588, -106.1195 39.71006, -106.119 39.72921, -106.1185 39.75132, -106.118 39.77398, -106.1175 39.79472, -106.117 39.81133, -106.1165 39.82215, -106.116 39.82632, -106.1155 39.82388, -106.115 39.81577, -106.1145 39.8037, -106.114 39.78991, -106.1135 39.77688, -106.113 39.767, -106.1125 39.76223, -106.112 39.76382, -106.1115 39.77221, -106.111 39.78687, -106.1105 39.80646, -106.11 39.82895, -106.1095 39.85195, -106.109 39.87297, -106.1085 39.88981, -106.108 39.90084, -106.1075 39.9052, -106.107 39.90296, -106.1065 39.89506, -106.106 39.88322, -106.1055 39.86971, -106.105 39.85699, -106.1045 39.84746, -106.104 39.84305, -106.1035 39.84502, -106.103 39.85377, -106.1025 39.86877, -106.102 39.88866, -106.1015 39.91141, -106.101 39.9346, -106.1005 39.95577, -106.1 39.97271, -106.0995 39.98381, -106.099 39.98822, -106.0985 39.98603, -106.098 39.9782, -106.0975 39.96647, -106.097 39.95309, -106.0965 39.94055, -106.096 39.93122, -106.0955 39.92704, -106.095 39.92925, -106.0945 39.93823, -106.094 39.95343, -106.0935 39.97347, -106.093 39.99633, -106.0925 40.01958, -106.092 40.04074, -106.0915 40.05764, -106.091 40.06866, -106.0905 40.07299, -106.09 40.07071, -106.0895 40.06281, -106.089 40.05103, -106.0885 40.03765, -106.088 40.02514, -106.0875 40.01588, -106.087 40.01178, -106.0865 40.01408, -106.086 40.02314, -106.0855 40.03839, -106.085 40.05845, -106.0845 40.08127, -106.084 40.10443, -106.0835 40.12545, -106.083 40.14216, -106.0825 40.15296, -106.082 40.15706, -106.0815 40.15455, -106.081 40.14643, -106.0805 40.13447, -106.08 40.12094, -106.0795 40.10832, -106.079 40.09897, -106.0785 40.09482, -106.078 40.09707, -106.0775 40.10606, -106.077 40.12123, -106.0765 40.14116, -106.076 40.1638, -106.0755 40.18672, -106.075 40.20746, -106.0745 40.22384, -106.074 40.23428, -106.0735 40.238, -106.073 40.23511, -106.0725 40.22665, -106.072 40.21436, -106.0715 40.20054, -106.071 40.18767, -106.0705 40.17811, -106.07 40.17376, -106.0695 40.17582, -106.069 40.18461, -106.0685 40.19955, -106.068 40.21922, -106.0675 40.24154, -106.067 40.26409, -106.0665 40.2844, -106.066 40.30032, -106.0655 40.31027, -106.065 40.31348, -106.0645 40.31009, -106.064 40.30113, -106.0635 40.28839, -106.063 40.27415, -106.0625 40.2609, -106.062 40.251, -106.0615 40.24632, -106.061 40.24806, -106.0605 40.25653, -106.06 40.27111, -106.0595 40.29038, -106.059 40.31226, -106.0585 40.33431, -106.058 40.35408, -106.0575 40.36941, -106.057 40.37874, -106.0565 40.38131, -106.056 40.3773, -106.0555 40.36774, -106.055 40.35442, -106.0545 40.33965, -106.054 40.3259, -106.0535 40.31553, -106.053 40.31041, -106.0525 40.31172, -106.052 40.31974, -106.0515 40.33386, -106.051 40.35262, -106.0505 40.37394, -106.05 40.39538, -106.0495 40.41449, -106.049 40.42912, -106.0485 40.43772, -106.048 40.43955, -106.0475 40.43481, -106.047 40.42453, -106.0465 40.41054, -106.046 40.39512, -106.0455 40.38078, -106.045 40.36984, -106.0445 40.36418, -106.044 40.36495, -106.0435 40.37243, -106.043 40.38598, -106.0425 40.40413, -106.042 40.4248, -106.0415 40.44554, -106.041 40.46389, -106.0405 40.47772, -106.04 40.48551, -106.0395 40.48651, -106.039 40.48094, -106.0385 40.46987, -106.038 40.45511, -106.0375 40.43897, -106.037 40.42394, -106.0365 40.41235, -106.036 40.40607, -106.0355 40.40622, -106.035 40.41308, -106.0345 40.42598, -106.034 40.44345, -106.0335 40.46339, -106.033 40.48334, -106.0325 40.50087, -106.032 40.51384, -106.0315 40.52073, -106.031 40.52084, -106.0305 40.51438, -106.03 40.50244, -106.0295 40.48684, -106.029 40.46992, -106.0285 40.45414, -106.028 40.44184, -106.0275 40.43487, -106.027 40.43435, -106.0265 40.44053, -106.026 40.45273, -106.0255 40.46946, -106.025 40.4886, -106.0245 40.50772, -106.024 40.52437, -106.0235 40.53642, -106.023 40.54237, -106.0225 40.54153, -106.022 40.53414, -106.0215 40.52128, -106.021 40.50482, -106.0205 40.48706, -106.02 40.4705, -106.0195 40.45745, -106.019 40.44976, -106.0185 40.44853, -106.018 40.45399, -106.0175 40.46544, -106.017 40.4814, -106.0165 40.49973, -106.016 40.51798, -106.0155 40.53372, -106.015 40.54482, -106.0145 40.54981, -106.014 40.548, -106.0135 40.53964, -106.013 40.52586, -106.0125 40.5085, -106.012 40.4899, -106.0115 40.47253, -106.011 40.45872, -106.0105 40.45029, -106.01 40.44834, -106.0095 40.45307, -106.009 40.46378, -106.0085 40.47895, -106.008 40.49645, -106.0075 40.51383, -106.007 40.52865, -106.0065 40.53881, -106.006 40.54283, -106.0055 40.54005, -106.005 40.53074, -106.0045 40.51603, -106.004 40.49778, -106.0035 40.47833, -106.003 40.46017, -106.0025 40.44561, -106.002 40.43645, -106.0015 40.43379, -106.001 40.4378, -106.0005 40.44778, -106 40.46218, -105.9995 40.47887, -105.999 40.4954, -105.9985 40.50933, -105.998 40.51856, -105.9975 40.52163, -105.997 40.51791, -105.9965 40.50767, -105.996 40.49206, -105.9955 40.47295, -105.995 40.4527, -105.9945 40.43377, -105.994 40.41849, -105.9935 40.40864, -105.993 40.4053, -105.9925 40.40864, -105.992 40.41792, -105.9915 40.43159, -105.991 40.44752, -105.9905 40.46323, -105.99 40.47631, -105.9895 40.48466, -105.989 40.48684, -105.9885 40.48221, -105.988 40.47109, -105.9875 40.45463, -105.987 40.43473, -105.9865 40.41371, -105.986 40.39409, -105.9855 40.37814, -105.985 40.36766, -105.9845 40.3637, -105.984 40.36642, -105.9835 40.37506, -105.983 40.38807, -105.9825 40.40329, -105.982 40.41826, -105.9815 40.43055, -105.981 40.43809, -105.9805 40.43944, -105.98 40.43399, -105.9795 40.42206, -105.979 40.40483, -105.9785 40.38419, -105.978 40.3625, -105.9775 40.34224, -105.977 40.32571, -105.9765 40.31468, -105.976 40.31019, -105.9755 40.31237, -105.975 40.32046, -105.9745 40.33288, -105.974 40.34748, -105.9735 40.36179, -105.973 40.37339, -105.9725 40.3802, -105.972 40.38081, -105.9715 40.37462, -105.971 40.36198, -105.9705 40.34407, -105.97 40.3228, -105.9695 40.30052, -105.969 40.27974, -105.9685 40.26272, -105.968 40.25123, -105.9675 40.2463, -105.967 40.24805, -105.9665 40.25568, -105.966 40.26763, -105.9655 40.28171, -105.965 40.29546, -105.9645 40.30646, -105.964 40.31266, -105.9635 40.31263, -105.963 40.30582, -105.9625 40.29257, -105.962 40.27409, -105.9615 40.2523, -105.961 40.22956, -105.9605 40.20836, -105.96 40.19096, -105.9595 40.17914, -105.959 40.17389, -105.9585 40.17531, -105.958 40.18262, -105.9575 40.1942, -105.957 40.20788, -105.9565 40.22119, -105.956 40.23172, -105.9555 40.23742, -105.955 40.23689, -105.9545 40.22957, -105.954 40.21584, -105.9535 40.19692, -105.953 40.17473, -105.9525 40.15165, -105.952 40.13015, -105.9515 40.11252, -105.951 40.10048, -105.9505 40.09504, -105.95 40.09627, -105.9495 40.10337, -105.949 40.11472, -105.9485 40.12813, -105.948 40.14114, -105.9475 40.15132, -105.947 40.15665, -105.9465 40.15575, -105.946 40.14806, -105.9455 40.13399, -105.945 40.11475, -105.9445 40.09231, -105.944 40.06902, -105.9435 40.04737, -105.943 40.02963, -105.9425 40.01753, -105.942 40.01203, -105.9415 40.01321, -105.941 40.02024, -105.9405 40.03149, -105.94 40.04477, -105.9395 40.05761, -105.939 40.06759, -105.9385 40.0727, -105.938 40.07155, -105.9375 40.06364, -105.937 40.04936, -105.9365 40.02996, -105.936 40.0074, -105.9355 39.98405, -105.935 39.96239, -105.9345 39.94469, -105.934 39.93265, -105.9335 39.92724, -105.933 39.92851, -105.9325 39.93562, -105.932 39.94692, -105.9315 39.96021, -105.931 39.97303, -105.9305 39.98295, -105.93 39.98797, -105.9295 39.98674, -105.929 39.97874, -105.9285 39.9644, -105.928 39.94498, -105.9275 39.92245, -105.927 39.89918, -105.9265 39.87766, -105.926 39.86014, -105.9255 39.84832, -105.925 39.84314, -105.9245 39.84464, -105.924 39.85197, -105.9235 39.86346, -105.923 39.8769, -105.9225 39.88984, -105.922 39.89984, -105.9215 39.90493, -105.921 39.90374, -105.9205 39.89581, -105.92 39.88155, -105.9195 39.86225, -105.919 39.83989, -105.9185 39.81685, -105.918 39.79561, -105.9175 39.77841, -105.917 39.76694, -105.9165 39.76214, -105.916 39.76402, -105.9155 39.7717, -105.915 39.78352, -105.9145 39.79726, -105.914 39.81045, -105.9135 39.82068, -105.913 39.82596, -105.9125 39.82496, -105.912 39.81723, -105.9115 39.80319, -105.911 39.78415, -105.9105 39.7621, -105.91 39.73942, -105.9095 39.71859, -105.909 39.70185, -105.9085 39.69088, -105.908 39.68658, -105.9075 39.68896, -105.907 39.69713, -105.9065 39.70942, -105.906 39.72358, -105.9055 39.73715, -105.905 39.74774, -105.9045 39.75334, -105.904 39.75267, -105.9035 39.74526, -105.903 39.73157, -105.9025 39.71292, -105.902 39.6913, -105.9015 39.66911, -105.901 39.64882, -105.9005 39.63266, -105.9 39.62231, -105.8995 39.61864, -105.899 39.62165, -105.8985 39.63043, -105.898 39.6433, -105.8975 39.658, -105.897 39.67208, -105.8965 39.68313, -105.896 39.68918, -105.8955 39.68894, -105.895 39.68197, -105.8945 39.66875, -105.894 39.6506, -105.8935 39.62953, -105.893 39.60794, -105.8925 39.5883, -105.892 39.57284, -105.8915 39.56321, -105.891 39.56028, -105.8905 39.56403, -105.89 39.57353, -105.8895 39.58708, -105.889 39.60243, -105.8885 39.61711, -105.888 39.62873, -105.8875 39.63533, -105.887 39.63563, -105.8865 39.6292, -105.886 39.61653, -105.8855 39.59899, -105.885 39.57856, -105.8845 39.55767, -105.884 39.53878, -105.8835 39.5241, -105.883 39.51529, -105.8825 39.51319, -105.882 39.51776, -105.8815 39.52806, -105.881 39.54238, -105.8805 39.55847, -105.88 39.57384, -105.8795 39.58612, -105.879 39.59334, -105.8785 39.59425, -105.878 39.58844, -105.8775 39.57642, -105.877 39.55955, -105.8765 39.53985, -105.876 39.51973, -105.8755 39.50166, -105.875 39.48785, -105.8745 39.47992, -105.874 39.47872, -105.8735 39.48419, -105.873 39.49536, -105.8725 39.51052, -105.872 39.5274, -105.8715 39.54353, -105.871 39.55652, -105.8705 39.56443, -105.87 39.56602, -105.8695 39.56089, -105.869 39.54957, -105.8685 39.53343, -105.868 39.51451, -105.8675 39.49522, -105.867 39.47802, -105.8665 39.46512, -105.866 39.45813, -105.8655 39.45788, -105.865 39.46428, -105.8645 39.47637, -105.864 39.49241, -105.8635 39.51013, -105.863 39.52705, -105.8625 39.54079, -105.862 39.54943, -105.8615 39.55173, -105.861 39.54731, -105.8605 39.53673, -105.86 39.52136, -105.8595 39.50325, -105.859 39.48482, -105.8585 39.46853, -105.858 39.45656, -105.8575 39.45054, -105.857 39.45126, -105.8565 39.45862, -105.856 39.47165, -105.8555 39.48859, -105.855 39.50716, -105.8545 39.52489, -105.854 39.5394, -105.8535 39.54878, -105.853 39.55181, -105.8525 39.54812, -105.852 39.53828, -105.8515 39.52369, -105.851 39.5064, -105.8505 39.48883, -105.85 39.47344, -105.8495 39.46242, -105.849 39.45736, -105.8485 39.45905, -105.848 39.46738, -105.8475 39.48134, -105.847 39.49917, -105.8465 39.51859, -105.846 39.53712, -105.8455 39.5524, -105.845 39.56251, -105.8445 39.56624, -105.844 39.56327, -105.8435 39.55416, -105.843 39.54033, -105.8425 39.52384, -105.842 39.50712, -105.8415 39.49262, -105.841 39.48253, -105.8405 39.47841, -105.84 39.48104, -105.8395 39.4903, -105.839 39.50517, -105.8385 39.52386, -105.838 39.5441, -105.8375 39.5634, -105.837 39.5794, -105.8365 39.59021, -105.836 39.59462, -105.8355 39.59232, -105.835 39.58391, -105.8345 39.5708, -105.834 39.55507, -105.8335 39.53915, -105.833 39.5255, -105.8325 39.51628, -105.832 39.51306, -105.8315 39.5166, -105.831 39.52674, -105.8305 39.54246, -105.83 39.56196, -105.8295 39.58297, -105.829 39.60298, -105.8285 39.61965, -105.828 39.63109, -105.8275 39.63612, -105.827 39.63444, -105.8265 39.62666, -105.826 39.61421, -105.8255 39.59918, -105.825 39.584, -105.8245 39.57113, -105.824 39.56272, -105.8235 39.56033, -105.823 39.56469, -105.8225 39.57565, -105.822 39.59214, -105.8215 39.61239, -105.821 39.63408, -105.8205 39.65472, -105.82 39.67199, -105.8195 39.68398, -105.819 39.68955, -105.8185 39.68841, -105.818 39.68117, -105.8175 39.6693, -105.817 39.65489, -105.8165 39.64037, -105.816 39.62819, -105.8155 39.6205, -105.815 39.61884, -105.8145 39.62394, -105.814 39.63562, -105.8135 39.6528, -105.813 39.67368, -105.8125 39.69596, -105.812 39.71715, -105.8115 39.73491, -105.811 39.74736, -105.8105 39.75337, -105.81 39.75266, -105.8095 39.74587, -105.809 39.73448, -105.8085 39.72058, -105.808 39.7066, -105.8075 39.69501, -105.807 39.68794, -105.8065 39.68691, -105.806 39.69264, -105.8055 39.70492, -105.805 39.72268, -105.8045 39.7441, -105.804 39.76686, -105.8035 39.78847, -105.803 39.8066, -105.8025 39.8194, -105.802 39.82573, -105.8015 39.82534, -105.801 39.81888, -105.8005 39.80785, -105.8 39.79434, -105.7995 39.7808, -105.799 39.76968, -105.7985 39.7631, -105.798 39.76258, -105.7975 39.76881, -105.797 39.78158, -105.7965 39.79979, -105.796 39.82161, -105.7955 39.84472, -105.795 39.86663, -105.7945 39.88501, -105.794 39.89803, -105.7935 39.90455, -105.793 39.90435, -105.7925 39.8981, -105.792 39.88729, -105.7915 39.87404, -105.791 39.8608, -105.7905 39.85002, -105.79 39.8438, -105.7895 39.84366, -105.789 39.85026, -105.7885 39.86339, -105.788 39.88191, -105.7875 39.904, -105.787 39.92732, -105.7865 39.94939, -105.786 39.96789, -105.7855 39.98097, -105.785 39.98755, -105.7845 39.9874, -105.784 39.98122, -105.7835 39.9705, -105.783 39.95738, -105.7825 39.9443, -105.782 39.93372, -105.7815 39.92772, -105.781 39.92781, -105.7805 39.93465, -105.78 39.94798, -105.7795 39.96668, -105.779 39.98889, -105.7785 40.01228, -105.778 40.03437, -105.7775 40.05283, -105.777 40.06586, -105.7765 40.07235, -105.776 40.07211, -105.7755 40.06584, -105.775 40.05508, -105.7745 40.04194, -105.774 40.02888, -105.7735 40.01835, -105.773 40.01243, -105.7725 40.01261, -105.772 40.01954, -105.7715 40.03293, -105.771 40.05166, -105.7705 40.07385, -105.77 40.09717, -105.7695 40.11913, -105.769 40.13742, -105.7685 40.15023, -105.768 40.15649, -105.7675 40.15602, -105.767 40.14953, -105.7665 40.13857, -105.766 40.12527, -105.7655 40.11209, -105.765 40.10146, -105.7645 40.09549, -105.764 40.09562, -105.7635 40.10248, -105.763 40.1158, -105.7625 40.13441, -105.762 40.15644, -105.7615 40.17954, -105.761 40.20123, -105.7605 40.2192, -105.76 40.23166, -105.7595 40.23755, -105.759 40.2367, -105.7585 40.22985, -105.758 40.21856, -105.7575 40.20496, -105.757 40.19152, -105.7565 40.18067, -105.756 40.17449, -105.7555 40.17443, -105.755 40.1811, -105.7545 40.1942, -105.754 40.21256, -105.7535 40.23428, -105.753 40.25703, -105.7525 40.27832, -105.752 40.29584, -105.7515 40.30781, -105.751 40.3132, -105.7505 40.31184, -105.75 40.30449, -105.7495 40.29273, -105.749 40.2787, -105.7485 40.26487, -105.748 40.25366, -105.7475 40.24715, -105.747 40.24677, -105.7465 40.25312, -105.746 40.26588, -105.7455 40.28385, -105.745 40.30515, -105.7445 40.32742, -105.744 40.34817, -105.7435 40.36512, -105.743 40.37648, -105.7425 40.38124, -105.742 40.37925, -105.7415 40.37129, -105.741 40.35894, -105.7405 40.34436, -105.74 40.33002, -105.7395 40.31834, -105.739 40.31138, -105.7385 40.31057, -105.738 40.31647, -105.7375 40.32877, -105.737 40.34625, -105.7365 40.36701, -105.736 40.38869, -105.7355 40.4088, -105.735 40.42505, -105.7345 40.43569, -105.734 40.43971, -105.7335 40.43699, -105.733 40.42831, -105.7325 40.41527, -105.732 40.40003, -105.7315 40.38508, -105.731 40.37282, -105.7305 40.36532, -105.73 40.36397, -105.7295 40.36934, -105.729 40.38108, -105.7285 40.39797, -105.728 40.41809, -105.7275 40.43908, -105.727 40.45844, -105.7265 40.47392, -105.726 40.48375, -105.7255 40.48694, -105.725 40.48338, -105.7245 40.4739, -105.724 40.46008, -105.7235 40.44411, -105.723 40.42846, -105.7225 40.41554, -105.722 40.40741, -105.7215 40.40544, -105.721 40.41019, -105.7205 40.42129, -105.72 40.43751, -105.7195 40.45692, -105.719 40.47714, -105.7185 40.49569, -105.718 40.51031, -105.7175 40.51925, -105.717 40.52154, -105.7165 40.5171, -105.716 40.50674, -105.7155 40.49207, -105.715 40.4753, -105.7145 40.45889, -105.714 40.44526, -105.7135 40.43643, -105.713 40.43379, -105.7125 40.43786, -105.712 40.44826, -105.7115 40.46375, -105.711 40.48239, -105.7105 40.50179, -105.71 40.51948, -105.7095 40.53319, -105.709 40.5412, -105.7085 40.54254, -105.708 40.53715, -105.7075 40.52587, -105.707 40.51032, -105.7065 40.4927, -105.706 40.47549, -105.7055 40.4611, -105.705 40.45154, -105.7045 40.44819, -105.704 40.45154, -105.7035 40.46122, -105.703 40.47595, -105.7025 40.49378, -105.702 40.51233, -105.7015 40.52912, -105.701 40.5419, -105.7005 40.54894, -105.7 40.54932, -105.6995 40.54296, -105.699 40.53074, -105.6985 40.51428, -105.698 40.49581, -105.6975 40.47778, -105.697 40.46261, -105.6965 40.45231, -105.696 40.44822, -105.6955 40.45086, -105.695 40.45979, -105.6945 40.47375, -105.694 40.49077, -105.6935 40.50846, -105.693 40.52435, -105.6925 40.53619, -105.692 40.54227, -105.6915 40.54168, -105.691 40.53436, -105.6905 40.5212, -105.69 40.50384, -105.6895 40.48451, -105.689 40.46567, -105.6885 40.44973, -105.688 40.4387, -105.6875 40.4339, -105.687 40.43582, -105.6865 40.44403, -105.686 40.45723, -105.6855 40.47345, -105.685 40.49031, -105.6845 40.50531, -105.684 40.51623, -105.6835 40.52138, -105.683 40.51984, -105.6825 40.51158, -105.682 40.49751, -105.6815 40.47928, -105.681 40.45912, -105.6805 40.43951, -105.68 40.42284, -105.6795 40.41111, -105.679 40.40563, -105.6785 40.40688, -105.678 40.41439, -105.6775 40.42688, -105.677 40.44234, -105.6765 40.4584, -105.676 40.47257, -105.6755 40.48262, -105.675 40.48687, -105.6745 40.48442, -105.674 40.47529, -105.6735 40.46035, -105.673 40.44131, -105.6725 40.42037, -105.672 40.40004, -105.6715 40.3827, -105.671 40.37032, -105.6705 40.36423, -105.67 40.36486, -105.6695 40.37175, -105.669 40.38357, -105.6685 40.39835, -105.668 40.41367, -105.6675 40.42707, -105.667 40.43631, -105.6665 40.43973, -105.666 40.43646, -105.6655 40.42651, -105.665 40.41079, -105.6645 40.391, -105.664 40.36937, -105.6635 40.34839, -105.663 40.33045, -105.6625 40.31752, -105.662 40.31088, -105.6615 40.31098, -105.661 40.31732, -105.6605 40.32858, -105.66 40.34274, -105.6595 40.35742, -105.659 40.37012, -105.6585 40.37865, -105.658 40.38134, -105.6575 40.37733, -105.657 40.36665, -105.6565 40.35024, -105.656 40.3298, -105.6555 40.30757, -105.655 40.28605, -105.6545 40.26761, -105.654 40.25421, -105.6535 40.24714, -105.653 40.2468, -105.6525 40.25269, -105.652 40.26348, -105.6515 40.27714, -105.651 40.29127, -105.6505 40.30339, -105.65 40.31131, -105.6495 40.31337, -105.649 40.30873, -105.6485 40.29744, -105.648 40.28044, -105.6475 40.25946, -105.647 40.23675, -105.6465 40.2148, -105.646 40.19597, -105.6455 40.18223, -105.645 40.17482, -105.6445 40.17417, -105.644 40.17974, -105.6435 40.19017, -105.643 40.20344, -105.6425 40.21714, -105.642 40.22881, -105.6415 40.23623, -105.641 40.23778, -105.6405 40.23263, -105.64 40.22085, -105.6395 40.2034, -105.639 40.18201, -105.6385 40.15894, -105.638 40.13668, -105.6375 40.1176, -105.637 40.10363, -105.6365 40.09604, -105.636 40.09519, -105.6355 40.10056, -105.635 40.11077, -105.6345 40.12378, -105.634 40.13719, -105.6335 40.14852, -105.633 40.15558, -105.6325 40.15676, -105.632 40.15124, -105.6315 40.1391, -105.631 40.12133, -105.6305 40.09967, -105.63 40.07638, -105.6295 40.05394, -105.629 40.03474, -105.6285 40.02069, -105.628 40.01304, -105.6275 40.01214, -105.627 40.01745, -105.6265 40.02757, -105.626 40.04047, -105.6255 40.05372, -105.625 40.06486, -105.6245 40.0717, -105.624 40.07265, -105.6235 40.06689, -105.623 40.05454, -105.6225 40.03659, -105.622 40.01479, -105.6215 39.99142, -105.621 39.96896, -105.6205 39.94978, -105.62 39.9358, -105.6195 39.92823, -105.619 39.92742, -105.6185 39.93281, -105.618 39.94299, -105.6175 39.95591, -105.617 39.96915, -105.6165 39.98024, -105.616 39.987, -105.6155 39.98786, -105.615 39.98202, -105.6145 39.9696, -105.614 39.95161, -105.6135 39.92983, -105.613 39.90652, -105.6125 39.88418, -105.612 39.86517, -105.6115 39.85139, -105.611 39.84405, -105.6105 39.84347, -105.61 39.84909, -105.6095 39.85947, -105.609 39.87256, -105.6085 39.88592, -105.608 39.89711, -105.6075 39.90394, -105.607 39.90485, -105.6065 39.89906, -105.606 39.88672, -105.6055 39.86884, -105.605 39.84721, -105.6045 39.82411, -105.604 39.80203, -105.6035 39.78333, -105.603 39.7699, -105.6025 39.76293, -105.602 39.76273, -105.6015 39.76871, -105.601 39.77943, -105.6005 39.79282, -105.6 39.80646, -105.5995 39.81787, -105.599 39.82491, -105.5985 39.82601, -105.598 39.82041, -105.5975 39.80828, -105.597 39.79065, -105.5965 39.76931, -105.596 39.74656, -105.5955 39.72488, -105.595 39.70662, -105.5945 39.69367, -105.594 39.6872, -105.5935 39.68752, -105.593 39.69399, -105.5925 39.70518, -105.592 39.71901, -105.5915 39.73305, -105.591 39.74482, -105.5905 39.75219, -105.59 39.75361, -105.5895 39.74834, -105.589 39.73655, -105.5885 39.71929, -105.588 39.69837, -105.5875 39.67609, -105.587 39.65493, -105.5865 39.63724, -105.586 39.6249, -105.5855 39.61906, -105.585 39.62001, -105.5845 39.6271, -105.584 39.63888, -105.5835 39.65327, -105.583 39.66782, -105.5825 39.68007, -105.582 39.68789, -105.5815 39.68975, -105.581 39.68491, -105.5805 39.67357, -105.58 39.65681, -105.5795 39.63642, -105.579 39.61472, -105.5785 39.5942, -105.578 39.5772, -105.5775 39.56557, -105.577 39.56047, -105.5765 39.56215, -105.576 39.56997, -105.5755 39.58245, -105.575 39.59749, -105.5745 39.61266, -105.574 39.6255, -105.5735 39.63387, -105.573 39.63626, -105.5725 39.63196, -105.572 39.62118, -105.5715 39.60499, -105.571 39.58524, -105.5705 39.56422, -105.57 39.54444, -105.5695 39.52821, -105.569 39.51739, -105.5685 39.51311, -105.568 39.51562, -105.5675 39.52425, -105.567 39.53752, -105.5665 39.5533, -105.566 39.56917, -105.5655 39.58267, -105.565 39.59168, -105.5645 39.59469, -105.564 39.59101, -105.5635 39.58086, -105.563 39.56534, -105.5625 39.54629, -105.562 39.52603, -105.5615 39.50705, -105.561 39.49168, -105.5605 39.48174, -105.56 39.47836, -105.5595 39.48177, -105.559 39.49128, -105.5585 39.50539, -105.558 39.52199, -105.5575 39.53862, -105.557 39.55285, -105.5565 39.56255, -105.556 39.56624, -105.5555 39.56323, -105.555 39.55378, -105.5545 39.53898, -105.554 39.5207, -105.5535 39.50125, -105.553 39.48313, -105.5525 39.46865, -105.552 39.45965, -105.5515 39.45721, -105.551 39.46156, -105.5505 39.472, -105.55 39.487, -105.5495 39.50445, -105.549 39.52189, -105.5485 39.53689, -105.548 39.54733, -105.5475 39.55173, -105.547 39.54943, -105.5465 39.5407, -105.546 39.52666, -105.5455 39.50918, -105.545 39.49057, -105.5445 39.47334, -105.544 39.45979, -105.5435 39.45175, -105.543 39.45028, -105.5425 39.4556, -105.542 39.46698, -105.5415 39.4829, -105.541 39.50122, -105.5405 39.51948, -105.54 39.53526, -105.5395 39.54644, -105.539 39.55157, -105.5385 39.55, -105.538 39.54201, -105.5375 39.52874, -105.537 39.51205, -105.5365 39.4943, -105.536 39.47796, -105.5355 39.46535, -105.535 39.45826, -105.5345 39.45777, -105.534 39.46405, -105.5335 39.47637, -105.533 39.4932, -105.5325 39.51238, -105.532 39.53147, -105.5315 39.54801, -105.531 39.55994, -105.5305 39.56578, -105.53 39.56492, -105.5295 39.55765, -105.529 39.54513, -105.5285 39.52924, -105.528 39.51232, -105.5275 39.49686, -105.527 39.48515, -105.5265 39.479, -105.526 39.47946, -105.5255 39.48668, -105.525 39.49992, -105.5245 39.51762, -105.524 39.53764, -105.5235 39.55751, -105.523 39.57479, -105.5225 39.58742, -105.522 39.59395, -105.5215 39.59376, -105.521 39.58718, -105.5205 39.57537, -105.52 39.56022, -105.5195 39.54409, -105.519 39.52946, -105.5185 39.51863, -105.518 39.51337, -105.5175 39.51473, -105.517 39.52284, -105.5165 39.53694, -105.516 39.55547, -105.5155 39.57627, -105.515 39.59686, -105.5145 39.61483, -105.514 39.6281, -105.5135 39.63525, -105.513 39.63569, -105.5125 39.62973, -105.512 39.61856, -105.5115 39.60411, -105.511 39.5887, -105.5105 39.57484, -105.51 39.56481, -105.5095 39.56038, -105.509 39.56256, -105.5085 39.57149, -105.508 39.58638, -105.5075 39.60567, -105.507 39.62716, -105.5065 39.64841, -105.506 39.66698, -105.5055 39.68082, -105.505 39.68851, -105.5045 39.68948, -105.504 39.68406, -105.5035 39.67347, -105.503 39.65961, -105.5025 39.64485, -105.502 39.63167, -105.5015 39.62235, -105.501 39.61865, -105.5005 39.62157, -105.5 39.63123, -105.4995 39.64683, -105.499 39.66676, -105.4985 39.68887, -105.498 39.71067, -105.4975 39.72975, -105.497 39.74405, -105.4965 39.75219, -105.496 39.75359, -105.4955 39.74862, -105.495 39.73849, -105.4945 39.72513, -105.494 39.71091, -105.4935 39.69831, -105.493 39.6896, -105.4925 39.68652, -105.492 39.69008, -105.4915 39.70035, -105.491 39.71653, -105.4905 39.73702, -105.49 39.75961, -105.4895 39.78186, -105.489 39.80133, -105.4885 39.81599, -105.488 39.82445, -105.4875 39.82617, -105.487 39.82152, -105.4865 39.81174, -105.486 39.79877, -105.4855 39.78496, -105.485 39.77282, -105.4845 39.7646, -105.484 39.76203, -105.4835 39.76609, -105.483 39.77686, -105.4825 39.7935, -105.482 39.8144, -105.4815 39.83737, -105.481 39.85993, -105.4805 39.87966, -105.48 39.89455, -105.4795 39.90321, -105.479 39.90512, -105.4785 39.90067, -105.478 39.89111, -105.4775 39.87838, -105.477 39.86487, -105.4765 39.85305, -105.476 39.84518, -105.4755 39.84299, -105.475 39.84742, -105.4745 39.85855, -105.474 39.87552, -105.4735 39.89671, -105.473 39.91991, -105.4725 39.94264, -105.472 39.96251, -105.4715 39.97748, -105.471 39.9862, -105.4705 39.98816, -105.47 39.98377, -105.4695 39.97429, -105.469 39.96168, -105.4685 39.94831, -105.468 39.93668, -105.4675 39.92903, -105.467 39.92707, -105.4665 39.93174, -105.466 39.94308, -105.4655 39.96024, -105.465 39.98157, -105.4645 40.00485, -105.464 40.02762, -105.4635 40.04747, -105.463 40.06238, -105.4625 40.07102, -105.462 40.07289, -105.4615 40.06842, -105.461 40.05887, -105.4605 40.04623, -105.46 40.03288, -105.4595 40.02129, -105.459 40.01371, -105.4585 40.01184, -105.458 40.0166, -105.4575 40.02801, -105.457 40.04521, -105.4565 40.06654, -105.456 40.08977, -105.4555 40.11243, -105.455 40.13211, -105.4545 40.14683, -105.454 40.15524, -105.4535 40.15687, -105.453 40.15217, -105.4525 40.14242, -105.452 40.12961, -105.4515 40.11612, -105.451 40.10443, -105.4505 40.09678, -105.45 40.09486, -105.4495 40.09956, -105.449 40.11091, -105.4485 40.12801, -105.448 40.14919, -105.4475 40.17222, -105.447 40.19462, -105.4465 40.214, -105.446 40.22837, -105.4455 40.23642, -105.445 40.23768, -105.4445 40.23261, -105.444 40.22252, -105.4435 40.20939, -105.443 40.19563, -105.4425 40.1837, -105.442 40.17585, -105.4415 40.17373, -105.441 40.17824, -105.4405 40.18938, -105.44 40.20624, -105.4395 40.22713, -105.439 40.24983, -105.4385 40.27184, -105.438 40.29079, -105.4375 40.30468, -105.437 40.31222, -105.4365 40.31297, -105.436 40.3074, -105.4355 40.29683, -105.435 40.28327, -105.4345 40.2691, -105.434 40.25681, -105.4335 40.24861, -105.433 40.24617, -105.4325 40.25037, -105.432 40.26117, -105.4315 40.27766, -105.431 40.29815, -105.4305 40.32038, -105.43 40.34188, -105.4295 40.36026, -105.429 40.37355, -105.4285 40.38046, -105.428 40.38058, -105.4275 40.37439, -105.427 40.36323, -105.4265 40.3491, -105.426 40.33441, -105.4255 40.32163, -105.425 40.31298, -105.4245 40.31011, -105.424 40.31387, -105.4235 40.32422, -105.423 40.34023, -105.4225 40.36018, -105.422 40.38184, -105.4215 40.40271, -105.421 40.42041, -105.4205 40.43299, -105.42 40.43918, -105.4195 40.43856, -105.419 40.43164, -105.4185 40.41977, -105.418 40.40498, -105.4175 40.38966, -105.417 40.3763, -105.4165 40.36709, -105.416 40.36368, -105.4155 40.3669, -105.415 40.37671, -105.4145 40.39213, -105.414 40.41147, -105.4135 40.43245, -105.413 40.4526, -105.4125 40.46953, -105.412 40.48131, -105.4115 40.48666, -105.411 40.48522, -105.4105 40.47748, -105.41 40.46483, -105.4095 40.44928, -105.409 40.43326, -105.4085 40.41922, -105.408 40.40938, -105.4075 40.40535, -105.407 40.40795, -105.4065 40.41713, -105.406 40.4319, -105.4055 40.45053, -105.405 40.47076, -105.4045 40.49011, -105.404 40.5062, -105.4035 40.5171, -105.403 40.52156, -105.4025 40.51921, -105.402 40.51059, -105.4015 40.49709, -105.401 40.48072, -105.4005 40.46393, -105.4 40.44916, -105.3995 40.43862, -105.399 40.43391, -105.3985 40.43584, -105.398 40.44432, -105.3975 40.45837, -105.397 40.47625, -105.3965 40.49568, -105.396 40.51417, -105.3955 40.52937, -105.395 40.53934, -105.3945 40.54286, -105.394 40.53957, -105.3935 40.53002, -105.393 40.51561, -105.3925 40.49839, -105.392 40.48078, -105.3915 40.46524, -105.391 40.45396, -105.3905 40.44853, -105.39 40.44975, -105.3895 40.45751, -105.389 40.47082, -105.3885 40.4879, -105.388 40.50649, -105.3875 40.52411, -105.387 40.53838, -105.3865 40.5474, -105.386 40.54994, -105.3855 40.54568, -105.385 40.53519, -105.3845 40.51986, -105.384 40.50176, -105.3835 40.48332, -105.383 40.467, -105.3825 40.45496, -105.382 40.4488, -105.3815 40.4493, -105.381 40.45633, -105.3805 40.46887, -105.38 40.48515, -105.3795 40.5029, -105.379 40.51963, -105.3785 40.53297, -105.378 40.54103, -105.3775 40.54261, -105.377 40.53738, -105.3765 40.52594, -105.376 40.5097, -105.3755 40.49073, -105.375 40.47146, -105.3745 40.45436, -105.374 40.44159, -105.3735 40.43471, -105.373 40.43449, -105.3725 40.4408, -105.372 40.45259, -105.3715 40.4681, -105.371 40.48502, -105.3705 40.50088, -105.37 40.51332, -105.3695 40.52044, -105.369 40.52107, -105.3685 40.5149, -105.368 40.50254, -105.3675 40.48541, -105.367 40.4656, -105.3665 40.44555, -105.366 40.4277, -105.3655 40.41421, -105.365 40.40665, -105.3645 40.40576, -105.364 40.41138, -105.3635 40.42247, -105.363 40.43724, -105.3625 40.45338, -105.362 40.4684, -105.3615 40.47998, -105.361 40.48622, -105.3605 40.48595, -105.36 40.47889, -105.3595 40.46565, -105.359 40.44769, -105.3585 40.4271, -105.358 40.4063, -105.3575 40.38776, -105.357 40.37363, -105.3565 40.36544, -105.356 40.36394, -105.3555 40.36894, -105.355 40.37938, -105.3545 40.39346, -105.354 40.40888, -105.3535 40.42315, -105.353 40.43393, -105.3525 40.43935, -105.352 40.43825, -105.3515 40.43036, -105.351 40.41633, -105.3505 40.39762, -105.35 40.37631, -105.3495 40.35486, -105.349 40.33571, -105.3485 40.321, -105.348 40.31227, -105.3475 40.31023, -105.347 40.31469, -105.3465 40.32457, -105.346 40.33806, -105.3455 40.35284, -105.345 40.36643, -105.3445 40.3765, -105.344 40.38119, -105.3435 40.37935, -105.343 40.37074, -105.3425 40.356, -105.342 40.33662, -105.3415 40.3147, -105.341 40.29268, -105.3405 40.27302, -105.34 40.25784, -105.3395 40.24866, -105.339 40.24619, -105.3385 40.2502, -105.338 40.25962, -105.3375 40.27262, -105.337 40.28687, -105.3365 40.29989, -105.336 40.30936, -105.3355 40.31342, -105.335 40.31095, -105.3345 40.30171, -105.334 40.28638, -105.3335 40.26645, -105.333 40.24403, -105.3325 40.22156, -105.332 40.2015, -105.3315 40.18596, -105.331 40.17645, -105.3305 40.17366, -105.33 40.17735, -105.3295 40.18643, -105.329 40.19905, -105.3285 40.21289, -105.328 40.22546, -105.3275 40.23444, -105.327 40.23799, -105.3265 40.23502, -105.326 40.22528, -105.3255 40.20948, -105.325 40.18912, -105.3245 40.16632, -105.324 40.14353, -105.3235 40.1232, -105.323 40.10743, -105.3225 40.09772, -105.322 40.09474, -105.3215 40.09824, -105.321 40.1071, -105.3205 40.11947, -105.32 40.13303, -105.3195 40.14528, -105.319 40.15391, -105.3185 40.15709, -105.318 40.15374, -105.3175 40.14365, -105.317 40.12751, -105.3165 40.10686, -105.316 40.08382, -105.3155 40.06085, -105.315 40.04038, -105.3145 40.02452, -105.314 40.01474, -105.3135 40.01171, -105.313 40.01515, -105.3125 40.02394, -105.312 40.0362, -105.3115 40.04961, -105.311 40.06168, -105.3105 40.0701, -105.31 40.07305, -105.3095 40.06946, -105.309 40.05915, -105.3085 40.04282, -105.308 40.02202, -105.3075 39.99889, -105.307 39.97587, -105.3065 39.95541, -105.306 39.9396, -105.3055 39.9299, -105.305 39.92696, -105.3045 39.93049, -105.304 39.93934, -105.3035 39.95164, -105.303 39.96505, -105.3025 39.97708, -105.302 39.98543, -105.3015 39.98829, -105.301 39.98462, -105.3005 39.97422, -105.3 39.95785, -105.2995 39.93705, -105.299 39.91396, -105.2985 39.89104, -105.298 39.87073, -105.2975 39.85512, -105.297 39.84565, -105.2965 39.84294, -105.296 39.8467, -105.2955 39.85576, -105.295 39.86824, -105.2945 39.88179, -105.294 39.89392, -105.2935 39.90235, -105.293 39.90527, -105.2925 39.90164, -105.292 39.89132, -105.2915 39.87504, -105.291 39.85437, -105.2905 39.83147, -105.29 39.8088, -105.2895 39.78879, -105.289 39.77352, -105.2885 39.76441, -105.288 39.76208, -105.2875 39.76621, -105.287 39.77562, -105.2865 39.78841, -105.286 39.80224, -105.2855 39.81462, -105.285 39.82325, -105.2845 39.82637, -105.284 39.82293, -105.2835 39.81281, -105.283 39.79677, -105.2825 39.77638, -105.282 39.75381, -105.2815 39.73152, -105.281 39.71194, -105.2805 39.69713, -105.28 39.68852, -105.2795 39.6867, -105.279 39.69133, -105.2785 39.70122, -105.278 39.71447, -105.2775 39.72871, -105.277 39.74146, -105.2765 39.75043, -105.276 39.75387, -105.2755 39.75075, -105.275 39.74096, -105.2745 39.72528, -105.274 39.7053, -105.2735 39.68318, -105.273 39.6614, -105.2725 39.64238, -105.272 39.62817, -105.2715 39.62018, -105.271 39.61899, -105.2705 39.62425, -105.27 39.63474, -105.2695 39.64855, -105.269 39.66332, -105.2685 39.67656, -105.268 39.68599, -105.2675 39.68987, -105.267 39.68719, -105.2665 39.67784, -105.266 39.66264, -105.2655 39.64317, -105.265 39.62162, -105.2645 39.60046, -105.264 39.58211, -105.2635 39.56861, -105.263 39.56135, -105.2625 39.5609, -105.262 39.56689, -105.2615 39.57809, -105.261 39.59257, -105.2605 39.60797, -105.26 39.6218, -105.2595 39.63179, -105.259 39.63621, -105.2585 39.63406, -105.258 39.62527, -105.2575 39.61064, -105.257 39.59179, -105.2565 39.5709, -105.256 39.55046, -105.2555 39.53286, -105.255 39.52016, -105.2545 39.51373, -105.254 39.51411, -105.2535 39.52091, -105.253 39.53291, -105.2525 39.54815, -105.252 39.56426, -105.2515 39.57877, -105.251 39.58941, -105.2505 39.59444, -105.25 39.59291, -105.2495 39.58474, -105.249 39.57077, -105.2485 39.55261, -105.248 39.53247, -105.2475 39.51281, -105.247 39.49606, -105.2465 39.48423, -105.246 39.47869, -105.2455 39.47997, -105.245 39.48766, -105.2445 39.50051, -105.244 39.51658, -105.2435 39.53347, -105.243 39.54872, -105.2425 39.56006, -105.242 39.56578, -105.2415 39.56492, -105.241 39.55744, -105.2405 39.54417, -105.24 39.52676, -105.2395 39.50742, -105.239 39.48861, -105.2385 39.47274, -105.238 39.46184, -105.2375 39.45724, -105.237 39.45947, -105.2365 39.46809, -105.236 39.48185, -105.2355 39.49877, -105.235 39.51649, -105.2345 39.53252, -105.234 39.5446, -105.2335 39.55104, -105.233 39.55089, -105.2325 39.54413, -105.232 39.53161, -105.2315 39.51498, -105.231 39.49647, -105.2305 39.47853, -105.23 39.46358, -105.2295 39.45363, -105.229 39.45, -105.2285 39.45319, -105.228 39.46277, -105.2275 39.47745, -105.227 39.49527, -105.2265 39.51382, -105.226 39.53064, -105.2255 39.54348, -105.225 39.55065, -105.2245 39.55123, -105.224 39.5452, -105.2235 39.53343, -105.223 39.5176, -105.2225 39.49992, -105.222 39.48287, -105.2215 39.46884, -105.221 39.45984, -105.2205 39.45718, -105.22 39.46134, -105.2195 39.47187, -105.219 39.48747, -105.2185 39.50616, -105.218 39.52555, -105.2175 39.54315, -105.217 39.55674, -105.2165 39.56464, -105.216 39.56593, -105.2155 39.56061, -105.215 39.54959, -105.2145 39.53453, -105.214 39.51767, -105.2135 39.50147, -105.213 39.48835, -105.2125 39.48028, -105.212 39.47857, -105.2115 39.48367, -105.211 39.49513, -105.2105 39.51162, -105.21 39.53116, -105.2095 39.55135, -105.209 39.5697, -105.2085 39.584, -105.208 39.59258, -105.2075 39.59455, -105.207 39.58992, -105.2065 39.57959, -105.206 39.56527, -105.2055 39.54918, -105.205 39.53381, -105.2045 39.52155, -105.204 39.51436, -105.2035 39.51355, -105.203 39.51955, -105.2025 39.53188, -105.202 39.54921, -105.2015 39.56954, -105.201 39.59048, -105.2005 39.60953, -105.2 39.62449, -105.1995 39.63369, -105.199 39.63627, -105.1985 39.63226, -105.198 39.62258, -105.1975 39.60893, -105.197 39.59356, -105.1965 39.57894, -105.196 39.56747, -105.1955 39.5611, -105.195 39.56112, -105.1945 39.56794, -105.194 39.58107, -105.1935 39.59917, -105.193 39.62022, -105.1925 39.64182, -105.192 39.66149, -105.1915 39.67703, -105.191 39.68678, -105.1905 39.6899, -105.19 39.68642, -105.1895 39.6773, -105.189 39.66424, -105.1885 39.6495, -105.188 39.63555, -105.1875 39.62478, -105.187 39.61914, -105.1865 39.6199, -105.186 39.62745, -105.1855 39.6413, -105.185 39.66006, -105.1845 39.68174, -105.184 39.70391, -105.1835 39.7241, -105.183 39.74012, -105.1825 39.75032, -105.182 39.75387, -105.1815 39.75084, -105.181 39.74217, -105.1805 39.7296, -105.18 39.71538, -105.1795 39.702, -105.179 39.69183, -105.1785 39.68681, -105.178 39.6882, -105.1775 39.69638, -105.177 39.71082, -105.1765 39.73015, -105.176 39.75233, -105.1755 39.77496, -105.175 39.79556, -105.1745 39.81194, -105.174 39.82248, -105.1735 39.82635, -105.173 39.82363, -105.1725 39.81531, -105.172 39.80311, -105.1715 39.7893, -105.171 39.77636, -105.1705 39.76667, -105.17 39.76216, -105.1695 39.76405, -105.169 39.77273, -105.1685 39.78765, -105.168 39.80741, -105.1675 39.82998, -105.167 39.85294, -105.1665 39.87382, -105.166 39.89043, -105.1655 39.90118, -105.165 39.90524, -105.1645 39.90271, -105.164 39.8946, -105.1635 39.88264, -105.163 39.86911, -105.1625 39.85649, -105.162 39.84714, -105.1615 39.843, -105.161 39.84527, -105.1605 39.85431, -105.16 39.86957, -105.1595 39.88963, -105.159 39.91245, -105.1585 39.9356, -105.158 39.95662, -105.1575 39.97334, -105.157 39.98415, -105.1565 39.98826, -105.156 39.98579, -105.1555 39.97775, -105.155 39.96589, -105.1545 39.9525, -105.154 39.94005, -105.1535 39.93092, -105.153 39.927, -105.1525 39.92951, -105.152 39.93878, -105.1515 39.95423, -105.151 39.97445, -105.1505 39.99737, -105.15 40.02058, -105.1495 40.0416, -105.149 40.05827, -105.1485 40.069, -105.148 40.07302, -105.1475 40.07047, -105.147 40.06236, -105.1465 40.05046, -105.146 40.03706, -105.1455 40.02465, -105.145 40.01557, -105.1445 40.01174, -105.144 40.01434, -105.1435 40.02369, -105.143 40.0392, -105.1425 40.05943, -105.142 40.08231, -105.1415 40.10542, -105.141 40.1263, -105.1405 40.14278, -105.14 40.15329, -105.1395 40.15708, -105.139 40.15429, -105.1385 40.14597, -105.138 40.13388, -105.1375 40.12034, -105.137 40.10782, -105.1365 40.09867, -105.136 40.09478, -105.1355 40.09733, -105.135 40.10661, -105.1345 40.12203, -105.134 40.14213, -105.1335 40.16483, -105.133 40.1877, -105.1325 40.20829, -105.132 40.22444, -105.1315 40.23459, -105.131 40.238, -105.1305 40.23485, -105.13 40.22617, -105.1295 40.21376, -105.129 40.19993, -105.1285 40.18716, -105.128 40.17779, -105.1275 40.17371, -105.127 40.17607, -105.1265 40.18515, -105.126 40.20034, -105.1255 40.22017, -105.125 40.24255, -105.1245 40.26506, -105.124 40.28522, -105.1235 40.3009, -105.123 40.31055, -105.1225 40.31346, -105.122 40.3098, -105.1215 40.30063, -105.121 40.28777, -105.1205 40.27353, -105.12 40.26038, -105.1195 40.25066, -105.119 40.24626, -105.1185 40.2483, -105.118 40.25705, -105.1175 40.27188, -105.117 40.29132, -105.1165 40.31326, -105.116 40.33526, -105.1155 40.35487, -105.115 40.36996, -105.1145 40.379, -105.114 40.38127, -105.1135 40.37698, -105.113 40.36721, -105.1125 40.35378, -105.112 40.339, -105.1115 40.32535, -105.111 40.31518, -105.1105 40.31033, -105.11 40.31193, -105.1095 40.32024, -105.109 40.3346, -105.1085 40.35353, -105.108 40.37491, -105.1075 40.3963, -105.107 40.41525, -105.1065 40.42963, -105.106 40.43794, -105.1055 40.43948, -105.105 40.43446, -105.1045 40.42397, -105.104 40.40986, -105.1035 40.39444, -105.103 40.3802, -105.1025 40.36946, -105.102 40.36407, -105.1015 40.36514, -105.101 40.37291, -105.1005 40.3867, -105.1 40.40501, -105.0995 40.42574, -105.099 40.44642, -105.0985 40.46461, -105.098 40.47821, -105.0975 40.4857, -105.097 40.4864, -105.0965 40.48056, -105.096 40.46928, -105.0955 40.4544, -105.095 40.43826, -105.0945 40.42334, -105.094 40.41195, -105.0935 40.40593, -105.093 40.40639, -105.0925 40.41353, -105.092 40.42668, -105.0915 40.4443, -105.091 40.46429, -105.0905 40.48419, -105.09 40.50156, -105.0895 40.51428, -105.089 40.52088, -105.0885 40.52069, -105.088 40.51395, -105.0875 40.50181, -105.087 40.4861, -105.0865 40.46917, -105.086 40.4535, -105.0855 40.44141, -105.085 40.43471, -105.0845 40.43449, -105.084 40.44095, -105.0835 40.45339, -105.083 40.47027, -105.0825 40.48947, -105.082 40.50853, -105.0815 40.52502, -105.081 40.53682, -105.0805 40.54248, -105.08 40.54134, -105.0795 40.53367, -105.079 40.52061, -105.0785 40.50404, -105.078 40.48628, -105.0775 40.46983, -105.077 40.45698, -105.0765 40.44956, -105.076 40.44863, -105.0755 40.45438, -105.075 40.46607, -105.0745 40.48218, -105.074 40.50056, -105.0735 40.51875, -105.073 40.53432, -105.0725 40.54518, -105.072 40.54987, -105.0715 40.54776, -105.071 40.53914, -105.0705 40.52515, -105.07 40.50768, -105.0695 40.48908, -105.069 40.47182, -105.0685 40.45822, -105.068 40.45006, -105.0675 40.44841, -105.067 40.45342, -105.0665 40.46437, -105.066 40.47969, -105.0655 40.49724, -105.065 40.51456, -105.0645 40.52922, -105.064 40.53913, -105.0635 40.54285, -105.063 40.53977, -105.0625 40.53019, -105.062 40.51528, -105.0615 40.49692, -105.061 40.47748, -105.0605 40.45943, -105.06 40.44508, -105.0595 40.43619, -105.059 40.43383, -105.0585 40.43813, -105.058 40.44834, -105.0575 40.46289, -105.057 40.47963, -105.0565 40.49609, -105.056 40.50985, -105.0555 40.51884, -105.055 40.52161, -105.0545 40.51759, -105.054 40.50708, -105.0535 40.49127, -105.053 40.47206, -105.0525 40.45181, -105.052 40.433, -105.0515 40.41792, -105.051 40.40835, -105.0505 40.40531, -105.05 40.40893, -105.0495 40.41844, -105.049 40.43227, -105.0485 40.44824, -105.048 40.46389, -105.0475 40.47679, -105.047 40.4849, -105.0465 40.48678, -105.046 40.48185, -105.0455 40.47046, -105.045 40.45381, -105.0445 40.4338, -105.044 40.41279, -105.0435 40.39328, -105.043 40.37754, -105.0425 40.36734, -105.042 40.36368, -105.0415 40.36669, -105.041 40.37556, -105.0405 40.38872, -105.04 40.40398, -105.0395 40.41888, -105.039 40.431, -105.0385 40.43829, -105.038 40.43934, -105.0375 40.43359, -105.037 40.42139, -105.0365 40.40397, -105.036 40.38323, -105.0355 40.36155, -105.035 40.34142, -105.0345 40.32509, -105.034 40.31434, -105.0335 40.31014, -105.033 40.31261, -105.0325 40.32093, -105.032 40.3335, -105.0315 40.34814, -105.031 40.36238, -105.0305 40.3738, -105.03 40.38036, -105.0295 40.38068, -105.029 40.37419, -105.0285 40.36128, -105.028 40.34318, -105.0275 40.32181, -105.027 40.29955, -105.0265 40.27889, -105.026 40.26208, -105.0255 40.25087, -105.025 40.24624, -105.0245 40.24827, -105.024 40.25614, -105.0235 40.26823, -105.023 40.28235, -105.0225 40.29603, -105.022 40.30685, -105.0215 40.31279, -105.021 40.31248, -105.0205 40.30537, -105.02 40.29185, -105.0195 40.27318, -105.019 40.25129, -105.0185 40.22857, -105.018 40.20749, -105.0175 40.19031, -105.017 40.17877, -105.0165 40.17381, -105.016 40.17552, -105.0155 40.18305, -105.015 40.19478, -105.0145 40.2085, -105.014 40.22174, -105.0135 40.23209, -105.013 40.23753, -105.0125 40.23671, -105.012 40.22909, -105.0115 40.2151, -105.011 40.19599, -105.0105 40.17371, -105.01 40.15064, -105.0095 40.12927, -105.009 40.11185, -105.0085 40.1001, -105.008 40.09496, -105.0075 40.09647, -105.007 40.1038, -105.0065 40.11529, -105.006 40.12873, -105.0055 40.14167, -105.005 40.15168, -105.0045 40.15675, -105.004 40.15555, -105.0035 40.14757, -105.003 40.13323, -105.0025 40.11381, -105.002 40.09127, -105.0015 40.068, -105.001 40.04649, -105.0005 40.02896, -105 40.01714, -104.9995 40.01194, -104.999 40.0134, -104.9985 40.02066, -104.998 40.03205, -104.9975 40.04537, -104.997 40.05813, -104.9965 40.06794, -104.996 40.07279, -104.9955 40.07135, -104.995 40.06314, -104.9945 40.0486, -104.994 40.02901, -104.9935 40.00636, -104.993 39.98303, -104.9925 39.96151, -104.992 39.94402, -104.9915 39.93227, -104.991 39.92716, -104.9905 39.92872, -104.99 39.93605, -104.9895 39.94748, -104.989 39.96081, -104.9885 39.97354, -104.988 39.98329, -104.9875 39.98806, -104.987 39.98653, -104.9865 39.97824, -104.986 39.96364, -104.9855 39.94403, -104.985 39.92141, -104.9845 39.89817, -104.984 39.87678, -104.9835 39.85948, -104.983 39.84794, -104.9825 39.84307, -104.982 39.84486, -104.9815 39.8524, -104.981 39.86403, -104.9805 39.87751, -104.98 39.89036, -104.9795 39.90019, -104.979 39.90501, -104.9785 39.90354, -104.978 39.8953, -104.9775 39.88079, -104.977 39.86131, -104.9765 39.83886, -104.976 39.81585, -104.9755 39.79474, -104.975 39.77776, -104.9745 39.76658, -104.974 39.76208, -104.9735 39.76424, -104.973 39.77215, -104.9725 39.7841, -104.972 39.79788, -104.9715 39.81098, -104.971 39.82103, -104.9705 39.82605, -104.97 39.82476, -104.9695 39.81673, -104.969 39.80244, -104.9685 39.78322, -104.968 39.76108, -104.9675 39.73843, -104.967 39.71774, -104.9665 39.70123, -104.966 39.69054, -104.9655 39.68655, -104.965 39.68921, -104.9645 39.69761, -104.964 39.71002, -104.9635 39.72421, -104.963 39.7377, -104.9625 39.7481, -104.962 39.75345, -104.9615 39.75248, -104.961 39.74478, -104.9605 39.73083, -104.96 39.71201, -104.9595 39.69031, -104.959 39.66815, -104.9585 39.648, -104.958 39.63207, -104.9575 39.622, -104.957 39.61864, -104.9565 39.62193, -104.956 39.63093, -104.9555 39.64393, -104.955 39.65866, -104.9545 39.67265, -104.954 39.68352, -104.9535 39.68931, -104.953 39.68878, -104.9525 39.68151, -104.952 39.66803, -104.9515 39.64971, -104.951 39.62857, -104.9505 39.60701, -104.95 39.58751, -104.9495 39.57228, -104.949 39.56293, -104.9485 39.56031, -104.948 39.56434, -104.9475 39.57406, -104.947 39.58774, -104.9465 39.60312, -104.946 39.61771, -104.9455 39.62915, -104.945 39.63549, -104.9445 39.63548, -104.944 39.62876, -104.9435 39.61585, -104.943 39.59812, -104.9425 39.57763, -104.942 39.55677, -104.9415 39.53802, -104.941 39.52358, -104.9405 39.51505, -104.94 39.51325, -104.9395 39.51811, -104.939 39.52863, -104.9385 39.54308, -104.938 39.55919, -104.9375 39.57447, -104.937 39.58656, -104.9365 39.59352, -104.936 39.59414, -104.9355 39.58803, -104.935 39.57576, -104.9345 39.55872, -104.934 39.53895, -104.9335 39.51887, -104.933 39.50095, -104.9325 39.48736, -104.932 39.47972, -104.9315 39.47883, -104.931 39.48457, -104.9305 39.49597, -104.93 39.51125, -104.9295 39.52815, -104.929 39.54419, -104.9285 39.55699, -104.928 39.56464, -104.9275 39.56593, -104.927 39.56051, -104.9265 39.54894, -104.926 39.53263, -104.9255 39.51364, -104.925 39.49439, -104.9245 39.47734, -104.924 39.46467, -104.9235 39.45797, -104.923 39.45802, -104.9225 39.46471, -104.922 39.47702, -104.9215 39.49318, -104.921 39.51092, -104.9205 39.52774, -104.92 39.5413, -104.9195 39.54967, -104.919 39.55168, -104.9185 39.54697, -104.918 39.53614, -104.9175 39.5206, -104.917 39.50242, -104.9165 39.48403, -104.916 39.46789, -104.9155 39.45616, -104.915 39.45042, -104.9145 39.45145, -104.914 39.45909, -104.9135 39.47233, -104.913 39.48939, -104.9125 39.50798, -104.912 39.52562, -104.9115 39.53994, -104.911 39.54906, -104.9105 39.55178, -104.91 39.5478, -104.9095 39.53772, -104.909 39.52296, -104.9085 39.5056, -104.908 39.48808, -104.9075 39.47285, -104.907 39.46206, -104.9065 39.45729, -104.906 39.45929, -104.9055 39.46789, -104.905 39.48206, -104.9045 39.50002, -104.904 39.51945, -104.9035 39.53788, -104.903 39.55297, -104.9025 39.56281, -104.902 39.56625, -104.9015 39.56298, -104.901 39.55363, -104.9005 39.53964, -104.9 39.52308, -104.8995 39.50641, -104.899 39.49207, -104.8985 39.48221, -104.898 39.47838, -104.8975 39.48132, -104.897 39.49086, -104.8965 39.50593, -104.896 39.52475, -104.8955 39.545, -104.895 39.5642, -104.8945 39.58, -104.894 39.59054, -104.8935 39.59466, -104.893 39.59207, -104.8925 39.58341, -104.892 39.57014, -104.8915 39.55435, -104.891 39.53848, -104.8905 39.52499, -104.89 39.51601, -104.8895 39.51307, -104.889 39.51691, -104.8885 39.52733, -104.888 39.54326, -104.8875 39.56288, -104.887 39.5839, -104.8865 39.60381, -104.886 39.62028, -104.8855 39.63146, -104.885 39.63619, -104.8845 39.63422, -104.884 39.62619, -104.8835 39.61358, -104.883 39.59849, -104.8825 39.58337, -104.882 39.57065, -104.8815 39.56248, -104.881 39.56038, -104.8805 39.56504, -104.88 39.57627, -104.8795 39.59298, -104.879 39.61334, -104.8785 39.63503, -104.878 39.65558, -104.8775 39.67264, -104.877 39.68437, -104.8765 39.68964, -104.876 39.68821, -104.8755 39.68073, -104.875 39.6687, -104.8745 39.65423, -104.874 39.63976, -104.8735 39.62774, -104.873 39.62029, -104.8725 39.61892, -104.872 39.62432, -104.8715 39.63627, -104.871 39.65366, -104.8705 39.67466, -104.87 39.69695, -104.8695 39.71803, -104.869 39.73558, -104.8685 39.74777, -104.868 39.75348, -104.8675 39.75248, -104.867 39.74545, -104.8665 39.7339, -104.866 39.71994, -104.8655 39.70602, -104.865 39.69459, -104.8645 39.68776, -104.864 39.68702, -104.8635 39.69305, -104.863 39.70561, -104.8625 39.72357, -104.862 39.7451, -104.8615 39.76786, -104.861 39.78936, -104.8605 39.80729, -104.86 39.81982, -104.8595 39.82585, -104.859 39.82517, -104.8585 39.81848, -104.858 39.80728, -104.8575 39.79372, -104.857 39.78024, -104.8565 39.76928, -104.856 39.76294, -104.8555 39.76271, -104.855 39.76925, -104.8545 39.78229, -104.854 39.8007, -104.8535 39.82263, -104.853 39.84574, -104.8525 39.86754, -104.852 39.88572, -104.8515 39.89846, -104.851 39.90468, -104.8505 39.90419, -104.85 39.8977, -104.8495 39.88674, -104.849 39.87344, -104.8485 39.86026, -104.848 39.84963, -104.8475 39.84366, -104.847 39.84381, -104.8465 39.85071, -104.846 39.8641, -104.8455 39.88283, -104.845 39.90502, -104.8445 39.92834, -104.844 39.9503, -104.8435 39.96859, -104.843 39.98141, -104.8425 39.98769, -104.842 39.98725, -104.8415 39.98082, -104.841 39.96995, -104.8405 39.95678, -104.84 39.94376, -104.8395 39.93334, -104.839 39.92759, -104.8385 39.92797, -104.838 39.93511, -104.8375 39.94871, -104.837 39.9676, -104.8365 39.98992, -104.836 40.01331, -104.8355 40.03528, -104.835 40.05354, -104.8345 40.06629, -104.834 40.07248, -104.8335 40.07195, -104.833 40.06545, -104.8325 40.05453, -104.832 40.04134, -104.8315 40.02834, -104.831 40.01797, -104.8305 40.0123, -104.83 40.01278, -104.8295 40.02, -104.829 40.03366, -104.8285 40.05258, -104.828 40.07488, -104.8275 40.09819, -104.827 40.12003, -104.8265 40.13811, -104.826 40.15065, -104.8255 40.15661, -104.825 40.15585, -104.8245 40.14912, -104.824 40.13801, -104.8235 40.12466, -104.823 40.11154, -104.8225 40.10109, -104.822 40.09536, -104.8215 40.09578, -104.821 40.10294, -104.8205 40.11652, -104.82 40.13533, -104.8195 40.15746, -104.819 40.18055, -104.8185 40.20212, -104.818 40.21988, -104.8175 40.23207, -104.817 40.23766, -104.8165 40.23652, -104.816 40.22943, -104.8155 40.21798, -104.815 40.20434, -104.8145 40.19096, -104.814 40.18028, -104.8135 40.17435, -104.813 40.17458, -104.8125 40.18155, -104.812 40.19491, -104.8115 40.21347, -104.811 40.23529, -104.8105 40.25803, -104.81 40.27919, -104.8095 40.2965, -104.809 40.30819, -104.8085 40.31328, -104.808 40.31163, -104.8075 40.30405, -104.807 40.29214, -104.8065 40.27806, -104.806 40.2643, -104.8055 40.25326, -104.805 40.247, -104.8045 40.24691, -104.804 40.25356, -104.8035 40.26658, -104.803 40.28475, -104.8025 40.30614, -104.802 40.32839, -104.8015 40.34902, -104.801 40.36575, -104.8005 40.37684, -104.8 40.38129, -104.7995 40.37901, -104.799 40.37082, -104.7985 40.35832, -104.798 40.3437, -104.7975 40.32943, -104.797 40.31792, -104.7965 40.31121, -104.796 40.31069, -104.7955 40.31689, -104.795 40.32945, -104.7945 40.34712, -104.794 40.36797, -104.7935 40.38963, -104.793 40.40961, -104.7925 40.42565, -104.792 40.43602, -104.7915 40.43973, -104.791 40.43672, -104.7905 40.42781, -104.79 40.41462, -104.7895 40.39935, -104.789 40.38446, -104.7885 40.37238, -104.788 40.36512, -104.7875 40.36407, -104.787 40.36973, -104.7865 40.38173, -104.786 40.39881, -104.7855 40.41902, -104.785 40.43999, -104.7845 40.45923, -104.784 40.47448, -104.7835 40.48403, -104.783 40.48692, -104.7825 40.48308, -104.782 40.47336, -104.7815 40.4594, -104.781 40.44339, -104.7805 40.42781, -104.78 40.41507, -104.7795 40.40718, -104.779 40.40551, -104.7785 40.41056, -104.778 40.42192, -104.7775 40.43832, -104.777 40.45782, -104.7765 40.47802, -104.776 40.49644, -104.7755 40.51084, -104.775 40.5195, -104.7745 40.52149, -104.774 40.51675, -104.7735 40.50616, -104.773 40.49136, -104.7725 40.47455, -104.772 40.45821, -104.7715 40.44475, -104.771 40.43617, -104.7705 40.43382, -104.77 40.43819, -104.7695 40.44886, -104.769 40.46453, -104.7685 40.48325, -104.768 40.50263, -104.7675 40.52018, -104.767 40.53367, -104.7665 40.5414, -104.766 40.54244, -104.7655 40.53677, -104.765 40.52526, -104.7645 40.50956, -104.764 40.49191, -104.7635 40.47478, -104.763 40.46056, -104.7625 40.45125, -104.762 40.44819, -104.7615 40.45185, -104.761 40.46178, -104.7605 40.47669, -104.76 40.4946, -104.7595 40.51313, -104.759 40.52979, -104.7585 40.54234, -104.758 40.54911, -104.7575 40.54917, -104.757 40.54254, -104.7565 40.53008, -104.756 40.51349, -104.7555 40.49498, -104.755 40.47703, -104.7545 40.46203, -104.754 40.45199, -104.7535 40.4482, -104.753 40.45113, -104.7525 40.46032, -104.752 40.47446, -104.7515 40.49156, -104.751 40.50922, -104.7505 40.52498, -104.75 40.53659, -104.7495 40.54239, -104.749 40.54149, -104.7485 40.53389, -104.748 40.5205, -104.7475 40.50301, -104.747 40.48364, -104.7465 40.46488, -104.746 40.44913, -104.7455 40.43835, -104.745 40.43385, -104.7445 40.43606, -104.744 40.44452, -104.7435 40.4579, -104.743 40.47421, -104.7425 40.49103, -104.742 40.5059, -104.7415 40.5166, -104.741 40.52146, -104.7405 40.51961, -104.74 40.51107, -104.7395 40.49677, -104.739 40.47841, -104.7385 40.45822, -104.738 40.43869, -104.7375 40.4222, -104.737 40.41073, -104.7365 40.40554, -104.736 40.40708, -104.7355 40.41486, -104.735 40.42752, -104.7345 40.44306, -104.734 40.45909, -104.7335 40.47312, -104.733 40.48294, -104.7325 40.48691, -104.732 40.48416, -104.7315 40.47474, -104.731 40.45958, -104.7305 40.4404, -104.73 40.41944, -104.7295 40.39919, -104.729 40.38203, -104.7285 40.36991, -104.728 40.36411, -104.7275 40.36504, -104.727 40.37218, -104.7265 40.38418, -104.726 40.39904, -104.7255 40.41433, -104.725 40.42758, -104.7245 40.43659, -104.724 40.43973, -104.7235 40.43616, -104.723 40.42592, -104.7225 40.40998, -104.722 40.39006, -104.7215 40.36841, -104.721 40.34752, -104.7205 40.32976, -104.72 40.31708, -104.7195 40.31074, -104.719 40.31113, -104.7185 40.31773, -104.718 40.32916, -104.7175 40.3434, -104.717 40.35804, -104.7165 40.37061, -104.716 40.3789, -104.7155 40.38131, -104.715 40.37699, -104.7145 40.36603, -104.714 40.3494, -104.7135 40.32883, -104.713 40.30659, -104.7125 40.28515, -104.712 40.26689, -104.7115 40.25376, -104.711 40.24698, -104.7105 40.24693, -104.71 40.25308, -104.7095 40.26404, -104.709 40.27778, -104.7085 40.29187, -104.708 40.30385, -104.7075 40.31153, -104.707 40.31331, -104.7065 40.30836, -104.706 40.29679, -104.7055 40.27958, -104.705 40.25848, -104.7045 40.23575, -104.704 40.21388, -104.7035 40.19524, -104.703 40.18176, -104.7025 40.17465, -104.702 40.17429, -104.7015 40.18011, -104.701 40.19071, -104.7005 40.20406, -104.7 40.21772, -104.6995 40.22924, -104.699 40.23643, -104.6985 40.2377, -104.698 40.23225, -104.6975 40.22019, -104.697 40.20252, -104.6965 40.18101, -104.696 40.15792, -104.6955 40.13575, -104.695 40.11685, -104.6945 40.10315, -104.694 40.09585, -104.6935 40.0953, -104.693 40.10092, -104.6925 40.1113, -104.692 40.12439, -104.6915 40.13775, -104.691 40.14894, -104.6905 40.15577, -104.69 40.15666, -104.6895 40.15084, -104.689 40.13842, -104.6885 40.12044, -104.688 40.09865, -104.6875 40.07534, -104.687 40.05301, -104.6865 40.03399, -104.686 40.02021, -104.6855 40.01286, -104.685 40.01225, -104.6845 40.01781, -104.684 40.0281, -104.6835 40.04107, -104.683 40.05428, -104.6825 40.06527, -104.682 40.07188, -104.6815 40.07254, -104.681 40.06648, -104.6805 40.05385, -104.68 40.03569, -104.6795 40.01377, -104.679 39.99039, -104.6785 39.96802, -104.678 39.94904, -104.6775 39.93532, -104.677 39.92805, -104.6765 39.92753, -104.676 39.93317, -104.6755 39.94352, -104.675 39.95651, -104.6745 39.9697, -104.674 39.98064, -104.6735 39.98718, -104.673 39.98774, -104.6725 39.9816, -104.672 39.96891, -104.6715 39.95071, -104.671 39.92881, -104.6705 39.90549, -104.67 39.88325, -104.6695 39.86443, -104.669 39.85092, -104.6685 39.84388, -104.668 39.8436, -104.6675 39.84946, -104.667 39.86001, -104.6665 39.87316, -104.666 39.88648, -104.6655 39.89752, -104.665 39.90411, -104.6645 39.90474, -104.664 39.89865, -104.6635 39.88603, -104.663 39.86794, -104.6625 39.84619, -104.662 39.82309, -104.6615 39.80111, -104.661 39.78261, -104.6605 39.76945, -104.66 39.76278, -104.6595 39.76287, -104.659 39.7691, -104.6585 39.77998, -104.658 39.79344, -104.6575 39.80703, -104.657 39.81829, -104.6565 39.82509, -104.656 39.8259, -104.6555 39.82001, -104.655 39.8076, -104.6545 39.78976, -104.654 39.76831, -104.6535 39.74555, -104.653 39.72398, -104.6525 39.70592, -104.652 39.69324, -104.6515 39.68708, -104.651 39.68768, -104.6505 39.6944, -104.65 39.70576, -104.6495 39.71965, -104.649 39.73363, -104.6485 39.74526, -104.648 39.75239, -104.6475 39.75352, -104.647 39.74795, -104.6465 39.73588, -104.646 39.71842, -104.6455 39.69739, -104.645 39.6751, -104.6445 39.65406, -104.644 39.63657, -104.6435 39.6245, -104.643 39.61896, -104.6425 39.6202, -104.642 39.62754, -104.6415 39.63948, -104.641 39.65393, -104.6405 39.66843, -104.64 39.68053, -104.6395 39.68811, -104.639 39.68968, -104.6385 39.68454, -104.638 39.67293, -104.6375 39.65596, -104.637 39.63546, -104.6365 39.61377, -104.636 39.59336, -104.6355 39.57656, -104.635 39.5652, -104.6345 39.5604, -104.634 39.56238, -104.6335 39.57044, -104.633 39.58308, -104.6325 39.59818, -104.632 39.6133, -104.6315 39.62598, -104.631 39.63411, -104.6305 39.63621, -104.63 39.63162, -104.6295 39.62056, -104.629 39.60418, -104.6285 39.58431, -104.628 39.5633, -104.6275 39.54362, -104.627 39.5276, -104.6265 39.51706, -104.626 39.51308, -104.6255 39.51588, -104.625 39.52476, -104.6245 39.53818, -104.624 39.55403, -104.6235 39.56984, -104.623 39.58318, -104.6225 39.59195, -104.622 39.59467, -104.6215 39.59069, -104.621 39.58027, -104.6205 39.56455, -104.62 39.5454, -104.6195 39.52515, -104.619 39.50628, -104.6185 39.49111, -104.618 39.48145, -104.6175 39.47837, -104.617 39.48207, -104.6165 39.49182, -104.616 39.50609, -104.6155 39.52274, -104.615 39.53932, -104.6145 39.55339, -104.614 39.56285, -104.6135 39.56625, -104.613 39.56295, -104.6125 39.55322, -104.612 39.53823, -104.6115 39.51984, -104.611 39.5004, -104.6105 39.48239, -104.61 39.46812, -104.6095 39.45939, -104.609 39.45726, -104.6085 39.4619, -104.608 39.47258, -104.6075 39.48774, -104.607 39.50525, -104.6065 39.52263, -104.606 39.53746, -104.6055 39.54766, -104.605 39.55177, -104.6045 39.54918, -104.604 39.54018, -104.6035 39.52594, -104.603 39.50835, -104.6025 39.48976, -104.602 39.47264, -104.6015 39.45931, -104.601 39.45154, -104.6005 39.45038, -104.6 39.45598, -104.5995 39.4676, -104.599 39.48368, -104.5985 39.50205, -104.598 39.52025, -104.5975 39.53586, -104.597 39.54681, -104.5965 39.55165, -104.596 39.54978, -104.5955 39.54152, -104.595 39.52805, -104.5945 39.51127, -104.594 39.49353, -104.5935 39.47731, -104.593 39.46491, -104.5925 39.4581, -104.592 39.45791, -104.5915 39.46448, -104.591 39.47704, -104.5905 39.49402, -104.59 39.51325, -104.5895 39.53227, -104.589 39.54865, -104.5885 39.56033, -104.588 39.56589, -104.5875 39.56473, -104.587 39.5572, -104.5865 39.54448, -104.586 39.52849, -104.5855 39.51158, -104.585 39.49624, -104.5845 39.48475, -104.584 39.47888, -104.5835 39.47964, -104.583 39.48715, -104.5825 39.50063, -104.582 39.51848, -104.5815 39.53854, -104.581 39.55835, -104.5805 39.57546, -104.58 39.58785, -104.5795 39.59408, -104.579 39.5936, -104.5785 39.58675, -104.578 39.57475, -104.5775 39.55951, -104.577 39.54339, -104.5765 39.52889, -104.576 39.51827, -104.5755 39.51329, -104.575 39.51495, -104.5745 39.52335, -104.574 39.53769, -104.5735 39.55637, -104.573 39.5772, -104.5725 39.59773, -104.572 39.61553, -104.5715 39.62856, -104.571 39.63541, -104.5705 39.63555, -104.57 39.62933, -104.5695 39.61798, -104.569 39.60342, -104.5685 39.58804, -104.568 39.5743, -104.5675 39.56448, -104.567 39.56033, -104.5665 39.56281, -104.566 39.57203, -104.5655 39.58716, -104.565 39.60659, -104.5645 39.62813, -104.564 39.64931, -104.5635 39.66771, -104.563 39.6813, -104.5625 39.6887, -104.562 39.68937, -104.5615 39.68369, -104.561 39.67291, -104.5605 39.65896, -104.56 39.64421, -104.5595 39.63116, -104.559 39.62206, -104.5585 39.61864, -104.558 39.62186, -104.5575 39.63181, -104.557 39.64763, -104.5565 39.66772, -104.556 39.68986, -104.5555 39.71159, -104.555 39.7305, -104.5545 39.74455, -104.554 39.75239, -104.5535 39.7535, -104.553 39.74826, -104.5525 39.73795, -104.552 39.7245, -104.5515 39.7103, -104.551 39.69782, -104.5505 39.68933, -104.55 39.68654, -104.5495 39.69039, -104.549 39.70095, -104.5485 39.71736, -104.548 39.73799, -104.5475 39.76063, -104.547 39.7828, -104.5465 39.80209, -104.546 39.8165, -104.5455 39.82467, -104.545 39.82609, -104.5445 39.82118, -104.544 39.81122, -104.5435 39.79815, -104.543 39.78437, -104.5425 39.77236, -104.542 39.76435, -104.5415 39.76206, -104.541 39.76643, -104.5405 39.77748, -104.54 39.79435, -104.5395 39.8154, -104.539 39.8384, -104.5385 39.86088, -104.538 39.88044, -104.5375 39.89507, -104.537 39.90344, -104.5365 39.90505, -104.536 39.90034, -104.5355 39.89059, -104.535 39.87778, -104.5345 39.86429, -104.534 39.8526, -104.5335 39.84495, -104.533 39.84304, -104.5325 39.84778, -104.532 39.85919, -104.5315 39.87639, -104.531 39.89772, -104.5305 39.92095, -104.53 39.9436, -104.5295 39.96329, -104.529 39.978, -104.5285 39.98643, -104.528 39.98809, -104.5275 39.98344, -104.527 39.97378, -104.5265 39.96108, -104.526 39.94774, -104.5255 39.93624, -104.525 39.92881, -104.5245 39.92713, -104.524 39.9321, -104.5235 39.94373, -104.523 39.96111, -104.5225 39.98258, -104.522 40.00589, -104.5215 40.02858, -104.521 40.04825, -104.5205 40.06291, -104.52 40.07125, -104.5195 40.07282, -104.519 40.06809, -104.5185 40.05836, -104.518 40.04564, -104.5175 40.03231, -104.517 40.02085, -104.5165 40.0135, -104.516 40.01191, -104.5155 40.01697, -104.515 40.02867, -104.5145 40.04609, -104.514 40.06755, -104.5135 40.09081, -104.513 40.11338, -104.5125 40.13288, -104.512 40.14734, -104.5115 40.15546, -104.511 40.15679, -104.5105 40.15183, -104.51 40.1419, -104.5095 40.12901, -104.509 40.11555, -104.5085 40.10399, -104.508 40.09657, -104.5075 40.09492, -104.507 40.09993, -104.5065 40.11156, -104.506 40.12888, -104.5055 40.15019, -104.505 40.17324, -104.5045 40.19556, -104.504 40.21476, -104.5035 40.22887, -104.503 40.23662, -104.5025 40.23758, -104.502 40.23225, -104.5015 40.22198, -104.501 40.20878, -104.5005 40.19504, -104.5 40.18325, -104.4995 40.17562, -104.499 40.17378, -104.4985 40.1786, -104.498 40.19002, -104.4975 40.2071, -104.497 40.22812, -104.4965 40.25084, -104.496 40.27277, -104.4955 40.29152, -104.495 40.30516, -104.4945 40.3124, -104.494 40.31285, -104.4935 40.30703, -104.493 40.29628, -104.4925 40.28263, -104.492 40.2685, -104.4915 40.25634, -104.491 40.24837, -104.4905 40.24622, -104.49 40.25071, -104.4895 40.26179, -104.489 40.2785, -104.4885 40.29911, -104.488 40.32137, -104.4875 40.34277, -104.487 40.36097, -104.4865 40.374, -104.486 40.38061, -104.4855 40.38043, -104.485 40.37399, -104.4845 40.36265, -104.484 40.34844, -104.4835 40.33378, -104.483 40.32115, -104.4825 40.31272, -104.482 40.31013, -104.4815 40.31419, -104.481 40.32482, -104.4805 40.34104, -104.48 40.36113, -104.4795 40.3828, -104.479 40.40358, -104.4785 40.42109, -104.478 40.43341, -104.4775 40.43929, -104.477 40.43837, -104.4765 40.4312, -104.476 40.41916, -104.4755 40.40429, -104.475 40.38901, -104.4745 40.37579, -104.474 40.36681, -104.4735 40.36368, -104.473 40.3672, -104.4725 40.37728, -104.472 40.39292, -104.4715 40.41238, -104.471 40.43338, -104.4705 40.45343, -104.47 40.47017, -104.4695 40.48169, -104.469 40.48674, -104.4685 40.485, -104.468 40.47701, -104.4675 40.46418, -104.467 40.44856, -104.4665 40.43257, -104.466 40.41868, -104.4655 40.40907, -104.465 40.40532, -104.4645 40.40823, -104.464 40.41767, -104.4635 40.43266, -104.463 40.45141, -104.4625 40.47166, -104.462 40.49091, -104.4615 40.50681, -104.461 40.51744, -104.4605 40.5216, -104.46 40.51896, -104.4595 40.51009, -104.459 40.4964, -104.4585 40.47997, -104.458 40.46321, -104.4575 40.44859, -104.457 40.43828, -104.4565 40.43385, -104.456 40.43608, -104.4555 40.44484, -104.455 40.4591, -104.4545 40.4771, -104.454 40.49654, -104.4535 40.51493, -104.453 40.52994, -104.4525 40.53964, -104.452 40.54286, -104.4515 40.53927, -104.451 40.52947, -104.4505 40.51489, -104.45 40.4976, -104.4495 40.48003, -104.449 40.46464, -104.4485 40.45359, -104.448 40.44844, -104.4475 40.44996, -104.447 40.458, -104.4465 40.47151, -104.446 40.48871, -104.4455 40.50731, -104.445 40.52483, -104.4445 40.5389, -104.444 40.54765, -104.4435 40.5499, -104.443 40.54534, -104.4425 40.53459, -104.442 40.5191, -104.4415 40.50093, -104.441 40.48253, -104.4405 40.46636, -104.44 40.45455, -104.4395 40.44868, -104.439 40.44948, -104.4385 40.45678, -104.438 40.46953, -104.4375 40.48593, -104.437 40.50369, -104.4365 40.52031, -104.436 40.53346, -104.4355 40.54125, -104.435 40.54252, -104.4345 40.537, -104.434 40.52531, -104.4335 40.5089, -104.433 40.48986, -104.4325 40.47064, -104.432 40.45369, -104.4315 40.44115, -104.431 40.43455, -104.4305 40.43464, -104.43 40.44122, -104.4295 40.45322, -104.429 40.46884, -104.4285 40.48577, -104.428 40.50152, -104.4275 40.51376, -104.427 40.52061, -104.4265 40.52094, -104.426 40.51448, -104.4255 40.50186, -104.425 40.48457, -104.4245 40.4647, -104.424 40.44469, -104.4235 40.42699, -104.423 40.41374, -104.4225 40.40647, -104.422 40.40588, -104.4215 40.41177, -104.421 40.42307, -104.4205 40.43794, -104.42 40.45408, -104.4195 40.46901, -104.419 40.48038, -104.4185 40.48635, -104.418 40.48578, -104.4175 40.47842, -104.417 40.46494, -104.4165 40.44682, -104.416 40.42616, -104.4155 40.40541, -104.415 40.38703, -104.4145 40.37313, -104.414 40.36523, -104.4135 40.36403, -104.413 40.3693, -104.4125 40.37994, -104.412 40.39414, -104.4115 40.40956, -104.411 40.42372, -104.4105 40.4343, -104.41 40.43944, -104.4095 40.43804, -104.409 40.42986, -104.4085 40.41559, -104.408 40.39671, -104.4075 40.37534, -104.407 40.35394, -104.4065 40.33494, -104.406 40.32048, -104.4055 40.31203, -104.405 40.31029, -104.4045 40.31502, -104.404 40.32511, -104.4035 40.3387, -104.403 40.35349, -104.4025 40.36697, -104.402 40.37684, -104.4015 40.38125, -104.401 40.37911, -104.4005 40.3702, -104.4 40.35522, -104.3995 40.33568, -104.399 40.3137, -104.3985 40.29174, -104.398 40.27223, -104.3975 40.25729, -104.397 40.24841, -104.3965 40.24623, -104.396 40.25052, -104.3955 40.26014, -104.395 40.27324, -104.3945 40.28749, -104.394 40.3004, -104.3935 40.30966, -104.393 40.31345, -104.3925 40.31068, -104.392 40.30115, -104.3915 40.28558, -104.391 40.26549, -104.3905 40.24301, -104.39 40.2206, -104.3895 40.2007, -104.389 40.1854, -104.3885 40.17618, -104.388 40.17369, -104.3875 40.17765, -104.387 40.18693, -104.3865 40.19965, -104.386 40.21349, -104.3855 40.22595, -104.385 40.23472, -104.3845 40.238, -104.384 40.23473, -104.3835 40.2247, -104.383 40.20866, -104.3825 40.18815, -104.382 40.16529, -104.3815 40.14256, -104.381 40.12239, -104.3805 40.10686, -104.38 40.09745, -104.3795 40.09476, -104.379 40.09853, -104.3785 40.10759, -104.378 40.12007, -104.3775 40.13362, -104.377 40.14575, -104.3765 40.15418, -104.376 40.15709, -104.3755 40.15343, -104.375 40.14305, -104.3745 40.12668, -104.374 40.10587, -104.3735 40.08278, -104.373 40.05987, -104.3725 40.03956, -104.372 40.02394, -104.3715 40.01446, -104.371 40.01173, -104.3705 40.01544, -104.37 40.02442, -104.3695 40.03679, -104.369 40.05019, -104.3685 40.06215, -104.368 40.07036, -104.3675 40.07304, -104.367 40.06915, -104.3665 40.05854, -104.366 40.04198, -104.3655 40.02103, -104.365 39.99784, -104.3645 39.97489, -104.364 39.95459, -104.3635 39.93903, -104.363 39.92963, -104.3625 39.92698, -104.362 39.93078, -104.3615 39.93983, -104.361 39.95223, -104.3605 39.96563, -104.36 39.97754, -104.3595 39.98568, -104.359 39.98827, -104.3585 39.9843, -104.358 39.97361, -104.3575 39.95701, -104.357 39.93605, -104.3565 39.91292, -104.356 39.89007, -104.3555 39.86993, -104.355 39.85456, -104.3545 39.84538, -104.354 39.84298, -104.3535 39.847, -104.353 39.85626, -104.3525 39.86884, -104.352 39.88238, -104.3515 39.89439, -104.351 39.9026, -104.3505 39.90525, -104.35 39.90132, -104.3495 39.89071, -104.349 39.8742, -104.3485 39.85339, -104.348 39.83044, -104.3475 39.80784, -104.347 39.788, -104.3465 39.77297, -104.346 39.76416, -104.3455 39.76213, -104.345 39.76652, -104.3445 39.77613, -104.344 39.78902, -104.3435 39.80284, -104.343 39.81509, -104.3425 39.82352, -104.342 39.82636, -104.3415 39.82262, -104.341 39.81221, -104.3405 39.79594, -104.34 39.7754, -104.3395 39.75279, -104.339 39.73057, -104.3385 39.71116, -104.338 39.69661, -104.3375 39.6883, -104.337 39.68677, -104.3365 39.69167, -104.336 39.70176, -104.3355 39.7151, -104.335 39.72932, -104.3345 39.74195, -104.334 39.75071, -104.3335 39.75387, -104.333 39.75046, -104.3325 39.74038, -104.332 39.72447, -104.3315 39.70434, -104.331 39.68219, -104.3305 39.66048, -104.33 39.64163, -104.3295 39.62767, -104.329 39.61998, -104.3285 39.61909, -104.328 39.62461, -104.3275 39.6353, -104.327 39.6492, -104.3265 39.66396, -104.326 39.67707, -104.3255 39.68629, -104.325 39.68989, -104.3245 39.68691, -104.324 39.67728, -104.3235 39.66185, -104.323 39.64224, -104.3225 39.62066, -104.322 39.59957, -104.3215 39.58139, -104.321 39.56815, -104.3205 39.56119, -104.32 39.56104, -104.3195 39.56729, -104.319 39.57868, -104.3185 39.59325, -104.318 39.60863, -104.3175 39.62234, -104.317 39.63212, -104.3165 39.63626, -104.316 39.63381, -104.3155 39.62473, -104.315 39.60987, -104.3145 39.59088, -104.314 39.56997, -104.3135 39.5496, -104.313 39.53218, -104.3125 39.51974, -104.312 39.5136, -104.3115 39.51428, -104.311 39.52135, -104.3105 39.53353, -104.31 39.54886, -104.3095 39.56496, -104.309 39.57934, -104.3085 39.58976, -104.308 39.59452, -104.3075 39.59269, -104.307 39.58424, -104.3065 39.57004, -104.306 39.55174, -104.3055 39.53157, -104.305 39.51199, -104.3045 39.49542, -104.304 39.48384, -104.3035 39.4786, -104.303 39.48018, -104.3025 39.48813, -104.302 39.50117, -104.3015 39.51733, -104.301 39.5342, -104.3005 39.54932, -104.3 39.56044, -104.2995 39.56588, -104.299 39.56473, -104.2985 39.55696, -104.298 39.54347, -104.2975 39.52593, -104.297 39.50655, -104.2965 39.48782, -104.296 39.47214, -104.2955 39.46149, -104.295 39.4572, -104.2945 39.45972, -104.294 39.4686, -104.2935 39.48255, -104.293 39.49956, -104.2925 39.51726, -104.292 39.53315, -104.2915 39.54502, -104.291 39.55118, -104.2905 39.55073, -104.29 39.54369, -104.2895 39.53094, -104.289 39.51418, -104.2885 39.49564, -104.288 39.47779, -104.2875 39.46302, -104.287 39.45333, -104.2865 39.45, -104.286 39.45349, -104.2855 39.46333, -104.285 39.4782, -104.2845 39.49609, -104.284 39.51462, -104.2835 39.53131, -104.283 39.54393, -104.2825 39.55082, -104.282 39.5511, -104.2815 39.54479, -104.281 39.5328, -104.2805 39.51684, -104.28 39.49913, -104.2795 39.48216, -104.279 39.46832, -104.2785 39.45958, -104.278 39.45722, -104.2775 39.46168, -104.277 39.47247, -104.2765 39.48825, -104.276 39.50703, -104.2755 39.52639, -104.275 39.54386, -104.2745 39.55722, -104.274 39.56484, -104.2735 39.56583, -104.273 39.56023, -104.2725 39.54899, -104.272 39.5338, -104.2715 39.51691, -104.271 39.50081, -104.2705 39.48787, -104.27 39.48006, -104.2695 39.47865, -104.269 39.48405, -104.2685 39.49577, -104.268 39.51244, -104.2675 39.53206, -104.267 39.55222, -104.2665 39.57044, -104.266 39.58452, -104.2655 39.59281, -104.265 39.59448, -104.2645 39.58957, -104.264 39.57903, -104.2635 39.56458, -104.263 39.54847, -104.2625 39.53319, -104.262 39.52111, -104.2615 39.51418, -104.261 39.51367, -104.2605 39.51997, -104.26 39.53256, -104.2595 39.55007, -104.259 39.57048, -104.2585 39.59138, -104.258 39.61029, -104.2575 39.62503, -104.257 39.63395, -104.2565 39.63623, -104.256 39.63194, -104.2555 39.62204, -104.255 39.60827, -104.2545 39.59288, -104.254 39.57835, -104.2535 39.56707, -104.253 39.56096, -104.2525 39.56128, -104.252 39.5684, -104.2515 39.58178, -104.251 39.60006, -104.2505 39.62119, -104.25 39.64275, -104.2495 39.66228, -104.249 39.67759, -104.2485 39.68706, -104.248 39.68988, -104.2475 39.68613, -104.247 39.67679, -104.2465 39.66361, -104.246 39.64884, -104.2455 39.63499, -104.245 39.62441, -104.2445 39.61903, -104.244 39.62009, -104.2435 39.62794, -104.243 39.64204, -104.2425 39.66098, -104.242 39.68273, -104.2415 39.70487, -104.241 39.72492, -104.2405 39.7407, -104.24 39.75062, -104.2395 39.75387, -104.239 39.75056, -104.2385 39.74168, -104.238 39.72898, -104.2375 39.71475, -104.237 39.70146, -104.2365 39.69148, -104.236 39.68673, -104.2355 39.68842, -104.235 39.6969, -104.2345 39.71159, -104.234 39.73109, -104.2335 39.75335, -104.233 39.77594, -104.2325 39.79639, -104.232 39.81254, -104.2315 39.82279, -104.231 39.82636, -104.2305 39.82337, -104.23 39.81483, -104.2295 39.80251, -104.229 39.78869, -104.2285 39.77585, -104.228 39.76635, -104.2275 39.7621, -104.227 39.76429, -104.2265 39.77327, -104.226 39.78843, -104.2255 39.80837, -104.225 39.83101, -104.2245 39.85393, -104.224 39.87466, -104.2235 39.89104, -104.223 39.9015, -104.2225 39.90526, -104.222 39.90246, -104.2215 39.89413, -104.221 39.88205, -104.2205 39.86851, -104.22 39.85598, -104.2195 39.84683, -104.219 39.84295, -104.2185 39.84553, -104.218 39.85487, -104.2175 39.87037, -104.217 39.8906, -104.2165 39.91349, -104.216 39.9366, -104.2155 39.95747, -104.215 39.97395, -104.2145 39.98447, -104.214 39.98829, -104.2135 39.98554, -104.213 39.97729, -104.2125 39.96531, -104.212 39.95191, -104.2115 39.93956, -104.211 39.93062, -104.2105 39.92697, -104.21 39.92978, -104.2095 39.93934, -104.209 39.95504, -104.2085 39.97542, -104.208 39.99842, -104.2075 40.02157, -104.207 40.04244, -104.2065 40.05888, -104.206 40.06932, -104.2055 40.07305, -104.205 40.07022, -104.2045 40.06189, -104.204 40.04988, -104.2035 40.03647, -104.203 40.02416, -104.2025 40.01528, -104.202 40.01172, -104.2015 40.01461, -104.201 40.02426, -104.2005 40.04001, -104.2 40.0604, -104.1995 40.08335, -104.199 40.10642, -104.1985 40.12714, -104.198 40.14338, -104.1975 40.1536, -104.197 40.15709, -104.1965 40.15403, -104.196 40.14549, -104.1955 40.1333, -104.195 40.11974, -104.1945 40.10732, -104.194 40.09837, -104.1935 40.09475, -104.193 40.0976, -104.1925 40.10717, -104.192 40.12283, -104.1915 40.1431, -104.191 40.16586, -104.1905 40.18868, -104.19 40.20912, -104.1895 40.22502, -104.189 40.23489, -104.1885 40.238, -104.188 40.23457, -104.1875 40.22568, -104.187 40.21316, -104.1865 40.19932, -104.186 40.18665, -104.1855 40.17749, -104.185 40.17367, -104.1845 40.17633, -104.184 40.18571, -104.1835 40.20113, -104.183 40.22113, -104.1825 40.24357, -104.182 40.26602, -104.1815 40.28602, -104.181 40.30146, -104.1805 40.31083, -104.18 40.31343, -104.1795 40.3095, -104.179 40.30012, -104.1785 40.28715, -104.178 40.2729, -104.1775 40.25986, -104.177 40.25035, -104.1765 40.2462, -104.176 40.24854, -104.1755 40.25759, -104.175 40.27266, -104.1745 40.29226, -104.174 40.31425, -104.1735 40.3362, -104.173 40.35565, -104.1725 40.3705, -104.172 40.37924, -104.1715 40.38122, -104.171 40.37665, -104.1705 40.36668, -104.17 40.35313, -104.1695 40.33835, -104.169 40.32481, -104.1685 40.31484, -104.168 40.31026, -104.1675 40.31216, -104.167 40.32076, -104.1665 40.33536, -104.166 40.35444, -104.1655 40.37587, -104.165 40.39721, -104.1645 40.416, -104.164 40.43014, -104.1635 40.43816, -104.163 40.43939, -104.1625 40.4341, -104.162 40.42341, -104.1615 40.40919, -104.161 40.39377, -104.1605 40.37963, -104.16 40.3691, -104.1595 40.36397, -104.159 40.36535, -104.1585 40.3734, -104.158 40.38743, -104.1575 40.4059, -104.157 40.42667, -104.1565 40.4473, -104.156 40.46533, -104.1555 40.47868, -104.155 40.48587, -104.1545 40.48628, -104.154 40.48016, -104.1535 40.46868, -104.153 40.4537, -104.1525 40.43755, -104.152 40.42274, -104.1515 40.41156, -104.151 40.40581, -104.1505 40.40657, -104.15 40.414, -104.1495 40.42738, -104.149 40.44516, -104.1485 40.4652, -104.148 40.48503, -104.1475 40.50223, -104.147 40.51471, -104.1465 40.52102, -104.146 40.52052, -104.1455 40.51352, -104.145 40.50117, -104.1445 40.48536, -104.144 40.46843, -104.1435 40.45287, -104.143 40.44098, -104.1425 40.43456, -104.142 40.43464, -104.1415 40.44139, -104.141 40.45406, -104.1405 40.47109, -104.14 40.49034, -104.1395 40.50934, -104.139 40.52565, -104.1385 40.53721, -104.138 40.54257, -104.1375 40.54113, -104.137 40.53319, -104.1365 40.51994, -104.136 40.50326, -104.1355 40.4855, -104.135 40.46916, -104.1345 40.45653, -104.134 40.44938, -104.1335 40.44875, -104.133 40.45478, -104.1325 40.46671, -104.132 40.48296, -104.1315 40.50139, -104.131 40.51952, -104.1305 40.53492, -104.13 40.54553, -104.1295 40.54993, -104.129 40.54751, -104.1285 40.53862, -104.128 40.52443, -104.1275 40.50686, -104.127 40.48827, -104.1265 40.47113, -104.126 40.45773, -104.1255 40.44985, -104.125 40.44849, -104.1245 40.45379, -104.124 40.46497, -104.1235 40.48044, -104.123 40.49803, -104.1225 40.51529, -104.122 40.52977, -104.1215 40.53943, -104.121 40.54286, -104.1205 40.53948, -104.12 40.52963, -104.1195 40.51452, -104.119 40.49607, -104.1185 40.47663, -104.118 40.4587, -104.1175 40.44455, -104.117 40.43595, -104.1165 40.43388, -104.116 40.43846, -104.1155 40.4489, -104.115 40.4636, -104.1145 40.48038, -104.114 40.49678, -104.1135 40.51037, -104.113 40.5191, -104.1125 40.52158, -104.112 40.51725, -104.1115 40.50647, -104.111 40.49047, -104.1105 40.47116, -104.11 40.45093, -104.1095 40.43224, -104.109 40.41737, -104.1085 40.40808, -104.108 40.40533, -104.1075 40.40924, -104.107 40.41898, -104.1065 40.43295, -104.106 40.44896, -104.1055 40.46454, -104.105 40.47727, -104.1045 40.48512, -104.104 40.4867, -104.1035 40.48148, -104.103 40.46982, -104.1025 40.45297, -104.102 40.43287, -104.1015 40.41188, -104.101 40.39249, -104.1005 40.37696, -104.1 40.36704, -104.0995 40.36368, -104.099 40.36696, -104.0985 40.37607, -104.098 40.38937, -104.0975 40.40467, -104.097 40.4195, -104.0965 40.43144, -104.096 40.43848, -104.0955 40.43923, -104.095 40.43318, -104.0945 40.42072, -104.094 40.4031, -104.0935 40.38227, -104.093 40.36061, -104.0925 40.34059, -104.092 40.32449, -104.0915 40.31401, -104.091 40.31012, -104.0905 40.31286, -104.09 40.32141, -104.0895 40.33413, -104.089 40.3488, -104.0885 40.36297, -104.088 40.37421, -104.0875 40.38052, -104.087 40.38053, -104.0865 40.37375, -104.086 40.36058, -104.0855 40.34228, -104.085 40.32082, -104.0845 40.29858, -104.084 40.27804, -104.0835 40.26145, -104.083 40.25052, -104.0825 40.24619, -104.082 40.2485, -104.0815 40.2566, -104.081 40.26883, -104.0805 40.28298, -104.08 40.29658, -104.0795 40.30723, -104.079 40.31292, -104.0785 40.3123, -104.078 40.3049, -104.0775 40.29112, -104.077 40.27226, -104.0765 40.25028, -104.076 40.22758, -104.0755 40.20663, -104.075 40.18967, -104.0745 40.1784, -104.074 40.17375, -104.0735 40.17574, -104.073 40.1835, -104.0725 40.19536, -104.072 40.20911, -104.0715 40.22228, -104.071 40.23245, -104.0705 40.23764, -104.07 40.23651, -104.0695 40.2286, -104.069 40.21435, -104.0685 40.19505, -104.068 40.17268, -104.0675 40.14964, -104.067 40.1284, -104.0665 40.1112, -104.066 40.09973, -104.0655 40.09488, -104.065 40.09668, -104.0645 40.10423, -104.064 40.11586, -104.0635 40.12934, -104.063 40.14219, -104.0625 40.15202, -104.062 40.15684, -104.0615 40.15534, -104.061 40.14706, -104.0605 40.13246, -104.06 40.11286, -104.0595 40.09024, -104.059 40.06699, -104.0585 40.04561, -104.058 40.02831, -104.0575 40.01676, -104.057 40.01187, -104.0565 40.01361, -104.056 40.02109, -104.0555 40.03262, -104.055 40.04597, -104.0545 40.05864, -104.054 40.06827, -104.0535 40.07286, -104.053 40.07113, -104.0525 40.06262, -104.052 40.04782, -104.0515 40.02806, -104.051 40.00532, -104.0505 39.98202, -104.05 39.96063, -104.0495 39.94337, -104.049 39.9319, -104.0485 39.92709, -104.048 39.92893, -104.0475 39.93648, -104.047 39.94805, -104.0465 39.96141, -104.046 39.97406, -104.0455 39.98362, -104.045 39.98813, -104.0445 39.9863, -104.044 39.97771, -104.0435 39.96286, -104.043 39.94308, -104.0425 39.92038, -104.042 39.89716, -104.0415 39.87591, -104.041 39.85884, -104.0405 39.84758, -104.04 39.84301, -104.0395 39.84508, -104.039 39.85285, -104.0385 39.86461, -104.038 39.87811, -104.0375 39.89088, -104.037 39.90052, -104.0365 39.90509, -104.036 39.90331, -104.0355 39.89479, -104.035 39.88002, -104.0345 39.86036, -104.034 39.83784, -104.0335 39.81485, -104.033 39.79388, -104.0325 39.77714, -104.032 39.76624, -104.0315 39.76204, -104.031 39.76448, -104.0305 39.77261, -104.03 39.7847, -104.0295 39.79849, -104.029 39.81151, -104.0285 39.82137, -104.028 39.82614, -104.0275 39.82455, -104.027 39.81622, -104.0265 39.80168, -104.026 39.78228, -104.0255 39.76007, -104.025 39.73745, -104.0245 39.71691, -104.024 39.70062, -104.0235 39.69022, -104.023 39.68653, -104.0225 39.68947, -104.022 39.69809, -104.0215 39.71063, -104.021 39.72485, -104.0205 39.73825, -104.02 39.74846, -104.0195 39.75355, -104.019 39.75228, -104.0185 39.74428, -104.018 39.73009, -104.0175 39.71109, -104.017 39.68932, -104.0165 39.66719, -104.016 39.64719, -104.0155 39.63149, -104.015 39.6217, -104.0145 39.61864, -104.014 39.62222, -104.0135 39.63144, -104.013 39.64456, -104.0125 39.65932, -104.012 39.67322, -104.0115 39.6839, -104.011 39.68943, -104.0105 39.6886, -104.01 39.68104, -104.0095 39.66731, -104.009 39.64882, -104.0085 39.6276, -104.008 39.60608, -104.0075 39.58673, -104.007 39.57173, -104.0065 39.56267, -104.006 39.56035, -104.0055 39.56466, -104.005 39.5746, -104.0045 39.5884, -104.004 39.6038, -104.0035 39.6183, -104.003 39.62955, -104.0025 39.63563, -104.002 39.63533, -104.0015 39.62831, -104.001 39.61515, -104.0005 39.59726)
